point_id,benchmark,kernel,backend,regime,status,error,numerics_ok,max_abs_err,ts_utc,page_size,kind,distribution,total_tokens,sequences,seed,median_us,p10_us,p90_us,min_us,mean_us,repeats,warmup,unstable,graph_median_us,graph_error,l2_flush,eager_median_us,launch_overhead_us,flops,bytes_moved,kv_bytes,achieved_tflops,achieved_gbps,us_per_new_token,per_step_us,bandwidth_util,compute_util,length_cv,max_over_mean,lengths,environment_hash,git_sha,git_dirty,image_digest,config_hash,kernel_us,kernel_time_source,kernel_gbps,kernel_tflops,mean_kv
c80f1d5aea0a,attention_ragged,flash_attn_3,flash_attn_3,ragged,ok,,,,2026-09-22T01:12:04+00:00,784,ragged,uniform,4096,8,7,101.27999633550644,100.79040005803108,101.75999999046326,100.28800368309021,102.34048008918762,50,10,False,100.97600147128105,,False,101.27999633550644,0.3039948642253876,25820135424.0,117440512.0,16777216.0,254.93815519568747,1159.562759174667,0.024726561605348252,1620.479941368103,0.2711394139920996,0.35603834260847195,0.0,1.0,"[512, 512, 512, 512, 512, 512, 512, 512]",0e6e08559dbe6eaf,11630473a039827ea1d1ee5d1fe37f174e2b87b7,False,sha256:c2914767605584b6d8f45686b82de173ecc99e781897aa3d0a66dacd72c51ae1,9aff75325ea627f4,100.97600147128105,graph,1163.0536987880403,255.70566320497053,
ebfffe854abf,attention_ragged,flash_attn_3,flash_attn_3,ragged,ok,,,,2026-09-22T01:12:04+00:00,784,ragged,uniform,4096,32,7,61.24800071120262,60.32000109553337,62.67840042710304,60.15999987721443,62.0691204816103,50,10,False,60.19200012087822,,False,61.24800071120262,1.0560005903244019,6492782592.0,117440512.0,16777216.0,106.00807400415981,1917.4587029176193,0.014953125173633453,979.968011379242,0.448357473495595,0.14804743112142735,0.0,1.0,"[128, 128, 128, 128, 128, 128, 128, 128, 128, 128, 128, 128, 128, 128, 128, 128, 128, 128, 128, 128, 128, 128, 128, 128, 128, 128, 128, 128, 128, 128, 128, 128]",0e6e08559dbe6eaf,11630473a039827ea1d1ee5d1fe37f174e2b87b7,False,sha256:c2914767605584b6d8f45686b82de173ecc99e781897aa3d0a66dacd72c51ae1,9aff75325ea627f4,60.19200012087822,graph,1951.0983480222408,107.86786581208673,
f714c9d11c7a,attention_ragged,flash_attn_3,flash_attn_3,ragged,ok,,,,2026-09-22T01:12:04+00:00,784,ragged,uniform,4096,128,7,66.99199974536896,66.13759696483612,68.48319992423058,65.15199691057205,67.83360004425049,50,10,False,65.72800129652023,,False,66.99199974536896,1.2639984488487244,1660944384.0,117440512.0,16777216.0,24.79317515991629,1753.0527890849903,0.016355468687834218,1071.8719959259033,0.4099146011450352,0.03462534270385061,0.0,1.0,"[32, 32, 32, 32, 32, 32, 32, 32, 32, 32, 32, 32, 32, 32, 32, 32, 32, 32, 32, 32, 32, 32, 32, 32, 32, 32, 32, 32, 32, 32, 32, 32, 32, 32, 32, 32, 32, 32, 32, 32, 32, 32, 32, 32, 32, 32, 32, 32, 32, 32, 32, 32, 32, 32, 32, 32, 32, 32, 32, 32, 32, 32, 32, 32, 32, 32, 32, 32, 32, 32, 32, 32, 32, 32, 32, 32, 32, 32, 32, 32, 32, 32, 32, 32, 32, 32, 32, 32, 32, 32, 32, 32, 32, 32, 32, 32, 32, 32, 32, 32, 32, 32, 32, 32, 32, 32, 32, 32, 32, 32, 32, 32, 32, 32, 32, 32, 32, 32, 32, 32, 32, 32, 32, 32, 32, 32, 32, 32]",0e6e08559dbe6eaf,11630473a039827ea1d1ee5d1fe37f174e2b87b7,False,sha256:c2914767605584b6d8f45686b82de173ecc99e781897aa3d0a66dacd72c51ae1,9aff75325ea627f4,65.72800129652023,graph,1786.7653006849841,25.269966395401923,
69011ff26b24,attention_ragged,flash_attn_3,flash_attn_3,ragged,ok,,,,2026-09-22T01:12:04+00:00,784,ragged,uniform,16384,8,7,686.3359808921814,684.6399962902069,688.5024189949036,682.4960112571716,687.2288000583649,50,10,False,684.0800046920776,,False,686.3359808921814,2.2559762001037598,412518187008.0,469762048.0,67108864.0,601.0440928242749,684.4491052171668,0.041890623833751306,10981.375694274902,0.16004405783787778,0.8393986474072804,0.0,1.0,"[2048, 2048, 2048, 2048, 2048, 2048, 2048, 2048]",0e6e08559dbe6eaf,11630473a039827ea1d1ee5d1fe37f174e2b87b7,False,sha256:c2914767605584b6d8f45686b82de173ecc99e781897aa3d0a66dacd72c51ae1,9aff75325ea627f4,684.0800046920776,graph,686.7062986462413,603.0262311112065,
f827255e8e74,attention_ragged,flash_attn_3,flash_attn_3,ragged,ok,,,,2026-09-22T01:12:04+00:00,784,ragged,uniform,16384,32,7,445.0719952583313,410.7840061187744,445.8079904317856,410.3040099143982,437.6761585474014,50,10,False,387.60000467300415,,False,445.0719952583313,57.47199058532715,103280541696.0,469762048.0,67108864.0,232.05356166265486,1055.474289563732,0.02716503877309151,7121.151924133301,0.24680051001269704,0.32407846297995835,0.0,1.0,"[512, 512, 512, 512, 512, 512, 512, 512, 512, 512, 512, 512, 512, 512, 512, 512, 512, 512, 512, 512, 512, 512, 512, 512, 512, 512, 512, 512, 512, 512, 512, 512]",0e6e08559dbe6eaf,11630473a039827ea1d1ee5d1fe37f174e2b87b7,False,sha256:c2914767605584b6d8f45686b82de173ecc99e781897aa3d0a66dacd72c51ae1,9aff75325ea627f4,387.60000467300415,graph,1211.9763734170006,266.4616626698234,
8526807b635f,attention_ragged,flash_attn_3,flash_attn_3,ragged,ok,,,,2026-09-22T01:12:04+00:00,784,ragged,uniform,16384,128,7,203.67999374866486,202.03520357608795,208.76160264015198,201.47199928760529,206.06271892786026,50,10,False,199.08799976110458,,False,203.67999374866486,4.591993987560272,25971130368.0,469762048.0,67108864.0,127.50948136834496,2306.37304800624,0.012431640243448783,3258.8798999786377,0.5392969304470283,0.17807559789708297,0.0,1.0,"[128, 128, 128, 128, 128, 128, 128, 128, 128, 128, 128, 128, 128, 128, 128, 128, 128, 128, 128, 128, 128, 128, 128, 128, 128, 128, 128, 128, 128, 128, 128, 128, 128, 128, 128, 128, 128, 128, 128, 128, 128, 128, 128, 128, 128, 128, 128, 128, 128, 128, 128, 128, 128, 128, 128, 128, 128, 128, 128, 128, 128, 128, 128, 128, 128, 128, 128, 128, 128, 128, 128, 128, 128, 128, 128, 128, 128, 128, 128, 128, 128, 128, 128, 128, 128, 128, 128, 128, 128, 128, 128, 128, 128, 128, 128, 128, 128, 128, 128, 128, 128, 128, 128, 128, 128, 128, 128, 128, 128, 128, 128, 128, 128, 128, 128, 128, 128, 128, 128, 128, 128, 128, 128, 128, 128, 128, 128, 128]",0e6e08559dbe6eaf,11630473a039827ea1d1ee5d1fe37f174e2b87b7,False,sha256:c2914767605584b6d8f45686b82de173ecc99e781897aa3d0a66dacd72c51ae1,9aff75325ea627f4,199.08799976110458,graph,2359.5698814779917,130.450506304569,
830aeb87db4b,attention_ragged,flash_attn_3,flash_attn_3,ragged,ok,,,,2026-09-22T01:12:04+00:00,784,ragged,jitter,4096,8,7,105.66399991512299,104.98880222439766,106.40639811754227,104.5759990811348,106.64064034819603,50,10,False,104.72000017762184,,False,105.66399991512299,0.9439997375011444,25881722880.0,117440512.0,16777216.0,244.94362224400064,1111.4524539515517,0.025796874979278073,1690.6239986419678,0.2598898288687716,0.342080302688818,0.048886683635874326,1.07421875,"[511, 490, 550, 481, 536, 516, 479, 533]",0e6e08559dbe6eaf,11630473a039827ea1d1ee5d1fe37f174e2b87b7,False,sha256:c2914767605584b6d8f45686b82de173ecc99e781897aa3d0a66dacd72c51ae1,9aff75325ea627f4,104.72000017762184,graph,1121.4716558518157,247.15166955787305,
2f5a3ae5a23c,attention_ragged,flash_attn_3,flash_attn_3,ragged,ok,,,,2026-09-22T01:12:04+00:00,784,ragged,jitter,4096,32,7,64.7360011935234,63.6960007250309,65.63520058989525,63.1679967045784,65.41312023997307,50,10,False,63.58399987220764,,False,64.7360011935234,1.1520013213157654,6519496704.0,117440512.0,16777216.0,100.7089808422126,1814.1452952727252,0.01580468779138755,1035.7760190963745,0.4241998014897248,0.14064688982050133,0.06439391219466616,1.140625,"[126, 121, 135, 118, 132, 127, 118, 131, 117, 129, 118, 119, 129, 140, 120, 123, 135, 144, 133, 128, 146, 118, 141, 125, 121, 120, 125, 140, 122, 133, 135, 127]",0e6e08559dbe6eaf,11630473a039827ea1d1ee5d1fe37f174e2b87b7,False,sha256:c2914767605584b6d8f45686b82de173ecc99e781897aa3d0a66dacd72c51ae1,9aff75325ea627f4,63.58399987220764,graph,1847.0135920362704,102.53360463486113,
cbb89bf01810,attention_ragged,flash_attn_3,flash_attn_3,ragged,ok,,,,2026-09-22T01:12:04+00:00,784,ragged,jitter,4096,128,7,67.07200035452843,66.13759696483612,68.33599880337715,65.5680000782013,67.82208025455475,50,10,False,65.40799885988235,,False,67.07200035452843,1.6640014946460724,1667432448.0,117440512.0,16777216.0,24.86033574645611,1750.9618228058544,0.016375000086554792,1073.1520056724548,0.4094256725664685,0.034719136996438534,0.06346905003621844,1.125,"[31, 30, 33, 29, 33, 31, 29, 32, 29, 32, 29, 29, 32, 35, 30, 30, 33, 35, 33, 32, 35, 29, 35, 31, 30, 30, 31, 35, 30, 33, 33, 31, 33, 29, 29, 30, 34, 32, 31, 33, 32, 31, 34, 34, 30, 33, 32, 35, 34, 31, 35, 30, 32, 34, 30, 32, 29, 33, 34, 33, 35, 31, 34, 33, 33, 32, 35, 35, 32, 33, 29, 34, 33, 35, 35, 31, 31, 33, 29, 32, 30, 30, 29, 34, 30, 30, 31, 35, 29, 32, 33, 35, 35, 35, 31, 32, 31, 35, 35, 30, 30, 30, 30, 32, 33, 31, 29, 32, 31, 33, 36, 34, 32, 33, 34, 29, 35, 34, 35, 34, 31, 32, 29, 33, 29, 29, 30, 30]",0e6e08559dbe6eaf,11630473a039827ea1d1ee5d1fe37f174e2b87b7,False,sha256:c2914767605584b6d8f45686b82de173ecc99e781897aa3d0a66dacd72c51ae1,9aff75325ea627f4,65.40799885988235,graph,1795.506880612296,25.492791051014873,
3724d926719d,attention_ragged,flash_attn_3,flash_attn_3,ragged,ok,,,,2026-09-22T01:12:04+00:00,784,ragged,jitter,16384,8,7,685.0239932537079,683.0783784389496,724.3551969528198,682.3040246963501,696.1824011802673,50,10,False,787.7279818058014,,False,685.0239932537079,-102.7039885520935,413477953536.0,469762048.0,67108864.0,603.5963084622392,685.759991805159,0.04181054646323901,10960.383892059326,0.16035058115321027,0.8429629888257815,0.04824665990940026,1.0732421875,"[2044, 1962, 2198, 1925, 2144, 2063, 1918, 2130]",0e6e08559dbe6eaf,11630473a039827ea1d1ee5d1fe37f174e2b87b7,False,sha256:c2914767605584b6d8f45686b82de173ecc99e781897aa3d0a66dacd72c51ae1,9aff75325ea627f4,787.7279818058014,graph,596.3505916383841,524.8994108196282,
505deb18d0c3,attention_ragged,flash_attn_3,flash_attn_3,ragged,ok,,,,2026-09-22T01:12:04+00:00,784,ragged,jitter,16384,32,7,347.2000062465668,332.4128061532974,348.2591927051544,330.6559920310974,345.4150414466858,50,10,False,330.4480016231537,,False,347.2000062465668,16.752004623413086,103702659072.0,469762048.0,67108864.0,298.6827684512043,1353.0012659803779,0.02119140663126018,5555.200099945068,0.31637094886489797,0.41713064787595067,0.0639927926773667,1.12890625,"[503, 483, 541, 474, 528, 508, 472, 525, 470, 516, 474, 476, 515, 562, 480, 492, 539, 576, 533, 512, 578, 471, 565, 499, 482, 479, 501, 561, 487, 533, 540, 509]",0e6e08559dbe6eaf,11630473a039827ea1d1ee5d1fe37f174e2b87b7,False,sha256:c2914767605584b6d8f45686b82de173ecc99e781897aa3d0a66dacd72c51ae1,9aff75325ea627f4,330.4480016231537,graph,1421.5914325174872,313.8244400408376,
9c8057af009e,attention_ragged,flash_attn_3,flash_attn_3,ragged,ok,,,,2026-09-22T01:12:04+00:00,784,ragged,jitter,16384,128,7,228.2240018248558,227.38880217075348,229.5455977320671,226.49599611759186,229.11871999502182,50,10,False,217.56799519062042,,False,228.2240018248558,10.656006634235382,26076094464.0,469762048.0,67108864.0,114.25658237301165,2058.3376167442107,0.01392968761138036,3651.584029197693,0.481299050686271,0.15956702985071086,0.06382117991208791,1.109375,"[124, 119, 133, 117, 130, 125, 116, 129, 116, 127, 117, 117, 127, 138, 118, 121, 133, 142, 131, 126, 142, 116, 139, 123, 119, 118, 124, 138, 120, 131, 133, 125, 130, 117, 116, 121, 134, 127, 124, 132, 128, 123, 138, 135, 122, 131, 130, 140, 136, 123, 142, 118, 127, 136, 119, 129, 116, 134, 137, 131, 140, 124, 135, 132, 131, 128, 139, 142, 128, 134, 116, 135, 133, 142, 138, 123, 126, 134, 115, 128, 120, 118, 116, 137, 118, 122, 126, 140, 117, 128, 130, 140, 138, 140, 123, 127, 125, 140, 142, 119, 120, 121, 121, 129, 132, 122, 115, 127, 125, 131, 142, 135, 130, 132, 134, 116, 141, 137, 140, 138, 126, 126, 118, 133, 117, 117, 121, 119]",0e6e08559dbe6eaf,11630473a039827ea1d1ee5d1fe37f174e2b87b7,False,sha256:c2914767605584b6d8f45686b82de173ecc99e781897aa3d0a66dacd72c51ae1,9aff75325ea627f4,217.56799519062042,graph,2159.1505110318353,119.85262097558808,
0bec71baaef4,attention_ragged,flash_attn_3,flash_attn_3,ragged,ok,,,,2026-09-22T01:12:04+00:00,784,ragged,lognormal,4096,8,7,98.81599992513657,98.30400347709656,99.52959790825844,98.01600128412247,99.74464043974876,50,10,False,95.61599791049957,,False,98.81599992513657,3.2000020146369934,34612985856.0,117440512.0,16777216.0,350.27714016174457,1188.476684838219,0.024124999981722794,1581.055998802185,0.27790032865462866,0.4891856707015686,0.5841296981599728,1.841796875,"[500, 943, 786, 153, 176, 338, 311, 889]",0e6e08559dbe6eaf,11630473a039827ea1d1ee5d1fe37f174e2b87b7,False,sha256:c2914767605584b6d8f45686b82de173ecc99e781897aa3d0a66dacd72c51ae1,9aff75325ea627f4,95.61599791049957,graph,1228.2517002011425,361.99994365377177,
8300c6ea821c,attention_ragged,flash_attn_3,flash_attn_3,ragged,ok,,,,2026-09-22T01:12:04+00:00,784,ragged,lognormal,4096,32,7,71.58400118350983,70.64960151910782,72.20159843564034,70.36799937486649,72.51007989048958,50,10,False,70.17599791288376,,False,71.58400118350983,1.4080032706260681,11816779776.0,117440512.0,16777216.0,165.07570938521565,1640.5972013066762,0.01747656278894283,1145.3440189361572,0.38361922219370387,0.23053937112440578,0.9090616741681536,4.5546875,"[76, 144, 120, 23, 27, 52, 47, 136, 259, 54, 18, 29, 159, 119, 42, 187, 50, 97, 583, 39, 154, 189, 61, 34, 315, 278, 249, 140, 95, 236, 60, 24]",0e6e08559dbe6eaf,11630473a039827ea1d1ee5d1fe37f174e2b87b7,False,sha256:c2914767605584b6d8f45686b82de173ecc99e781897aa3d0a66dacd72c51ae1,9aff75325ea627f4,70.17599791288376,graph,1673.5139576609974,168.38776971393142,
f8c2215d48be,attention_ragged,flash_attn_3,flash_attn_3,ragged,ok,,,,2026-09-22T01:12:05+00:00,784,ragged,lognormal,4096,128,7,118.1119978427887,117.04959720373154,119.0175972878933,116.44800007343292,118.81919965147972,50,10,False,116.80000275373459,,False,118.1119978427887,1.3119950890541077,4858773504.0,117440512.0,16777216.0,41.13700210597743,994.3148379923057,0.028835936973337084,1889.7919654846191,0.2324996558951004,0.05745060027774603,1.4090683563306998,10.65625,"[15, 28, 24, 5, 5, 10, 9, 27, 51, 11, 4, 6, 31, 23, 8, 37, 10, 19, 115, 8, 30, 37, 12, 7, 62, 55, 49, 28, 19, 46, 12, 5, 11, 9, 5, 6, 44, 11, 3, 10, 9, 26, 5, 13, 23, 30, 16, 3, 12, 16, 7, 27, 11, 16, 19, 15, 42, 23, 23, 201, 167, 11, 28, 15, 175, 8, 17, 7, 6, 88, 73, 12, 11, 181, 66, 79, 49, 5, 82, 1, 34, 10, 12, 43, 9, 44, 12, 7, 11, 13, 96, 4, 22, 22, 19, 7, 51, 12, 33, 5, 12, 55, 33, 76, 32, 23, 18, 11, 341, 60, 130, 42, 7, 8, 3, 30, 15, 8, 22, 10, 25, 6, 33, 9, 14, 5, 45, 32]",0e6e08559dbe6eaf,11630473a039827ea1d1ee5d1fe37f174e2b87b7,False,sha256:c2914767605584b6d8f45686b82de173ecc99e781897aa3d0a66dacd72c51ae1,9aff75325ea627f4,116.80000275373459,graph,1005.4838119106546,41.599087238417425,
a23b22d78ccd,attention_ragged,flash_attn_3,flash_attn_3,ragged,ok,,,,2026-09-22T01:12:05+00:00,784,ragged,lognormal,16384,8,7,873.8240003585815,871.7631876468658,997.519987821579,870.2080249786377,900.9171187877655,50,10,False,1016.0319805145264,,False,873.8240003585815,-142.20798015594482,553318588416.0,469762048.0,67108864.0,633.2151419381257,537.5934373595014,0.05333398439688608,13981.184005737305,0.12570494215888942,0.8843276891102736,0.5843679641871266,1.8427734375,"[2000, 3774, 3146, 612, 703, 1351, 1244, 3554]",0e6e08559dbe6eaf,11630473a039827ea1d1ee5d1fe37f174e2b87b7,False,sha256:c2914767605584b6d8f45686b82de173ecc99e781897aa3d0a66dacd72c51ae1,9aff75325ea627f4,1016.0319805145264,graph,462.3496671454268,544.5877679320638,
a1600f3daf75,attention_ragged,flash_attn_3,flash_attn_3,ragged,ok,,,,2026-09-22T01:12:05+00:00,784,ragged,lognormal,16384,32,7,468.84800493717194,450.55360198020935,472.2367972135544,449.3759870529175,462.84607887268066,50,10,False,434.83200669288635,,False,468.84800493717194,34.01599824428558,188376293376.0,469762048.0,67108864.0,401.78542169811175,1001.9495509273854,0.02861621123884106,7501.568078994751,0.23428487327539022,0.5611204627876806,0.9085909107849421,4.5546875,"[305, 576, 480, 93, 107, 206, 190, 542, 1035, 218, 73, 118, 636, 475, 168, 748, 202, 388, 2332, 155, 615, 757, 244, 135, 1260, 1113, 994, 560, 381, 942, 241, 95]",0e6e08559dbe6eaf,11630473a039827ea1d1ee5d1fe37f174e2b87b7,False,sha256:c2914767605584b6d8f45686b82de173ecc99e781897aa3d0a66dacd72c51ae1,9aff75325ea627f4,434.83200669288635,graph,1080.3299682853938,433.2162547294883,
c4124402a6b7,attention_ragged,flash_attn_3,flash_attn_3,ragged,ok,,,,2026-09-22T01:12:05+00:00,784,ragged,lognormal,16384,128,7,307.16800689697266,305.9520125389099,308.3264082670212,305.4400086402893,308.00512075424194,50,10,False,291.7439937591553,,False,307.16800689697266,15.424013137817383,77387218944.0,469762048.0,67108864.0,251.9377578601683,1529.3326044777934,0.018748047295957804,4914.6881103515625,0.35760233147903214,0.3518480851961001,1.4125179053327934,10.6796875,"[60, 113, 95, 18, 21, 41, 37, 107, 204, 43, 14, 23, 125, 94, 33, 147, 40, 76, 459, 31, 121, 149, 48, 27, 248, 219, 196, 110, 75, 186, 47, 19, 45, 37, 20, 23, 178, 45, 11, 42, 35, 106, 20, 51, 92, 118, 63, 13, 47, 64, 29, 108, 45, 66, 77, 59, 168, 91, 93, 809, 668, 45, 110, 59, 701, 32, 66, 28, 22, 354, 293, 46, 45, 726, 263, 318, 195, 20, 327, 4, 137, 40, 49, 171, 35, 174, 47, 29, 42, 54, 382, 16, 86, 89, 76, 29, 205, 46, 133, 18, 47, 222, 133, 306, 127, 92, 72, 45, 1367, 239, 519, 169, 27, 33, 11, 118, 61, 31, 89, 40, 101, 25, 133, 34, 55, 19, 179, 129]",0e6e08559dbe6eaf,11630473a039827ea1d1ee5d1fe37f174e2b87b7,False,sha256:c2914767605584b6d8f45686b82de173ecc99e781897aa3d0a66dacd72c51ae1,9aff75325ea627f4,291.7439937591553,graph,1610.1858411789783,265.2572824100222,
1fe388197636,attention_ragged,flash_attn_3,flash_attn_3,ragged,ok,,,,2026-09-22T01:12:05+00:00,784,ragged,bimodal,4096,8,7,132.22400099039078,131.54239654541016,132.7712044119835,130.91200590133667,133.08863997459412,50,10,False,128.91200184822083,,False,132.22400099039078,3.3119991421699524,58909630464.0,117440512.0,16777216.0,445.5290266725569,888.1936041894153,0.03228125024179462,2115.5840158462524,0.20768543267365588,0.6222113599225815,1.1331555077411577,3.998046875,"[2047, 292, 292, 293, 293, 293, 293, 293]",0e6e08559dbe6eaf,11630473a039827ea1d1ee5d1fe37f174e2b87b7,False,sha256:c2914767605584b6d8f45686b82de173ecc99e781897aa3d0a66dacd72c51ae1,9aff75325ea627f4,128.91200184822083,graph,911.0130190846994,456.9755307450688,
9136c46ff169,attention_ragged,flash_attn_3,flash_attn_3,ragged,ok,,,,2026-09-22T01:12:05+00:00,784,ragged,bimodal,4096,32,7,127.20000743865967,126.4928013086319,128.07360589504242,126.01600587368011,128.12736123800278,50,10,False,126.08000636100769,,False,127.20000743865967,1.1200010776519775,53301239808.0,117440512.0,16777216.0,419.0348796457716,923.2744114156909,0.03105468931607902,2035.2001190185547,0.21588834315732158,0.5852104951873629,2.695483039215284,16.0078125,"[2049, 67, 66, 66, 66, 66, 66, 66, 66, 66, 66, 66, 66, 66, 66, 66, 66, 66, 66, 66, 66, 66, 66, 66, 66, 66, 66, 66, 66, 66, 66, 66]",0e6e08559dbe6eaf,11630473a039827ea1d1ee5d1fe37f174e2b87b7,False,sha256:c2914767605584b6d8f45686b82de173ecc99e781897aa3d0a66dacd72c51ae1,9aff75325ea627f4,126.08000636100769,graph,931.4760951370035,422.7572741024566,
ee097335d491,attention_ragged,flash_attn_3,flash_attn_3,ragged,ok,,,,2026-09-22T01:12:05+00:00,784,ragged,bimodal,4096,128,7,129.11999970674515,128.69759649038315,130.08959889411926,128.12800705432892,130.21823912858963,50,10,False,127.6480033993721,,False,129.11999970674515,1.4719963073730469,52045873152.0,117440512.0,16777216.0,403.08142247680905,909.5454791413308,0.03152343742840458,2065.9199953079224,0.2126781204917914,0.5629304153579912,5.593128020588077,64.03125,"[2049, 17, 17, 17, 17, 17, 17, 17, 17, 17, 17, 17, 17, 17, 17, 17, 16, 16, 16, 16, 16, 16, 16, 16, 16, 16, 16, 16, 16, 16, 16, 16, 16, 16, 16, 16, 16, 16, 16, 16, 16, 16, 16, 16, 16, 16, 16, 16, 16, 16, 16, 16, 16, 16, 16, 16, 16, 16, 16, 16, 16, 16, 16, 16, 16, 16, 16, 16, 16, 16, 16, 16, 16, 16, 16, 16, 16, 16, 16, 16, 16, 16, 16, 16, 16, 16, 16, 16, 16, 16, 16, 16, 16, 16, 16, 16, 16, 16, 16, 16, 16, 16, 16, 16, 16, 16, 16, 16, 16, 16, 16, 16, 16, 16, 16, 16, 16, 16, 16, 16, 16, 16, 16, 16, 16, 16, 16, 16]",0e6e08559dbe6eaf,11630473a039827ea1d1ee5d1fe37f174e2b87b7,False,sha256:c2914767605584b6d8f45686b82de173ecc99e781897aa3d0a66dacd72c51ae1,9aff75325ea627f4,127.6480033993721,graph,920.0340692565637,407.7296296532282,
4b795035d5eb,attention_ragged,flash_attn_3,flash_attn_3,ragged,ok,,,,2026-09-22T01:12:05+00:00,784,ragged,bimodal,16384,8,7,1588.2239937782288,1386.2688064575195,1618.5408115386963,1378.7200450897217,1551.6857624053955,50,10,False,1626.2879967689514,,False,1588.2239937782288,-38.064002990722656,942812454912.0,469762048.0,67108864.0,593.6268804686307,295.77820876668807,0.09693749962025322,25411.58390045166,0.06916152624090308,0.8290400096747229,1.1340779832554042,4.00048828125,"[8193, 1171, 1170, 1170, 1170, 1170, 1170, 1170]",0e6e08559dbe6eaf,11630473a039827ea1d1ee5d1fe37f174e2b87b7,False,sha256:c2914767605584b6d8f45686b82de173ecc99e781897aa3d0a66dacd72c51ae1,9aff75325ea627f4,1626.2879967689514,graph,288.8553865817775,579.732775981342,
1725f7e68ca2,attention_ragged,flash_attn_3,flash_attn_3,ragged,ok,,,,2026-09-22T01:12:05+00:00,784,ragged,bimodal,16384,32,7,1469.1519737243652,1464.0383958816528,1479.260754585266,1462.7519845962524,1471.602554321289,50,10,False,1533.0080389976501,,False,1469.1519737243652,-63.85606527328491,851631046656.0,469762048.0,67108864.0,579.6752561255305,319.750479461381,0.08966992027126253,23506.431579589844,0.07476693860585809,0.8095556245147199,2.6944304418910066,16.001953125,"[8193, 265, 265, 265, 265, 265, 265, 265, 264, 264, 264, 264, 264, 264, 264, 264, 264, 264, 264, 264, 264, 264, 264, 264, 264, 264, 264, 264, 264, 264, 264, 264]",0e6e08559dbe6eaf,11630473a039827ea1d1ee5d1fe37f174e2b87b7,False,sha256:c2914767605584b6d8f45686b82de173ecc99e781897aa3d0a66dacd72c51ae1,9aff75325ea627f4,1533.0080389976501,graph,306.4315620335244,555.529406886108,
49cdfbc7ecdc,attention_ragged,flash_attn_3,flash_attn_3,ragged,ok,,,,2026-09-22T01:12:05+00:00,784,ragged,bimodal,16384,128,7,1442.9759979248047,1433.7568402290344,1448.028802871704,1433.3120584487915,1442.611198425293,50,10,False,1477.9679775238037,,False,1442.9759979248047,-34.99197959899902,831128887296.0,469762048.0,67108864.0,575.9824754474615,325.55083984458616,0.08807226549834013,23087.615966796875,0.07612323114181763,0.8043984070271019,5.589654115543169,63.9921875,"[8191, 64, 64, 64, 64, 64, 64, 64, 64, 64, 64, 64, 64, 64, 64, 64, 64, 64, 64, 64, 64, 64, 64, 64, 64, 64, 64, 64, 64, 64, 64, 64, 64, 64, 64, 64, 64, 64, 64, 64, 64, 64, 64, 64, 64, 64, 64, 64, 64, 64, 64, 64, 64, 64, 64, 64, 64, 64, 64, 64, 64, 64, 64, 65, 65, 65, 65, 65, 65, 65, 65, 65, 65, 65, 65, 65, 65, 65, 65, 65, 65, 65, 65, 65, 65, 65, 65, 65, 65, 65, 65, 65, 65, 65, 65, 65, 65, 65, 65, 65, 65, 65, 65, 65, 65, 65, 65, 65, 65, 65, 65, 65, 65, 65, 65, 65, 65, 65, 65, 65, 65, 65, 65, 65, 65, 65, 65, 65]",0e6e08559dbe6eaf,11630473a039827ea1d1ee5d1fe37f174e2b87b7,False,sha256:c2914767605584b6d8f45686b82de173ecc99e781897aa3d0a66dacd72c51ae1,9aff75325ea627f4,1477.9679775238037,graph,317.8431841175897,562.3456664389158,
157a75332b14,attention_ragged,flash_attn_3,flash_attn_3,ragged,ok,,,,2026-09-22T01:12:05+00:00,784,ragged,mixed,4096,8,7,478.2240092754364,413.67359161376953,481.1615973711014,412.54401206970215,452.68480002880096,50,10,False,413.1999909877777,,False,478.2240092754364,65.02401828765869,53099986944.0,385875968.0,285212672.0,111.03580312592942,806.8937579789142,0.11675390851451084,7651.584148406982,0.18867516998217992,0.15506899422258483,0.998046875,1.998046875,"[1, 1, 1, 1, 1023, 1023, 1023, 1023]",0e6e08559dbe6eaf,11630473a039827ea1d1ee5d1fe37f174e2b87b7,False,sha256:c2914767605584b6d8f45686b82de173ecc99e781897aa3d0a66dacd72c51ae1,9aff75325ea627f4,413.1999909877777,graph,933.8721597683048,128.50916772060307,
9cac38d5f484,attention_ragged,flash_attn_3,flash_attn_3,ragged,ok,,,,2026-09-22T01:12:05+00:00,784,ragged,mixed,4096,32,7,361.7120087146759,360.3807896375656,362.85440623760223,360.1920008659363,362.58495926856995,50,10,False,352.83198952674866,,False,361.7120087146759,8.880019187927246,19277414400.0,1191182336.0,1090519040.0,53.29492506621843,3293.178847538964,0.08830859587760642,5787.392139434814,0.7700407553002416,0.07442996037785755,0.9921875,1.9921875,"[1, 1, 1, 1, 1, 1, 1, 1, 1, 1, 1, 1, 1, 1, 1, 1, 255, 255, 255, 255, 255, 255, 255, 255, 255, 255, 255, 255, 255, 255, 255, 255]",0e6e08559dbe6eaf,11630473a039827ea1d1ee5d1fe37f174e2b87b7,False,sha256:c2914767605584b6d8f45686b82de173ecc99e781897aa3d0a66dacd72c51ae1,9aff75325ea627f4,352.83198952674866,graph,3376.0610470658444,54.636243232527406,
4f66de814568,attention_ragged,flash_attn_3,flash_attn_3,ragged,ok,,,,2026-09-22T01:12:06+00:00,784,ragged,mixed,4096,128,7,1054.3840527534485,1032.2208523750305,1094.8416233062744,1031.1360359191895,1062.426254749298,50,10,False,1082.8959941864014,,False,1054.3840527534485,-28.51194143295288,28942270464.0,4412407808.0,4311744512.0,27.449457707956917,4184.820319007398,0.2574179816292599,16870.144844055176,0.9785323993722534,0.03833502058701509,0.96875,1.96875,"[1, 1, 1, 1, 1, 1, 1, 1, 1, 1, 1, 1, 1, 1, 1, 1, 1, 1, 1, 1, 1, 1, 1, 1, 1, 1, 1, 1, 1, 1, 1, 1, 1, 1, 1, 1, 1, 1, 1, 1, 1, 1, 1, 1, 1, 1, 1, 1, 1, 1, 1, 1, 1, 1, 1, 1, 1, 1, 1, 1, 1, 1, 1, 1, 63, 63, 63, 63, 63, 63, 63, 63, 63, 63, 63, 63, 63, 63, 63, 63, 63, 63, 63, 63, 63, 63, 63, 63, 63, 63, 63, 63, 63, 63, 63, 63, 63, 63, 63, 63, 63, 63, 63, 63, 63, 63, 63, 63, 63, 63, 63, 63, 63, 63, 63, 63, 63, 63, 63, 63, 63, 63, 63, 63, 63, 63, 63, 63]",0e6e08559dbe6eaf,11630473a039827ea1d1ee5d1fe37f174e2b87b7,False,sha256:c2914767605584b6d8f45686b82de173ecc99e781897aa3d0a66dacd72c51ae1,9aff75325ea627f4,1082.8959941864014,graph,4074.636744145608,26.726731486106228,
1b1b12b0a75a,attention_ragged,flash_attn_3,flash_attn_3,ragged,ok,,,,2026-09-22T01:12:06+00:00,784,ragged,mixed,16384,8,7,1491.5840029716492,1470.9440469741821,1518.1919693946838,1469.2800045013428,1494.3500804901123,50,10,False,1465.5359983444214,,False,1491.5840029716492,26.048004627227783,826043105280.0,738197504.0,335544320.0,553.8026042343528,494.90843460998894,0.09103906268137507,23865.344047546387,0.11572395015118506,0.7734227196886451,0.99951171875,1.99951171875,"[1, 1, 1, 1, 4095, 4095, 4095, 4095]",0e6e08559dbe6eaf,11630473a039827ea1d1ee5d1fe37f174e2b87b7,False,sha256:c2914767605584b6d8f45686b82de173ecc99e781897aa3d0a66dacd72c51ae1,9aff75325ea627f4,1465.5359983444214,graph,503.70479117123216,563.6457283977738,
2dd61ac940b7,attention_ragged,flash_attn_3,flash_attn_3,ragged,ok,,,,2026-09-22T01:12:06+00:00,784,ragged,mixed,16384,32,7,707.6639831066132,704.8735737800598,715.61598777771,702.9439806938171,711.2499237060547,50,10,False,718.4160053730011,,False,707.6639831066132,-10.75202226638794,212399947776.0,1543503872.0,1140850688.0,300.1423738475056,2181.125377080924,0.043192381781409495,11322.62372970581,0.5100103913357372,0.4191690853384113,0.998046875,1.998046875,"[1, 1, 1, 1, 1, 1, 1, 1, 1, 1, 1, 1, 1, 1, 1, 1, 1023, 1023, 1023, 1023, 1023, 1023, 1023, 1023, 1023, 1023, 1023, 1023, 1023, 1023, 1023, 1023]",0e6e08559dbe6eaf,11630473a039827ea1d1ee5d1fe37f174e2b87b7,False,sha256:c2914767605584b6d8f45686b82de173ecc99e781897aa3d0a66dacd72c51ae1,9aff75325ea627f4,718.4160053730011,graph,2148.4820221935533,295.65035604367154,
882c9b1def89,attention_ragged,flash_attn_3,flash_attn_3,ragged,ok,,,,2026-09-22T01:12:06+00:00,784,ragged,mixed,16384,128,7,1398.1599807739258,1367.2447800636292,1412.995195388794,1364.8960590362549,1392.4236750602722,50,10,False,1384.7839832305908,,False,1398.1599807739258,13.375997543334961,77109657600.0,4764729344.0,4362076160.0,55.150811538259994,3407.857047490783,0.08533691288903356,22370.559692382812,0.7968558454595154,0.07702183111242046,0.9921875,1.9921875,"[1, 1, 1, 1, 1, 1, 1, 1, 1, 1, 1, 1, 1, 1, 1, 1, 1, 1, 1, 1, 1, 1, 1, 1, 1, 1, 1, 1, 1, 1, 1, 1, 1, 1, 1, 1, 1, 1, 1, 1, 1, 1, 1, 1, 1, 1, 1, 1, 1, 1, 1, 1, 1, 1, 1, 1, 1, 1, 1, 1, 1, 1, 1, 1, 255, 255, 255, 255, 255, 255, 255, 255, 255, 255, 255, 255, 255, 255, 255, 255, 255, 255, 255, 255, 255, 255, 255, 255, 255, 255, 255, 255, 255, 255, 255, 255, 255, 255, 255, 255, 255, 255, 255, 255, 255, 255, 255, 255, 255, 255, 255, 255, 255, 255, 255, 255, 255, 255, 255, 255, 255, 255, 255, 255, 255, 255, 255, 255]",0e6e08559dbe6eaf,11630473a039827ea1d1ee5d1fe37f174e2b87b7,False,sha256:c2914767605584b6d8f45686b82de173ecc99e781897aa3d0a66dacd72c51ae1,9aff75325ea627f4,1384.7839832305908,graph,3440.7744469171757,55.68352792477373,
8ee458f16822,attention_ragged,flash_attn_3,flash_attn_3,ragged,ok,,,,2026-09-22T01:12:06+00:00,784,ragged_decode,uniform,,16,7,277.45600044727325,248.37760627269745,287.8496080636978,247.13599681854248,270.1715210080147,50,10,False,248.1760010123253,,False,277.45600044727325,29.279999434947968,6442450944.0,1074135040.0,1073741824.0,23.219721085917914,3871.3707336242123,17.34100002795458,4439.296007156372,0.9052387926015814,0.032427907877953646,0.0,1.0,"[16384, 16384, 16384, 16384, 16384, 16384, 16384, 16384, 16384, 16384, 16384, 16384, 16384, 16384, 16384, 16384]",0e6e08559dbe6eaf,11630473a039827ea1d1ee5d1fe37f174e2b87b7,False,sha256:c2914767605584b6d8f45686b82de173ecc99e781897aa3d0a66dacd72c51ae1,9aff75325ea627f4,248.1760010123253,graph,4328.118092073918,25.959202008739137,16384
291cc47d6c53,attention_ragged,flash_attn_3,flash_attn_3,ragged,ok,,,,2026-09-22T01:12:06+00:00,784,ragged_decode,uniform,,64,7,998.6400008201599,939.3631756305695,1004.0127992630005,938.1440281867981,980.2937626838684,50,10,False,1145.5519795417786,,False,998.6400008201599,-146.91197872161865,25769803776.0,4296540160.0,4294967296.0,25.804898416682548,4302.391408787303,15.603750012814999,15978.240013122559,1.0060239311010108,0.036038282525436005,0.0,1.0,"[16384, 16384, 16384, 16384, 16384, 16384, 16384, 16384, 16384, 16384, 16384, 16384, 16384, 16384, 16384, 16384, 16384, 16384, 16384, 16384, 16384, 16384, 16384, 16384, 16384, 16384, 16384, 16384, 16384, 16384, 16384, 16384, 16384, 16384, 16384, 16384, 16384, 16384, 16384, 16384, 16384, 16384, 16384, 16384, 16384, 16384, 16384, 16384, 16384, 16384, 16384, 16384, 16384, 16384, 16384, 16384, 16384, 16384, 16384, 16384, 16384, 16384, 16384, 16384]",0e6e08559dbe6eaf,11630473a039827ea1d1ee5d1fe37f174e2b87b7,False,sha256:c2914767605584b6d8f45686b82de173ecc99e781897aa3d0a66dacd72c51ae1,9aff75325ea627f4,1145.5519795417786,graph,3750.6287246071706,22.495534236960545,16384
ebfc2979d396,attention_ragged,flash_attn_3,flash_attn_3,ragged,ok,,,,2026-09-22T01:12:07+00:00,784,ragged_decode,uniform,,256,7,4212.208032608032,4172.739028930664,4277.068758010864,4066.5597915649414,4221.944341659546,50,10,False,4221.63200378418,,False,4212.208032608032,-9.423971176147461,103079215104.0,17186160640.0,17179869184.0,24.471539464820175,4080.083535038276,16.453937627375126,67395.32852172852,0.9540419006871993,0.034176156744542774,0.0,1.0,"[16384, 16384, 16384, 16384, 16384, 16384, 16384, 16384, 16384, 16384, 16384, 16384, 16384, 16384, 16384, 16384, 16384, 16384, 16384, 16384, 16384, 16384, 16384, 16384, 16384, 16384, 16384, 16384, 16384, 16384, 16384, 16384, 16384, 16384, 16384, 16384, 16384, 16384, 16384, 16384, 16384, 16384, 16384, 16384, 16384, 16384, 16384, 16384, 16384, 16384, 16384, 16384, 16384, 16384, 16384, 16384, 16384, 16384, 16384, 16384, 16384, 16384, 16384, 16384, 16384, 16384, 16384, 16384, 16384, 16384, 16384, 16384, 16384, 16384, 16384, 16384, 16384, 16384, 16384, 16384, 16384, 16384, 16384, 16384, 16384, 16384, 16384, 16384, 16384, 16384, 16384, 16384, 16384, 16384, 16384, 16384, 16384, 16384, 16384, 16384, 16384, 16384, 16384, 16384, 16384, 16384, 16384, 16384, 16384, 16384, 16384, 16384, 16384, 16384, 16384, 16384, 16384, 16384, 16384, 16384, 16384, 16384, 16384, 16384, 16384, 16384, 16384, 16384, 16384, 16384, 16384, 16384, 16384, 16384, 16384, 16384, 16384, 16384, 16384, 16384, 16384, 16384, 16384, 16384, 16384, 16384, 16384, 16384, 16384, 16384, 16384, 16384, 16384, 16384, 16384, 16384, 16384, 16384, 16384, 16384, 16384, 16384, 16384, 16384, 16384, 16384, 16384, 16384, 16384, 16384, 16384, 16384, 16384, 16384, 16384, 16384, 16384, 16384, 16384, 16384, 16384, 16384, 16384, 16384, 16384, 16384, 16384, 16384, 16384, 16384, 16384, 16384, 16384, 16384, 16384, 16384, 16384, 16384, 16384, 16384, 16384, 16384, 16384, 16384, 16384, 16384, 16384, 16384, 16384, 16384, 16384, 16384, 16384, 16384, 16384, 16384, 16384, 16384, 16384, 16384, 16384, 16384, 16384, 16384, 16384, 16384, 16384, 16384, 16384, 16384, 16384, 16384, 16384, 16384, 16384, 16384, 16384, 16384, 16384, 16384, 16384, 16384, 16384, 16384, 16384, 16384, 16384, 16384, 16384, 16384, 16384, 16384, 16384, 16384, 16384, 16384]",0e6e08559dbe6eaf,11630473a039827ea1d1ee5d1fe37f174e2b87b7,False,sha256:c2914767605584b6d8f45686b82de173ecc99e781897aa3d0a66dacd72c51ae1,9aff75325ea627f4,4221.63200378418,graph,4070.9755432483685,24.416911519431824,16384
dd823f088a60,attention_ragged,flash_attn_3,flash_attn_3,ragged,ok,,,,2026-09-22T01:12:07+00:00,784,ragged_decode,jitter,,16,7,435.7279986143112,414.425590634346,440.26239812374115,412.4799966812134,432.11583852767944,50,10,False,390.160009264946,,False,435.7279986143112,45.567989349365234,6442450944.0,1074135040.0,1073741824.0,14.785487653967806,2465.15037687716,27.23299991339445,6971.6479778289795,0.5764236763386729,0.020648931561209363,0.054216485237290404,1.12091064453125,"[16452, 15794, 17697, 15495, 17259, 16611, 15441, 17151, 15363, 16870, 15486, 15565, 16835, 18365, 15691, 16069]",0e6e08559dbe6eaf,11630473a039827ea1d1ee5d1fe37f174e2b87b7,False,sha256:c2914767605584b6d8f45686b82de173ecc99e781897aa3d0a66dacd72c51ae1,9aff75325ea627f4,390.160009264946,graph,2753.0628831582458,16.512330302988907,16384
e202ad873219,attention_ragged,flash_attn_3,flash_attn_3,ragged,ok,,,,2026-09-22T01:12:07+00:00,784,ragged_decode,jitter,,64,7,1025.8399844169617,982.4544131755829,1076.9280552864075,981.2160134315491,1021.377284526825,50,10,False,1077.1679878234863,,False,1025.8399844169617,-51.32800340652466,25769803776.0,4296540160.0,4294967296.0,25.120685650254046,4188.314186682778,16.028749756515026,16413.439750671387,0.9793493669978288,0.0350827332112748,0.06175162652194724,1.1199951171875,"[15932, 15294, 17137, 15005, 16713, 16086, 14952, 16608, 14877, 16336, 14996, 15073, 16303, 17785, 15195, 15561, 17050, 18231, 16865, 16200, 18336, 14910, 17902, 15806, 15270, 15173, 15875, 17746, 15404, 16882, 17093, 16111, 16757, 14970, 14958, 15497, 17246, 16314, 15896, 16896, 16408, 15843, 17666, 17314, 15638, 16855, 16674, 17963, 17426, 15800, 18350, 15174, 16279, 17528, 15299, 16540, 14883, 17201, 17556, 16850, 17964, 15895, 17300, 16929]",0e6e08559dbe6eaf,11630473a039827ea1d1ee5d1fe37f174e2b87b7,False,sha256:c2914767605584b6d8f45686b82de173ecc99e781897aa3d0a66dacd72c51ae1,9aff75325ea627f4,1077.1679878234863,graph,3988.7373265534393,23.923662852319055,16384
12ce5bed7f98,attention_ragged,flash_attn_3,flash_attn_3,ragged,ok,,,,2026-09-22T01:12:08+00:00,784,ragged_decode,jitter,,256,7,4343.519926071167,4088.8994216918945,4536.700773239136,3866.719961166382,4326.064648628235,50,10,False,4283.760070800781,,False,4343.519926071167,59.75985527038574,103079215104.0,17186160640.0,17179869184.0,23.73172377667391,3956.7357655811093,16.966874711215496,69496.31881713867,0.9251996136585496,0.03314295419688506,0.06612818629531855,1.1146240234375,"[15813, 15180, 17009, 14894, 16588, 15966, 14841, 16484, 14766, 16215, 14884, 14960, 16181, 17653, 15081, 15445, 16923, 18095, 16739, 16079, 18199, 14799, 17768, 15688, 15156, 15059, 15757, 17613, 15290, 16756, 16965, 15991, 16632, 14858, 14847, 15382, 17117, 16192, 15778, 16770, 16286, 15725, 17534, 17185, 15521, 16729, 16549, 17829, 17296, 15682, 18214, 15060, 16158, 17398, 15184, 16417, 14772, 17072, 17425, 16724, 17830, 15776, 17171, 16802, 16749, 16297, 17701, 18083, 16362, 17058, 14851, 17194, 16995, 18262, 17635, 15669, 16040, 17074, 14711, 16317, 15243, 15057, 14844, 17438, 15102, 15534, 16058, 17816, 14923, 16271, 16638, 17859, 17625, 17788, 15647, 16147, 15941, 17862, 18131, 15181, 15273, 15477, 15482, 16402, 16783, 15590, 14644, 16161, 15979, 16700, 18114, 17154, 16514, 16887, 17102, 14826, 17918, 17481, 17827, 17547, 16064, 16088, 15007, 16948, 14856, 14875, 15392, 15222, 15872, 14821, 14629, 15182, 15000, 15958, 14722, 17826, 16874, 15172, 15551, 15899, 15960, 15078, 17733, 18262, 16333, 16398, 14943, 15002, 15882, 15597, 17660, 15219, 14713, 18107, 16561, 15165, 16615, 14728, 16560, 18207, 17786, 17175, 15584, 15970, 15240, 17452, 16576, 17478, 15834, 15444, 17596, 18232, 17747, 17577, 17621, 17334, 15458, 16522, 15929, 14735, 14731, 15651, 15576, 17161, 18127, 16264, 18055, 18243, 18121, 15962, 15435, 15458, 15348, 15376, 16911, 17921, 17702, 16382, 17017, 17553, 14939, 17044, 17956, 17490, 17372, 16377, 15282, 17515, 15845, 17557, 18182, 16076, 16097, 18091, 17279, 15250, 15093, 15181, 17938, 17578, 15163, 17651, 18215, 17032, 15910, 16635, 15108, 14681, 18179, 17005, 16554, 18043, 16215, 17817, 17650, 15400, 15550, 15700, 15508, 16773, 15577, 16161, 15108, 17957, 15922, 16304, 16762, 17936, 16167, 17985, 16463, 16574, 16543, 14697, 16238, 15298]",0e6e08559dbe6eaf,11630473a039827ea1d1ee5d1fe37f174e2b87b7,False,sha256:c2914767605584b6d8f45686b82de173ecc99e781897aa3d0a66dacd72c51ae1,9aff75325ea627f4,4283.760070800781,graph,4011.9335247427425,24.062789091904246,16384
4e103d4d9275,attention_ragged,flash_attn_3,flash_attn_3,ragged,ok,,,,2026-09-22T01:12:08+00:00,784,ragged_decode,lognormal,,16,7,394.27199959754944,392.28479862213135,452.95039117336273,391.3919925689697,402.5574392080307,50,10,False,355.6160032749176,,False,394.27199959754944,38.655996322631836,6442450944.0,1074135040.0,1073741824.0,16.340117864256378,2724.3502990230513,24.64199997484684,6308.351993560791,0.6370321379690351,0.022820077590784013,0.7264284056955416,2.77337646484375,"[13394, 25276, 21068, 4101, 4710, 9051, 8330, 23806, 45439, 9573, 3202, 5164, 27950, 20866, 7383, 32831]",0e6e08559dbe6eaf,11630473a039827ea1d1ee5d1fe37f174e2b87b7,False,sha256:c2914767605584b6d8f45686b82de173ecc99e781897aa3d0a66dacd72c51ae1,9aff75325ea627f4,355.6160032749176,graph,3020.491288660072,18.116313339868192,16384
c921bbf99702,attention_ragged,flash_attn_3,flash_attn_3,ragged,ok,,,,2026-09-22T01:12:08+00:00,784,ragged_decode,lognormal,,64,7,1391.6639685630798,1347.2192168235779,1413.2223963737488,1339.4880294799805,1382.0588779449463,50,10,False,1412.8159880638123,,False,1391.6639685630798,-21.152019500732422,25769803776.0,4296540160.0,4294967296.0,18.517260170648683,3087.3402323092846,21.744749508798122,22266.623497009277,0.7219097153295851,0.025860603783482435,1.3034100880570043,7.76348876953125,"[9457, 17847, 14876, 2896, 3326, 6391, 5882, 16809, 32084, 6759, 2261, 3646, 19735, 14733, 5213, 23182, 6255, 12037, 72273, 4812, 19084, 23464, 7571, 4197, 39084, 34513, 30835, 17370, 11827, 29214, 7474, 2948, 7083, 5798, 3151, 3656, 27938, 7047, 1666, 6550, 5554, 16611, 3122, 8048, 14472, 18583, 9929, 2102, 7436, 10105, 4611, 16988, 7039, 10350, 12057, 9351, 26456, 14289, 14568, 127197, 105040, 7068, 17388, 9268]",0e6e08559dbe6eaf,11630473a039827ea1d1ee5d1fe37f174e2b87b7,False,sha256:c2914767605584b6d8f45686b82de173ecc99e781897aa3d0a66dacd72c51ae1,9aff75325ea627f4,1412.8159880638123,graph,3041.118019826613,18.240028421051576,16384
d5ef4be22908,attention_ragged,flash_attn_3,flash_attn_3,ragged,ok,,,,2026-09-22T01:12:09+00:00,784,ragged_decode,lognormal,,256,7,5123.104095458984,5043.420886993408,5179.161500930786,5033.376216888428,5116.458892822266,50,10,False,5151.71217918396,,False,5123.104095458984,-28.608083724975586,103079215104.0,17186160640.0,17179869184.0,20.12046079551015,3354.6381880535014,20.012125372886658,81969.66552734375,0.7844117321530283,0.02809958167561633,1.278657841292468,10.278564453125,"[7406, 13977, 11650, 2268, 2605, 5005, 4606, 13164, 25127, 5294, 1771, 2855, 15456, 11538, 4083, 18155, 4899, 9427, 56601, 3769, 14946, 18376, 5929, 3287, 30608, 27029, 24148, 13603, 9262, 22879, 5853, 2309, 5547, 4541, 2468, 2863, 21880, 5519, 1305, 5130, 4349, 13009, 2445, 6303, 11333, 14553, 7776, 1646, 5823, 7914, 3611, 13304, 5512, 8106, 9443, 7323, 20719, 11190, 11409, 99613, 82261, 5535, 13617, 7258, 86285, 4000, 8191, 3436, 2758, 43600, 36118, 5686, 5498, 89410, 32468, 39178, 24056, 2499, 40348, 440, 16826, 4975, 5987, 21016, 4362, 21487, 5790, 3604, 5195, 6655, 47103, 2021, 10637, 11016, 9323, 3635, 25262, 5689, 16431, 2274, 5821, 27304, 16436, 37685, 15622, 11315, 8874, 5552, 168404, 29453, 63936, 20785, 3303, 4025, 1310, 14571, 7522, 3806, 11010, 4915, 12478, 3070, 16349, 4200, 6725, 2346, 22117, 15840, 18543, 33815, 9377, 36586, 6692, 11233, 4755, 6647, 19791, 10574, 8092, 25762, 3834, 27710, 10038, 7290, 2116, 28008, 8229, 6406, 72799, 6453, 5482, 3662, 6363, 2649, 9687, 3753, 3275, 6825, 14441, 37090, 7980, 31065, 64233, 89540, 2883, 11064, 40604, 29411, 3950, 13846, 20829, 10379, 80400, 10689, 14166, 18201, 3913, 17344, 10396, 9435, 34952, 13787, 4700, 19262, 11893, 3772, 27574, 16173, 11148, 9902, 24573, 2289, 9390, 3230, 2906, 32346, 10318, 9368, 4132, 1467, 20478, 27891, 7368, 6962, 7050, 5886, 10821, 141456, 56569, 15714, 21849, 35785, 7189, 9831, 2798, 15503, 12436, 5352, 10505, 9569, 5918, 7846, 5782, 30494, 21925, 7751, 7683, 3737, 10740, 23388, 6269, 7752, 38360, 831, 4783, 11929, 30970, 8980, 15132, 4505, 22965, 11690, 8256, 12597, 5623, 37078, 5777, 10479, 8789, 6546, 15624, 74575, 10684, 34102, 21584, 1438]",0e6e08559dbe6eaf,11630473a039827ea1d1ee5d1fe37f174e2b87b7,False,sha256:c2914767605584b6d8f45686b82de173ecc99e781897aa3d0a66dacd72c51ae1,9aff75325ea627f4,5151.71217918396,graph,3336.0094745670203,20.008729431838702,16384
bcc018d23e7e,attention_ragged,flash_attn_3,flash_attn_3,ragged,ok,,,,2026-09-22T01:12:09+00:00,784,ragged_decode,bimodal,,16,7,286.3519936800003,283.91999304294586,290.18559753894806,283.26401114463806,287.3695981502533,50,10,False,288.38400542736053,,False,286.3519936800003,-2.0320117473602295,6442450944.0,1074135040.0,1073741824.0,22.498362456660487,3751.1002671779934,17.89699960500002,4581.631898880005,0.87711606829471,0.031420481858925646,1.8074079874998232,8.00006103515625,"[131073, 8739, 8738, 8738, 8738, 8738, 8738, 8738, 8738, 8738, 8738, 8738, 8738, 8738, 8738, 8738]",0e6e08559dbe6eaf,11630473a039827ea1d1ee5d1fe37f174e2b87b7,False,sha256:c2914767605584b6d8f45686b82de173ecc99e781897aa3d0a66dacd72c51ae1,9aff75325ea627f4,288.38400542736053,graph,3724.6692596845774,22.339834466383934,16384
241c582281aa,attention_ragged,flash_attn_3,flash_attn_3,ragged,ok,,,,2026-09-22T01:12:09+00:00,784,ragged_decode,bimodal,,64,7,1046.7520356178284,985.0495874881744,1127.4720072746277,981.98401927948,1068.3974516391754,50,10,False,1138.4479999542236,,False,1046.7520356178284,-91.69596433639526,25769803776.0,4296540160.0,4294967296.0,24.618823655585054,4104.639889679352,16.35550055652857,16748.032569885254,0.9597838888240919,0.03438184905894784,3.905640577476237,32.00006103515625,"[524289, 8323, 8322, 8322, 8322, 8322, 8322, 8322, 8322, 8322, 8322, 8322, 8322, 8322, 8322, 8322, 8322, 8322, 8322, 8322, 8322, 8322, 8322, 8322, 8322, 8322, 8322, 8322, 8322, 8322, 8322, 8322, 8322, 8322, 8322, 8322, 8322, 8322, 8322, 8322, 8322, 8322, 8322, 8322, 8322, 8322, 8322, 8322, 8322, 8322, 8322, 8322, 8322, 8322, 8322, 8322, 8322, 8322, 8322, 8322, 8322, 8322, 8322, 8322]",0e6e08559dbe6eaf,11630473a039827ea1d1ee5d1fe37f174e2b87b7,False,sha256:c2914767605584b6d8f45686b82de173ecc99e781897aa3d0a66dacd72c51ae1,9aff75325ea627f4,1138.4479999542236,graph,3774.032858920884,22.63590763656855,16384
fd66b64b80a1,attention_ragged,flash_attn_3,flash_attn_3,ragged,ok,,,,2026-09-22T01:12:09+00:00,784,ragged_decode,bimodal,,256,7,4389.19997215271,4298.140859603882,4699.177551269531,4054.2402267456055,4451.344032287598,50,10,False,4301.471948623657,,False,4389.19997215271,87.72802352905273,103079215104.0,17186160640.0,17179869184.0,23.484738849445534,3915.556536279422,17.145312391221523,70227.19955444336,0.9155707151680075,0.03279802307399306,7.953052318976057,128.00006103515625,"[2097153, 8225, 8225, 8225, 8225, 8225, 8225, 8225, 8225, 8225, 8225, 8225, 8225, 8225, 8225, 8225, 8225, 8225, 8225, 8225, 8225, 8225, 8225, 8225, 8225, 8225, 8225, 8225, 8225, 8225, 8225, 8225, 8224, 8224, 8224, 8224, 8224, 8224, 8224, 8224, 8224, 8224, 8224, 8224, 8224, 8224, 8224, 8224, 8224, 8224, 8224, 8224, 8224, 8224, 8224, 8224, 8224, 8224, 8224, 8224, 8224, 8224, 8224, 8224, 8224, 8224, 8224, 8224, 8224, 8224, 8224, 8224, 8224, 8224, 8224, 8224, 8224, 8224, 8224, 8224, 8224, 8224, 8224, 8224, 8224, 8224, 8224, 8224, 8224, 8224, 8224, 8224, 8224, 8224, 8224, 8224, 8224, 8224, 8224, 8224, 8224, 8224, 8224, 8224, 8224, 8224, 8224, 8224, 8224, 8224, 8224, 8224, 8224, 8224, 8224, 8224, 8224, 8224, 8224, 8224, 8224, 8224, 8224, 8224, 8224, 8224, 8224, 8224, 8224, 8224, 8224, 8224, 8224, 8224, 8224, 8224, 8224, 8224, 8224, 8224, 8224, 8224, 8224, 8224, 8224, 8224, 8224, 8224, 8224, 8224, 8224, 8224, 8224, 8224, 8224, 8224, 8224, 8224, 8224, 8224, 8224, 8224, 8224, 8224, 8224, 8224, 8224, 8224, 8224, 8224, 8224, 8224, 8224, 8224, 8224, 8224, 8224, 8224, 8224, 8224, 8224, 8224, 8224, 8224, 8224, 8224, 8224, 8224, 8224, 8224, 8224, 8224, 8224, 8224, 8224, 8224, 8224, 8224, 8224, 8224, 8224, 8224, 8224, 8224, 8224, 8224, 8224, 8224, 8224, 8224, 8224, 8224, 8224, 8224, 8224, 8224, 8224, 8224, 8224, 8224, 8224, 8224, 8224, 8224, 8224, 8224, 8224, 8224, 8224, 8224, 8224, 8224, 8224, 8224, 8224, 8224, 8224, 8224, 8224, 8224, 8224, 8224, 8224, 8224, 8224, 8224, 8224, 8224, 8224, 8224, 8224, 8224, 8224, 8224, 8224, 8224]",0e6e08559dbe6eaf,11630473a039827ea1d1ee5d1fe37f174e2b87b7,False,sha256:c2914767605584b6d8f45686b82de173ecc99e781897aa3d0a66dacd72c51ae1,9aff75325ea627f4,4301.471948623657,graph,3995.4138595508125,23.963707385557235,16384
