point_id,benchmark,kernel,backend,regime,status,error,numerics_ok,max_abs_err,ts_utc,page_size,kind,context,fraction,batch,median_us,p10_us,p90_us,min_us,mean_us,repeats,warmup,unstable,graph_median_us,graph_error,l2_flush,eager_median_us,launch_overhead_us,flops,bytes_moved,kv_bytes,achieved_tflops,achieved_gbps,us_per_new_token,per_step_us,bandwidth_util,compute_util,new_tokens,cached,actual_fraction,environment_hash,git_sha,git_dirty,image_digest,config_hash,kernel_us,kernel_time_source,kernel_gbps,kernel_tflops
203520bcd371,attention_warm,flash_attn_3,flash_attn_3,warm,ok,,,,2026-09-22T00:23:51+00:00,784,warm,7840,0.0,1,1154.3200016021729,1060.9055876731873,1215.1424407958984,1059.5519542694092,1134.9459171295166,50,10,False,1201.5680074691772,,False,1154.3200016021729,-47.248005867004395,755385630720.0,224788480.0,32112640.0,654.3988059390291,194.736710520478,0.1472346940819098,18469.120025634766,0.04553509256441899,0.9139121058307409,7840,0,0.0,0e6e08559dbe6eaf,11630473a039827ea1d1ee5d1fe37f174e2b87b7,False,sha256:c2914767605584b6d8f45686b82de173ecc99e781897aa3d0a66dacd72c51ae1,d3ca5a1da86930eb,1201.5680074691772,graph,187.079281907201,628.6665640432984
91d46cfa7411,attention_warm,flash_attn_3,flash_attn_3,warm,ok,,,,2026-09-22T00:23:52+00:00,784,warm,7840,0.0,8,9786.511898040771,9700.105285644531,9840.895652770996,9698.016166687012,9778.261775970459,50,10,False,9944.25630569458,,False,9786.511898040771,-157.7444076538086,6043085045760.0,1798307840.0,256901120.0,617.4912071552079,183.7537070138356,0.1560349473539664,156584.19036865234,0.042966947708866915,0.8623681527862715,7840,0,0.0,0e6e08559dbe6eaf,11630473a039827ea1d1ee5d1fe37f174e2b87b7,False,sha256:c2914767605584b6d8f45686b82de173ecc99e781897aa3d0a66dacd72c51ae1,d3ca5a1da86930eb,9944.25630569458,graph,180.8388465379959,607.6960267304682
4b1450874080,attention_warm,flash_attn_3,flash_attn_3,warm,ok,,,,2026-09-22T00:23:57+00:00,784,warm,7840,0.0,32,40077.03971862793,39520.34378051758,40531.12449645996,39488.63983154297,40101.88117980957,50,10,False,40163.02490234375,,False,40077.03971862793,-85.98518371582031,24172340183040.0,7193231360.0,1027604480.0,603.1468479894892,179.4850969657962,0.15974585347029627,641232.6354980469,0.04196882283996376,0.8423352869360305,7840,0,0.0,0e6e08559dbe6eaf,11630473a039827ea1d1ee5d1fe37f174e2b87b7,False,sha256:c2914767605584b6d8f45686b82de173ecc99e781897aa3d0a66dacd72c51ae1,d3ca5a1da86930eb,40163.02490234375,graph,179.10083659013029,601.8555684442335
82cb5a04e6e6,attention_warm,flash_attn_3,flash_attn_3,warm,ok,,,,2026-09-22T00:23:57+00:00,784,warm,7840,0.5,1,913.7279987335205,909.913581609726,936.8927776813507,908.128023147583,922.4057590961456,50,10,False,933.9839816093445,,False,913.7279987335205,-20.255982875823975,566515138560.0,128450560.0,32112640.0,620.0041361819082,140.5785531121295,0.2330938772279389,14619.647979736328,0.0328713441416572,0.865877627800211,3920,3920,0.5,0e6e08559dbe6eaf,11630473a039827ea1d1ee5d1fe37f174e2b87b7,False,sha256:c2914767605584b6d8f45686b82de173ecc99e781897aa3d0a66dacd72c51ae1,d3ca5a1da86930eb,933.9839816093445,graph,137.52972484460312,606.5576602115165
2ecab1b9f8c6,attention_warm,flash_attn_3,flash_attn_3,warm,ok,,,,2026-09-22T00:23:58+00:00,784,warm,7840,0.5,8,7421.919822692871,7304.940986633301,7431.379175186157,7295.904159545898,7396.117124557495,50,10,False,7423.360109329224,,False,7421.919822692871,-1.440286636352539,4532121108480.0,1027604480.0,256901120.0,610.6399983765422,138.45534639946536,0.23666836169301247,118750.71716308594,0.03237487681438153,0.852799977255432,3920,3920,0.5,0e6e08559dbe6eaf,11630473a039827ea1d1ee5d1fe37f174e2b87b7,False,sha256:c2914767605584b6d8f45686b82de173ecc99e781897aa3d0a66dacd72c51ae1,d3ca5a1da86930eb,7423.360109329224,graph,138.42848317550562,610.5215214851706
95d42709440e,attention_warm,flash_attn_3,flash_attn_3,warm,ok,,,,2026-09-22T00:24:02+00:00,784,warm,7840,0.5,32,29477.75936126709,29334.172821044922,29734.79633331299,28993.98422241211,29503.27495574951,50,10,False,29471.424102783203,,False,29477.75936126709,6.335258483886719,18128484433920.0,4110417920.0,1027604480.0,614.9885482049324,139.4413282781923,0.234994892867244,471644.14978027344,0.032605427982647,0.8588730206273117,3920,3920,0.5,0e6e08559dbe6eaf,11630473a039827ea1d1ee5d1fe37f174e2b87b7,False,sha256:c2914767605584b6d8f45686b82de173ecc99e781897aa3d0a66dacd72c51ae1,d3ca5a1da86930eb,29471.424102783203,graph,139.47130297011412,615.1207478368171
73da3ae71d7a,attention_warm,flash_attn_3,flash_attn_3,warm,ok,,,,2026-09-22T00:24:02+00:00,784,warm,7840,0.9,1,407.72800147533417,401.9999951124192,431.276798248291,375.67999958992004,413.2095980644226,50,10,False,373.29599261283875,,False,407.72800147533417,34.43200886249542,143514599424.0,51380224.0,32112640.0,351.9861253205638,126.01593173410801,0.5200612263715997,6523.648023605347,0.02946618077694552,0.4915723838360597,784,7056,0.9,0e6e08559dbe6eaf,11630473a039827ea1d1ee5d1fe37f174e2b87b7,False,sha256:c2914767605584b6d8f45686b82de173ecc99e781897aa3d0a66dacd72c51ae1,d3ca5a1da86930eb,373.29599261283875,graph,137.63936666014155,384.4525584630241
88b1afa60bc4,attention_warm,flash_attn_3,flash_attn_3,warm,ok,,,,2026-09-22T00:24:02+00:00,784,warm,7840,0.9,8,1869.488000869751,1619.5775628089905,1902.4415731430054,1617.3440217971802,1833.8534355163574,50,10,False,1899.8719453811646,,False,1869.488000869751,-30.383944511413574,1148116795392.0,411041792.0,256901120.0,614.1343484728739,219.86864414683004,0.2980688776896924,29911.808013916016,0.05141166776659914,0.8576800730411598,784,7056,0.9,0e6e08559dbe6eaf,11630473a039827ea1d1ee5d1fe37f174e2b87b7,False,sha256:c2914767605584b6d8f45686b82de173ecc99e781897aa3d0a66dacd72c51ae1,d3ca5a1da86930eb,1899.8719453811646,graph,216.3523667999288,604.3127265409761
cc281458181c,attention_warm,flash_attn_3,flash_attn_3,warm,ok,,,,2026-09-22T00:24:03+00:00,784,warm,7840,0.9,32,7502.239942550659,7460.524797439575,7599.702262878418,7451.231956481934,7530.6342124938965,50,10,False,7532.495975494385,,False,7502.239942550659,-30.256032943725586,4592467181568.0,1644167168.0,1027604480.0,612.146134585856,219.15683590373217,0.2990369875060052,120035.83908081055,0.05124522634858941,0.8549033981391952,784,7056,0.9,0e6e08559dbe6eaf,11630473a039827ea1d1ee5d1fe37f174e2b87b7,False,sha256:c2914767605584b6d8f45686b82de173ecc99e781897aa3d0a66dacd72c51ae1,d3ca5a1da86930eb,7532.495975494385,graph,218.27654118223242,609.6873063734469
2fe15022a642,attention_warm,flash_attn_3,flash_attn_3,warm,ok,,,,2026-09-22T00:24:03+00:00,784,warm,7840,0.99,1,410.14400124549866,385.2191925048828,411.65760457515717,365.6960129737854,406.503683924675,50,10,False,364.6080046892166,,False,410.14400124549866,45.53599655628204,143514599424.0,51380224.0,32112640.0,349.9127111165449,125.27362059172358,0.5231428587315033,6562.3040199279785,0.029292606896141365,0.4886767209401974,784,7056,0.9,0e6e08559dbe6eaf,11630473a039827ea1d1ee5d1fe37f174e2b87b7,False,sha256:c2914767605584b6d8f45686b82de173ecc99e781897aa3d0a66dacd72c51ae1,d3ca5a1da86930eb,364.6080046892166,graph,140.9190784053008,393.61340831320615
fb15a14e18a5,attention_warm,flash_attn_3,flash_attn_3,warm,ok,,,,2026-09-22T00:24:03+00:00,784,warm,7840,0.99,8,1772.383987903595,1619.20645236969,1889.0207886695862,1617.408037185669,1754.605438709259,50,10,False,1888.4159922599792,,False,1772.383987903595,-116.03200435638428,1148116795392.0,411041792.0,256901120.0,647.781069580758,231.91463859148664,0.28258673276524154,28358.14380645752,0.054228370742642446,0.9046699902948765,784,7056,0.9,0e6e08559dbe6eaf,11630473a039827ea1d1ee5d1fe37f174e2b87b7,False,sha256:c2914767605584b6d8f45686b82de173ecc99e781897aa3d0a66dacd72c51ae1,d3ca5a1da86930eb,1888.4159922599792,graph,217.66485439899392,607.9787504965899
9198fdaa9140,attention_warm,flash_attn_3,flash_attn_3,warm,ok,,,,2026-09-22T00:24:04+00:00,784,warm,7840,0.99,32,7572.351932525635,7497.913599014282,7698.307323455811,7494.431972503662,7585.921306610107,50,10,False,7571.167945861816,,False,7572.351932525635,1.1839866638183594,4592467181568.0,1644167168.0,1027604480.0,606.4783072009513,217.1276748162991,0.30183162996355367,121157.63092041016,0.050770749616917056,0.8469878946055505,784,7056,0.9,0e6e08559dbe6eaf,11630473a039827ea1d1ee5d1fe37f174e2b87b7,False,sha256:c2914767605584b6d8f45686b82de173ecc99e781897aa3d0a66dacd72c51ae1,d3ca5a1da86930eb,7571.167945861816,graph,217.16162945489205,606.5731488730364
bc08daaa8e8f,attention_warm,flash_attn_3,flash_attn_3,warm,ok,,,,2026-09-22T00:24:05+00:00,784,warm,15680,0.0,1,4791.440010070801,4727.558279037476,4906.428670883179,4725.40807723999,4805.902061462402,50,10,False,4859.232187271118,,False,4791.440010070801,-67.79217720031738,3021349847040.0,449576960.0,64225280.0,630.5724042646118,93.82919520124742,0.30557653125451534,76663.04016113281,0.021939987983336365,0.880636927558694,15680,0,0.0,0e6e08559dbe6eaf,11630473a039827ea1d1ee5d1fe37f174e2b87b7,False,sha256:c2914767605584b6d8f45686b82de173ecc99e781897aa3d0a66dacd72c51ae1,d3ca5a1da86930eb,4859.232187271118,graph,92.52016423040625,621.7751551272859
56e158f9850f,attention_warm,flash_attn_3,flash_attn_3,warm,ok,,,,2026-09-22T00:24:09+00:00,784,warm,15680,0.0,8,38715.904235839844,38560.18524169922,39048.73123168945,38238.46435546875,38759.19418334961,50,10,False,38712.25547790527,,False,38715.904235839844,3.6487579345703125,24170798776320.0,3596615680.0,513802240.0,624.3118752717846,92.89762827418515,0.3086408182066314,619454.4677734375,0.021722160609440825,0.871893676220943,15680,0,0.0,0e6e08559dbe6eaf,11630473a039827ea1d1ee5d1fe37f174e2b87b7,False,sha256:c2914767605584b6d8f45686b82de173ecc99e781897aa3d0a66dacd72c51ae1,d3ca5a1da86930eb,38712.25547790527,graph,92.90638418246493,624.3707187279568
659d6c3064ca,attention_warm,flash_attn_3,flash_attn_3,warm,ok,,,,2026-09-22T00:24:29+00:00,784,warm,15680,0.0,32,154766.31927490234,154087.29553222656,155686.14349365234,154067.71850585938,154763.9434814453,50,10,False,154792.12951660156,,False,154766.31927490234,-25.81024169921875,96683195105280.0,14386462720.0,2055208960.0,624.7043643491146,92.95603066224098,0.3084469054426466,2476261.1083984375,0.021735816782121352,0.8724418137112973,15680,0,0.0,0e6e08559dbe6eaf,11630473a039827ea1d1ee5d1fe37f174e2b87b7,False,sha256:c2914767605584b6d8f45686b82de173ecc99e781897aa3d0a66dacd72c51ae1,d3ca5a1da86930eb,154792.12951660156,graph,92.94053105236878,624.6002003280836
a82a0911341f,attention_warm,flash_attn_3,flash_attn_3,warm,ok,,,,2026-09-22T00:24:29+00:00,784,warm,15680,0.5,1,3678.431987762451,3554.1568756103516,3681.0911655426025,3464.479923248291,3651.1078453063965,50,10,False,3645.2159881591797,,False,3678.431987762451,33.215999603271484,2265964216320.0,256901120.0,64225280.0,616.0136231575021,69.83984503578388,0.46918775354112896,58854.91180419922,0.016330581942610556,0.8603046069933551,7840,7840,0.5,0e6e08559dbe6eaf,11630473a039827ea1d1ee5d1fe37f174e2b87b7,False,sha256:c2914767605584b6d8f45686b82de173ecc99e781897aa3d0a66dacd72c51ae1,d3ca5a1da86930eb,3645.2159881591797,graph,70.47624086871575,621.6268730523987
ee403c94ef3a,attention_warm,flash_attn_3,flash_attn_3,warm,ok,,,,2026-09-22T00:24:33+00:00,784,warm,15680,0.5,8,28818.896293640137,28688.67473602295,29051.282501220703,28686.847686767578,28850.19634246826,50,10,False,28805.200576782227,,False,28818.896293640137,13.695716857910156,18127713730560.0,2055208960.0,513802240.0,629.021789934422,71.31463117321225,0.4594849536613542,461102.3406982422,0.016675429727607216,0.878471389976758,7840,7840,0.5,0e6e08559dbe6eaf,11630473a039827ea1d1ee5d1fe37f174e2b87b7,False,sha256:c2914767605584b6d8f45686b82de173ecc99e781897aa3d0a66dacd72c51ae1,d3ca5a1da86930eb,28805.200576782227,graph,71.34853841832138,629.3208645515015
f6ddb19b5467,attention_warm,flash_attn_3,flash_attn_3,warm,ok,,,,2026-09-22T00:24:47+00:00,784,warm,15680,0.5,32,115421.10443115234,114805.98678588867,116333.9469909668,114494.46105957031,115547.70111083984,50,10,False,115543.69735717773,,False,115421.10443115234,-122.59292602539062,72510854922240.0,8220835840.0,2055208960.0,628.2287392726525,71.22471995495118,0.460064988963458,1846737.6708984375,0.0166544058762997,0.8773638411949594,7840,7840,0.5,0e6e08559dbe6eaf,11630473a039827ea1d1ee5d1fe37f174e2b87b7,False,sha256:c2914767605584b6d8f45686b82de173ecc99e781897aa3d0a66dacd72c51ae1,d3ca5a1da86930eb,115543.69735717773,graph,71.14914987173302,627.5621827998871
2965c21d95ea,attention_warm,flash_attn_3,flash_attn_3,warm,ok,,,,2026-09-22T00:24:47+00:00,784,warm,15680,0.9,1,1089.0719890594482,1061.89124584198,1131.5263748168945,1058.4319829940796,1100.9222435951233,50,10,False,1046.239972114563,,False,1089.0719890594482,42.832016944885254,574039130112.0,102760448.0,64225280.0,527.0901610533163,94.35597373939136,0.6945612175124032,17425.151824951172,0.02206316408829995,0.7361169896385513,1568,14112,0.9,0e6e08559dbe6eaf,11630473a039827ea1d1ee5d1fe37f174e2b87b7,False,sha256:c2914767605584b6d8f45686b82de173ecc99e781897aa3d0a66dacd72c51ae1,d3ca5a1da86930eb,1046.239972114563,graph,98.21881283345553,548.668704515089
0665658db337,attention_warm,flash_attn_3,flash_attn_3,warm,ok,,,,2026-09-22T00:24:48+00:00,784,warm,15680,0.9,8,7390.960216522217,7368.732643127441,7587.852954864502,7350.719928741455,7453.4137535095215,50,10,False,7593.37592124939,,False,7390.960216522217,-202.41570472717285,4592313040896.0,822083584.0,513802240.0,621.3418698466345,111.22825179903727,0.5892028233834675,118255.36346435547,0.026008392192262413,0.8677458631629213,1568,14112,0.9,0e6e08559dbe6eaf,11630473a039827ea1d1ee5d1fe37f174e2b87b7,False,sha256:c2914767605584b6d8f45686b82de173ecc99e781897aa3d0a66dacd72c51ae1,d3ca5a1da86930eb,7593.37592124939,graph,108.26325372611568,604.7788346741557
32082fc0f22d,attention_warm,flash_attn_3,flash_attn_3,warm,ok,,,,2026-09-22T00:24:52+00:00,784,warm,15680,0.9,32,29407.24754333496,29157.41424560547,30204.214096069336,29148.639678955078,29682.022399902344,50,10,False,29598.095893859863,,False,29407.24754333496,-190.84835052490234,18369252163584.0,3288334336.0,2055208960.0,624.6505095900184,111.8205412170677,0.586081942429348,470515.9606933594,0.026146886641526024,0.8723666019049064,1568,14112,0.9,0e6e08559dbe6eaf,11630473a039827ea1d1ee5d1fe37f174e2b87b7,False,sha256:c2914767605584b6d8f45686b82de173ecc99e781897aa3d0a66dacd72c51ae1,d3ca5a1da86930eb,29598.095893859863,graph,111.09952301634938,620.6227667298932
9cb4321fc5d0,attention_warm,flash_attn_3,flash_attn_3,warm,ok,,,,2026-09-22T00:24:52+00:00,784,warm,15680,0.99,1,793.3599948883057,752.1152198314667,875.164806842804,747.5519776344299,804.9766397476196,50,10,False,702.1439969539642,,False,793.3599948883057,91.21599793434143,294572457984.0,83492864.0,64225280.0,371.2973427976688,105.23956909593691,1.0119387689901858,12693.75991821289,0.024608064434359086,0.5185418025918463,784,14896,0.95,0e6e08559dbe6eaf,11630473a039827ea1d1ee5d1fe37f174e2b87b7,False,sha256:c2914767605584b6d8f45686b82de173ecc99e781897aa3d0a66dacd72c51ae1,d3ca5a1da86930eb,702.1439969539642,graph,118.91131215563776,419.53282982110795
867655e20798,attention_warm,flash_attn_3,flash_attn_3,warm,ok,,,,2026-09-22T00:24:52+00:00,784,warm,15680,0.99,8,3769.0879106521606,3717.459225654602,3783.95836353302,3454.848051071167,3751.2102365493774,50,10,False,3782.2399139404297,,False,3769.0879106521606,-13.152003288269043,2356579663872.0,667942912.0,513802240.0,625.2387101961345,177.21606071120445,0.600938761264694,60305.40657043457,0.04143825633502122,0.8731880637561626,784,14896,0.95,0e6e08559dbe6eaf,11630473a039827ea1d1ee5d1fe37f174e2b87b7,False,sha256:c2914767605584b6d8f45686b82de173ecc99e781897aa3d0a66dacd72c51ae1,d3ca5a1da86930eb,3782.2399139404297,graph,176.59982634579117,623.0645642509911
ea9d68376f05,attention_warm,flash_attn_3,flash_attn_3,warm,ok,,,,2026-09-22T00:24:54+00:00,784,warm,15680,0.99,32,15084.112167358398,14997.135829925537,15875.48189163208,14965.0239944458,15320.611839294434,50,10,False,15236.400127410889,,False,15084.112167358398,-152.28796005249023,9426318655488.0,2671771648.0,2055208960.0,624.9170352820827,177.12488599638232,0.6012480934055484,241345.79467773438,0.04141693704156153,0.8727388230249358,784,14896,0.95,0e6e08559dbe6eaf,11630473a039827ea1d1ee5d1fe37f174e2b87b7,False,sha256:c2914767605584b6d8f45686b82de173ecc99e781897aa3d0a66dacd72c51ae1,d3ca5a1da86930eb,15236.400127410889,graph,175.3545211242764,618.670983740423
41684bb0b731,attention_warm,flash_attn_3,flash_attn_3,warm,ok,,,,2026-09-22T00:24:56+00:00,784,warm,31360,0.0,1,19052.47974395752,18961.26003265381,19794.984817504883,18956.67266845703,19180.76229095459,50,10,False,19050.832748413086,,False,19052.47974395752,1.6469955444335938,12085014036480.0,899153920.0,128450560.0,634.3013717315592,47.19353764357976,0.6075408081619107,304839.6759033203,0.011035218266238595,0.8858446823396674,31360,0,0.0,0e6e08559dbe6eaf,11630473a039827ea1d1ee5d1fe37f174e2b87b7,False,sha256:c2914767605584b6d8f45686b82de173ecc99e781897aa3d0a66dacd72c51ae1,d3ca5a1da86930eb,19050.832748413086,graph,47.19761765138055,634.3562087849766
126d5879516a,attention_warm,flash_attn_3,flash_attn_3,warm,ok,,,,2026-09-22T00:25:15+00:00,784,warm,31360,0.0,8,153194.97680664062,151835.5987548828,154532.61108398438,151561.5997314453,153231.70013427734,50,10,False,153844.30694580078,,False,153194.97680664062,-649.3301391601562,96680112291840.0,7193231360.0,1027604480.0,631.0919215965387,46.95474688493958,0.6106304879091224,2451119.62890625,0.010979382059140577,0.8813624685812751,31360,0,0.0,0e6e08559dbe6eaf,11630473a039827ea1d1ee5d1fe37f174e2b87b7,False,sha256:c2914767605584b6d8f45686b82de173ecc99e781897aa3d0a66dacd72c51ae1,d3ca5a1da86930eb,153844.30694580078,graph,46.75656514565839,628.4282740855683
d4632c785e57,attention_warm,flash_attn_3,flash_attn_3,warm,ok,,,,2026-09-22T00:26:32+00:00,784,warm,31360,0.0,32,619694.7326660156,612058.3557128906,635121.6003417969,610152.4658203125,621690.5285644531,50,10,False,621532.8674316406,,False,619694.7326660156,-1838.134765625,386720449167360.0,28772925440.0,4110417920.0,624.0499213276079,46.43080523891941,0.617521058539955,9915115.72265625,0.010856869301858618,0.8715278398554416,31360,0,0.0,0e6e08559dbe6eaf,11630473a039827ea1d1ee5d1fe37f174e2b87b7,False,sha256:c2914767605584b6d8f45686b82de173ecc99e781897aa3d0a66dacd72c51ae1,d3ca5a1da86930eb,621532.8674316406,graph,46.293489769733846,622.2043425722671
535614c2534d,attention_warm,flash_attn_3,flash_attn_3,warm,ok,,,,2026-09-22T00:26:34+00:00,784,warm,31360,0.5,1,14266.848087310791,14071.926498413086,15930.34887313843,14047.679901123047,14646.661777496338,50,10,False,14460.432052612305,,False,14266.848087310791,-193.58396530151367,9063664189440.0,513802240.0,128450560.0,635.2954860086719,36.01371773608395,0.9098755157723719,228269.56939697266,0.008421052026186888,0.8872330300325223,15680,15680,0.5,0e6e08559dbe6eaf,11630473a039827ea1d1ee5d1fe37f174e2b87b7,False,sha256:c2914767605584b6d8f45686b82de173ecc99e781897aa3d0a66dacd72c51ae1,d3ca5a1da86930eb,14460.432052612305,graph,35.531596713749686,626.7906903793121
c2bef478e19a,attention_warm,flash_attn_3,flash_attn_3,warm,ok,,,,2026-09-22T00:26:48+00:00,784,warm,31360,0.5,8,115215.02685546875,114047.32894897461,118446.05407714844,113284.31701660156,115822.05047607422,50,10,False,117139.26696777344,,False,115215.02685546875,-1924.2401123046875,72509313515520.0,4110417920.0,1027604480.0,629.3390323684006,35.6760574743111,0.9184871401105609,1843440.4296875,0.00834209726088322,0.8789144404503605,15680,15680,0.5,0e6e08559dbe6eaf,11630473a039827ea1d1ee5d1fe37f174e2b87b7,False,sha256:c2914767605584b6d8f45686b82de173ecc99e781897aa3d0a66dacd72c51ae1,d3ca5a1da86930eb,117139.26696777344,graph,35.09000889625535,619.0009156832804
9281248c7c23,attention_warm,flash_attn_3,flash_attn_3,warm,ok,,,,2026-09-22T00:27:45+00:00,784,warm,31360,0.5,32,466359.06982421875,459243.7194824219,472873.8250732422,456165.0695800781,466386.55029296875,50,10,False,465515.56396484375,,False,466359.06982421875,843.505859375,290037254062080.0,16441671680.0,4110417920.0,621.9183303787821,35.255391701071105,0.92944648801064,7461745.1171875,0.008243733398866809,0.8685509292084,15680,15680,0.5,0e6e08559dbe6eaf,11630473a039827ea1d1ee5d1fe37f174e2b87b7,False,sha256:c2914767605584b6d8f45686b82de173ecc99e781897aa3d0a66dacd72c51ae1,d3ca5a1da86930eb,465515.56396484375,graph,35.31927383901969,623.0452352479969
4a5484e98fe2,attention_warm,flash_attn_3,flash_attn_3,warm,ok,,,,2026-09-22T00:27:46+00:00,784,warm,31360,0.9,1,3946.287989616394,3861.6127014160156,3950.054430961609,3628.9279460906982,3914.540796279907,50,10,False,3876.4480352401733,,False,3946.287989616394,69.8399543762207,2296117985280.0,205520896.0,128450560.0,581.8424786334964,52.0795483098987,1.2583826497501256,63140.607833862305,0.01217770931154243,0.812582297039308,3136,28224,0.9,0e6e08559dbe6eaf,11630473a039827ea1d1ee5d1fe37f174e2b87b7,False,sha256:c2914767605584b6d8f45686b82de173ecc99e781897aa3d0a66dacd72c51ae1,d3ca5a1da86930eb,3876.4480352401733,graph,53.017838529406866,592.3252328952577
8a991a2ef8c7,attention_warm,flash_attn_3,flash_attn_3,warm,ok,,,,2026-09-22T00:27:49+00:00,784,warm,31360,0.9,8,29071.855545043945,28888.98811340332,30156.016159057617,28875.96893310547,29357.338829040527,50,10,False,30211.856842041016,,False,29071.855545043945,-1140.0012969970703,18368943882240.0,1644167168.0,1027604480.0,631.8462835569319,56.55528817046187,1.158795262477836,465149.6887207031,0.01322426713980344,0.8824159859800306,3136,28224,0.9,0e6e08559dbe6eaf,11630473a039827ea1d1ee5d1fe37f174e2b87b7,False,sha256:c2914767605584b6d8f45686b82de173ecc99e781897aa3d0a66dacd72c51ae1,d3ca5a1da86930eb,30211.856842041016,graph,54.42125509187754,608.0044658717857
b74d37735104,attention_warm,flash_attn_3,flash_attn_3,warm,ok,,,,2026-09-22T00:28:04+00:00,784,warm,31360,0.9,32,118362.4496459961,116391.21932983398,120221.43325805664,115421.98181152344,118262.58544921875,50,10,False,117230.76629638672,,False,118362.4496459961,1131.683349609375,73475775528960.0,6576668672.0,4110417920.0,620.7693043588972,55.56381007380133,1.1794727523716129,1893799.1943359375,0.012992430796330418,0.8669462368098856,3136,28224,0.9,0e6e08559dbe6eaf,11630473a039827ea1d1ee5d1fe37f174e2b87b7,False,sha256:c2914767605584b6d8f45686b82de173ecc99e781897aa3d0a66dacd72c51ae1,d3ca5a1da86930eb,117230.76629638672,graph,56.10019348822347,626.7618804367115
fe5441b3dee4,attention_warm,flash_attn_3,flash_attn_3,warm,ok,,,,2026-09-22T00:28:04+00:00,784,warm,31360,0.99,1,1442.5920248031616,1376.1023879051208,1642.2272443771365,1371.8080520629883,1464.0748810768127,50,10,False,1351.5200018882751,,False,1442.5920248031616,91.07202291488647,596688175104.0,147718144.0,128450560.0,413.6222610723338,102.3977267725127,1.8400408479632164,23081.472396850586,0.023943559252440665,0.5776514079860791,784,30576,0.975,0e6e08559dbe6eaf,11630473a039827ea1d1ee5d1fe37f174e2b87b7,False,sha256:c2914767605584b6d8f45686b82de173ecc99e781897aa3d0a66dacd72c51ae1,d3ca5a1da86930eb,1351.5200018882751,graph,109.29778604357739,441.4941504900687
c75b9d22df35,attention_warm,flash_attn_3,flash_attn_3,warm,ok,,,,2026-09-22T00:28:05+00:00,784,warm,31360,0.99,8,7745.63193321228,7504.012966156006,7783.89778137207,7423.711776733398,7666.839065551758,50,10,False,7832.639932632446,,False,7745.63193321228,-87.00799942016602,4773505400832.0,1181745152.0,1027604480.0,616.2835314138565,152.56923672461477,1.2349540709841007,123930.11093139648,0.0356751138404771,0.8606815520927459,784,30576,0.975,0e6e08559dbe6eaf,11630473a039827ea1d1ee5d1fe37f174e2b87b7,False,sha256:c2914767605584b6d8f45686b82de173ecc99e781897aa3d0a66dacd72c51ae1,d3ca5a1da86930eb,7832.639932632446,graph,150.87443852443647,609.4376151448708
20399c5821fc,attention_warm,flash_attn_3,flash_attn_3,warm,ok,,,,2026-09-22T00:28:09+00:00,784,warm,31360,0.99,32,31359.16805267334,30137.807846069336,31801.98097229004,29981.24885559082,31121.284523010254,50,10,False,31019.824028015137,,False,31359.16805267334,339.3440246582031,19094021603328.0,4726980608.0,4110417920.0,608.8816377799363,150.73679888637957,1.249966838834237,501746.68884277344,0.03524663671174482,0.850344307989123,784,30576,0.975,0e6e08559dbe6eaf,11630473a039827ea1d1ee5d1fe37f174e2b87b7,False,sha256:c2914767605584b6d8f45686b82de173ecc99e781897aa3d0a66dacd72c51ae1,d3ca5a1da86930eb,31019.824028015137,graph,152.38579702228134,615.5425506631982
2748bdcae792,attention_warm,flash_attn_3,flash_attn_3,warm,ok,,,,2026-09-22T00:28:18+00:00,784,warm,62720,0.0,1,77512.86315917969,76101.88674926758,79376.8814086914,74180.9310913086,77443.52005004883,50,10,False,77617.23327636719,,False,77512.86315917969,-104.3701171875,48339285442560.0,1798307840.0,256901120.0,623.6292077521495,23.200121459931264,1.235855598838962,1240205.810546875,0.005424861472499009,0.8709402849482362,62720,0,0.0,0e6e08559dbe6eaf,11630473a039827ea1d1ee5d1fe37f174e2b87b7,False,sha256:c2914767605584b6d8f45686b82de173ecc99e781897aa3d0a66dacd72c51ae1,d3ca5a1da86930eb,77617.23327636719,graph,23.168924787577385,622.7906278292747
42bd866c0166,attention_warm,flash_attn_3,flash_attn_3,warm,ok,,,,2026-09-22T00:29:35+00:00,784,warm,62720,0.0,8,619296.5393066406,612326.904296875,628883.8928222656,607164.2456054688,619935.7263183594,50,10,False,619332.1838378906,,False,619296.5393066406,-35.64453125,386714283540480.0,14386462720.0,2055208960.0,624.4412151462079,23.2303295867065,1.2342485238094718,9908744.62890625,0.005431925008928436,0.8720743080862968,62720,0,0.0,0e6e08559dbe6eaf,11630473a039827ea1d1ee5d1fe37f174e2b87b7,False,sha256:c2914767605584b6d8f45686b82de173ecc99e781897aa3d0a66dacd72c51ae1,d3ca5a1da86930eb,619332.1838378906,graph,23.228992607569122,624.4052765740041
3066bdfdade4,attention_warm,flash_attn_3,flash_attn_3,warm,ok,,,,2026-09-22T00:32:36+00:00,784,warm,62720,0.0,32,2479546.0205078125,2470146.435546875,2492708.6669921875,2460303.22265625,2479775.029296875,50,10,False,,PointTimeout: point exceeded 180 s,False,2479546.0205078125,,1546857134161920.0,57545850880.0,8220835840.0,623.8469144626414,23.20822053878015,1.2354243166592656,39672736.328125,0.005426755272101996,0.8712443270651127,62720,0,0.0,0e6e08559dbe6eaf,11630473a039827ea1d1ee5d1fe37f174e2b87b7,False,sha256:c2914767605584b6d8f45686b82de173ecc99e781897aa3d0a66dacd72c51ae1,d3ca5a1da86930eb,2479546.0205078125,eager,23.20822053878015,623.8469144626414
70d0401a30ad,attention_warm,flash_attn_3,flash_attn_3,warm,ok,,,,2026-09-22T00:32:43+00:00,784,warm,62720,0.5,1,58941.12014770508,57447.66273498535,59924.57618713379,56763.87023925781,58693.88259887695,50,10,False,57890.625,,False,58941.12014770508,1050.4951477050781,36254271406080.0,1027604480.0,256901120.0,615.0930168145369,17.434424005258926,1.8795000047099835,943057.9223632812,0.004076674134861242,0.8590189180924819,31360,31360,0.5,0e6e08559dbe6eaf,11630473a039827ea1d1ee5d1fe37f174e2b87b7,False,sha256:c2914767605584b6d8f45686b82de173ecc99e781897aa3d0a66dacd72c51ae1,d3ca5a1da86930eb,57890.625,graph,17.75079263697706,626.2546207797895
76c4a114d017,attention_warm,flash_attn_3,flash_attn_3,warm,ok,,,,2026-09-22T00:33:40+00:00,784,warm,62720,0.5,8,463021.22497558594,461594.52209472656,470217.4346923828,458749.45068359375,464241.5020751953,50,10,False,463530.28869628906,,False,463021.22497558594,-509.063720703125,290034171248640.0,8220835840.0,2055208960.0,626.394980627363,17.75477104841893,1.8455884286335535,7408339.599609375,0.00415158056736717,0.8748028734641319,31360,31360,0.5,0e6e08559dbe6eaf,11630473a039827ea1d1ee5d1fe37f174e2b87b7,False,sha256:c2914767605584b6d8f45686b82de173ecc99e781897aa3d0a66dacd72c51ae1,d3ca5a1da86930eb,463530.28869628906,graph,17.735272193585597,625.7070537167725
92eb36cea186,attention_warm,flash_attn_3,flash_attn_3,warm,ok,,,,2026-09-22T00:37:29+00:00,784,warm,62720,0.5,32,1855818.115234375,1853263.3178710938,1857059.6313476562,1848096.3134765625,1856802.0556640625,50,10,False,,PointTimeout: point exceeded 180 s,False,1855818.115234375,,1160136684994560.0,32883343360.0,8220835840.0,625.1349070639092,17.719055057206994,1.8493085491413972,29693089.84375,0.004143229132439885,0.8730430956750737,31360,31360,0.5,0e6e08559dbe6eaf,11630473a039827ea1d1ee5d1fe37f174e2b87b7,False,sha256:c2914767605584b6d8f45686b82de173ecc99e781897aa3d0a66dacd72c51ae1,d3ca5a1da86930eb,1855818.115234375,eager,17.719055057206994,625.1349070639092
e6107827be76,attention_warm,flash_attn_3,flash_attn_3,warm,ok,,,,2026-09-22T00:37:30+00:00,784,warm,62720,0.9,1,14570.799827575684,14560.09578704834,15289.379119873047,14558.303833007812,14737.240943908691,50,10,False,15127.69603729248,,False,14570.799827575684,-556.8962097167969,9184394870784.0,411041792.0,256901120.0,630.328806892416,28.209967665748238,2.32315048271296,233132.79724121094,0.006596308859618092,0.8802967273850723,6272,56448,0.9,0e6e08559dbe6eaf,11630473a039827ea1d1ee5d1fe37f174e2b87b7,False,sha256:c2914767605584b6d8f45686b82de173ecc99e781897aa3d0a66dacd72c51ae1,d3ca5a1da86930eb,15127.69603729248,graph,27.171473500439745,607.1244985451071
035e0274fb53,attention_warm,flash_attn_3,flash_attn_3,warm,ok,,,,2026-09-22T00:37:45+00:00,784,warm,62720,0.9,8,117788.07830810547,116850.32653808594,119874.70779418945,116531.42547607422,118056.923828125,50,10,False,117778.09524536133,,False,117788.07830810547,9.983062744140625,73475158966272.0,3288334336.0,2055208960.0,623.7911342273412,27.91737825451658,2.347498371893046,1884609.2529296875,0.006527892966753345,0.8711664262012293,6272,56448,0.9,0e6e08559dbe6eaf,11630473a039827ea1d1ee5d1fe37f174e2b87b7,False,sha256:c2914767605584b6d8f45686b82de173ecc99e781897aa3d0a66dacd72c51ae1,d3ca5a1da86930eb,117778.09524536133,graph,27.919744576863586,623.8440077775481
61fd6b895ee2,attention_warm,flash_attn_3,flash_attn_3,warm,ok,,,,2026-09-22T00:38:43+00:00,784,warm,62720,0.9,32,474241.43981933594,472833.6975097656,475867.3278808594,471033.7219238281,474265.4895019531,50,10,False,474183.59375,,False,474241.43981933594,57.8460693359375,293900635865088.0,13153337344.0,8220835840.0,619.7278668373025,27.735529288648443,2.362889826905971,7587863.037109375,0.006485371402784138,0.86549179901169,6272,56448,0.9,0e6e08559dbe6eaf,11630473a039827ea1d1ee5d1fe37f174e2b87b7,False,sha256:c2914767605584b6d8f45686b82de173ecc99e781897aa3d0a66dacd72c51ae1,d3ca5a1da86930eb,474183.59375,graph,27.738912770007662,619.8034679791956
321e4c6b0baa,attention_warm,flash_attn_3,flash_attn_3,warm,ok,,,,2026-09-22T00:38:44+00:00,784,warm,62720,0.99,1,2739.840030670166,2701.907229423523,2844.7712421417236,2699.1360187530518,2790.7596826553345,50,10,False,2687.4719858169556,,False,2739.840030670166,52.36804485321045,1200919609344.0,276168704.0,256901120.0,438.3174184991576,100.79738266049388,3.49469391667113,43837.440490722656,0.023569352370333366,0.6121398623092568,784,61936,0.9875,0e6e08559dbe6eaf,11630473a039827ea1d1ee5d1fe37f174e2b87b7,False,sha256:c2914767605584b6d8f45686b82de173ecc99e781897aa3d0a66dacd72c51ae1,d3ca5a1da86930eb,2687.4719858169556,graph,102.7615191739565,446.85846612794984
dbf062765560,attention_warm,flash_attn_3,flash_attn_3,warm,ok,,,,2026-09-22T00:38:46+00:00,784,warm,62720,0.99,8,15733.61587524414,15567.302513122559,15802.109050750732,15170.33576965332,15680.141372680664,50,10,False,15614.320278167725,,False,15733.61587524414,119.29559707641602,9607356874752.0,2209349632.0,2055208960.0,610.6261237678095,140.4222430189282,2.5085484494968338,251737.85400390625,0.032834794307043835,0.8527806004277707,784,61936,0.9875,0e6e08559dbe6eaf,11630473a039827ea1d1ee5d1fe37f174e2b87b7,False,sha256:c2914767605584b6d8f45686b82de173ecc99e781897aa3d0a66dacd72c51ae1,d3ca5a1da86930eb,15614.320278167725,graph,141.49508865199593,615.2913930032043
a4a025411ae5,attention_warm,flash_attn_3,flash_attn_3,warm,ok,,,,2026-09-22T00:38:53+00:00,784,warm,62720,0.99,32,62175.567626953125,62118.09997558594,62423.48747253418,61337.18490600586,62206.2873840332,50,10,False,62665.58265686035,,False,62175.567626953125,-490.01502990722656,38429427499008.0,8837398528.0,8220835840.0,618.0792386099396,142.13619377025174,2.478299092273323,994809.08203125,0.03323556571734331,0.8631893784062012,784,61936,0.9875,0e6e08559dbe6eaf,11630473a039827ea1d1ee5d1fe37f174e2b87b7,False,sha256:c2914767605584b6d8f45686b82de173ecc99e781897aa3d0a66dacd72c51ae1,d3ca5a1da86930eb,62665.58265686035,graph,141.0247563864711,613.2461531465697
2be3f4e605e0,attention_warm,flash_attn_3,flash_attn_3,warm,ok,,,,2026-09-22T00:39:31+00:00,784,warm,125440,0.0,1,308394.1192626953,307790.05126953125,309754.541015625,306932.0373535156,308896.57653808594,50,10,False,308979.4006347656,,False,308394.1192626953,-585.2813720703125,193355600363520.0,3596615680.0,513802240.0,626.9756402158125,11.662400335644346,2.458499037489599,4934305.908203125,0.0027270075446356725,0.8756138037751816,125440,0,0.0,0e6e08559dbe6eaf,11630473a039827ea1d1ee5d1fe37f174e2b87b7,False,sha256:c2914767605584b6d8f45686b82de173ecc99e781897aa3d0a66dacd72c51ae1,d3ca5a1da86930eb,308979.4006347656,graph,11.640308941667739,625.7879974078897
e7e5a4520f76,attention_warm,flash_attn_3,flash_attn_3,warm,ok,,,,2026-09-22T00:42:32+00:00,784,warm,125440,0.0,8,2467285.5224609375,2461148.681640625,2487665.6005859375,2451090.33203125,2471220.3125,50,10,False,,PointTimeout: point exceeded 180 s,False,2467285.5224609375,,1546844802908160.0,28772925440.0,4110417920.0,626.9419525330393,11.661773709635803,2.4586311408451627,39476568.359375,0.0027268610212953836,0.8755667566521973,125440,0,0.0,0e6e08559dbe6eaf,11630473a039827ea1d1ee5d1fe37f174e2b87b7,False,sha256:c2914767605584b6d8f45686b82de173ecc99e781897aa3d0a66dacd72c51ae1,d3ca5a1da86930eb,2467285.5224609375,eager,11.661773709635803,626.9419525330393
4b5201aa2441,attention_warm,flash_attn_3,flash_attn_3,warm,ok,,,,2026-09-22T00:52:53+00:00,784,warm,125440,0.5,1,230662.5747680664,228647.8775024414,234215.41137695312,225973.78540039062,230998.51928710938,50,10,False,231015.57159423828,,False,230662.5747680664,-352.996826171875,145016314920960.0,2055208960.0,513802240.0,628.6945988822652,8.910023492395911,3.6776558477051404,3690601.1962890625,0.0020834219875288038,0.8780144455863161,62720,62720,0.5,0e6e08559dbe6eaf,11630473a039827ea1d1ee5d1fe37f174e2b87b7,False,sha256:c2914767605584b6d8f45686b82de173ecc99e781897aa3d0a66dacd72c51ae1,d3ca5a1da86930eb,231015.57159423828,graph,8.896408782390749,627.7339398387846
eaae4ec292c4,attention_warm,flash_attn_3,flash_attn_3,warm,ok,,,,2026-09-22T00:56:41+00:00,784,warm,125440,0.5,8,1852728.6376953125,1836928.515625,1869285.8642578125,1830924.8046875,1852177.9931640625,50,10,False,,PointTimeout: point exceeded 180 s,False,1852728.6376953125,,1160130519367680.0,16441671680.0,4110417920.0,626.1740093847825,8.874301041976924,3.6924598168353646,29643658.203125,0.0020750690422515167,0.8744942722078307,62720,62720,0.5,0e6e08559dbe6eaf,11630473a039827ea1d1ee5d1fe37f174e2b87b7,False,sha256:c2914767605584b6d8f45686b82de173ecc99e781897aa3d0a66dacd72c51ae1,d3ca5a1da86930eb,1852728.6376953125,eager,8.874301041976924,626.1740093847825
a650b611dd47,attention_warm,flash_attn_3,flash_attn_3,warm,ok,,,,2026-09-22T01:04:12+00:00,784,warm,125440,0.9,1,59247.98393249512,57563.50784301758,60558.81118774414,56742.91229248047,59024.64782714844,50,10,False,57930.240631103516,,False,59247.98393249512,1317.7433013916016,36737425342464.0,822083584.0,513802240.0,620.0620325633564,13.875300549241484,4.723213004822633,947967.7429199219,0.003244447814591203,0.8659584840050346,12544,112896,0.9,0e6e08559dbe6eaf,11630473a039827ea1d1ee5d1fe37f174e2b87b7,False,sha256:c2914767605584b6d8f45686b82de173ecc99e781897aa3d0a66dacd72c51ae1,d3ca5a1da86930eb,57930.240631103516,graph,14.190922997109258,634.1666276928805
42290a6aeacb,attention_warm,flash_attn_3,flash_attn_3,warm,ok,,,,2026-09-22T01:05:10+00:00,784,warm,125440,0.9,8,473103.515625,470886.8621826172,475259.92126464844,468482.666015625,472991.7224121094,50,10,False,472837.0056152344,,False,473103.515625,266.510009765625,293899402739712.0,6576668672.0,4110417920.0,621.2158503017085,13.901119849662924,4.714440326301419,7569656.25,0.0032504851160917603,0.86756986836184,12544,112896,0.9,0e6e08559dbe6eaf,11630473a039827ea1d1ee5d1fe37f174e2b87b7,False,sha256:c2914767605584b6d8f45686b82de173ecc99e781897aa3d0a66dacd72c51ae1,d3ca5a1da86930eb,472837.0056152344,graph,13.908955081556556,621.5659926136773
21f74cdd7542,attention_warm,flash_attn_3,flash_attn_3,warm,ok,,,,2026-09-22T01:09:06+00:00,784,warm,125440,0.9,32,1913605.5297851562,1909306.0302734375,1917799.951171875,1903937.744140625,1913235.6127929688,50,10,False,,PointTimeout: point exceeded 180 s,False,1913605.5297851562,,1175597610958848.0,26306674688.0,16441671680.0,614.336441163417,13.747177398130479,4.767233163726573,30617688.4765625,0.0032144889047899046,0.8579623091251977,12544,112896,0.9,0e6e08559dbe6eaf,11630473a039827ea1d1ee5d1fe37f174e2b87b7,False,sha256:c2914767605584b6d8f45686b82de173ecc99e781897aa3d0a66dacd72c51ae1,d3ca5a1da86930eb,1913605.5297851562,eager,13.747177398130479,614.336441163417
0a6bab5528aa,attention_warm,flash_attn_3,flash_attn_3,warm,ok,,,,2026-09-22T01:09:07+00:00,784,warm,125440,0.99,1,9179.215908050537,9041.516971588135,9556.713962554932,8638.079643249512,9222.099132537842,50,10,False,9243.168354034424,,False,9179.215908050537,-63.95244598388672,4803659169792.0,552337408.0,513802240.0,523.3191176578601,60.17261316574743,5.854091778093455,146867.4545288086,0.014070102668480468,0.7308504729831993,1568,123872,0.9875,0e6e08559dbe6eaf,11630473a039827ea1d1ee5d1fe37f174e2b87b7,False,sha256:c2914767605584b6d8f45686b82de173ecc99e781897aa3d0a66dacd72c51ae1,d3ca5a1da86930eb,9243.168354034424,graph,59.756285598640844,519.6983313297889
ec45a8f8fa16,attention_warm,flash_attn_3,flash_attn_3,warm,ok,,,,2026-09-22T01:09:15+00:00,784,warm,125440,0.99,8,62790.20881652832,62089.59197998047,64297.30682373047,59590.721130371094,62885.6819152832,50,10,False,62869.58312988281,,False,62790.20881652832,-79.37431335449219,38429273358336.0,4418699264.0,4110417920.0,612.026525833439,70.3724250529465,5.005597003868648,1004643.3410644531,0.01645511460167953,0.854736356442595,1568,123872,0.9875,0e6e08559dbe6eaf,11630473a039827ea1d1ee5d1fe37f174e2b87b7,False,sha256:c2914767605584b6d8f45686b82de173ecc99e781897aa3d0a66dacd72c51ae1,d3ca5a1da86930eb,62869.58312988281,graph,70.28357822687279,611.2538280863838
ec2ea8530aeb,attention_warm,flash_attn_3,flash_attn_3,warm,ok,,,,2026-09-22T01:09:46+00:00,784,warm,125440,0.99,32,250658.19549560547,249562.18719482422,253321.96807861328,248534.7137451172,251080.45837402344,50,10,False,251193.51959228516,,False,250658.19549560547,-535.3240966796875,153717093433344.0,17674797056.0,16441671680.0,613.2538101513579,70.51354144257323,4.995579470177086,4010531.1279296875,0.016488111707601855,0.8564503418369187,1568,123872,0.9875,0e6e08559dbe6eaf,11630473a039827ea1d1ee5d1fe37f174e2b87b7,False,sha256:c2914767605584b6d8f45686b82de173ecc99e781897aa3d0a66dacd72c51ae1,d3ca5a1da86930eb,251193.51959228516,graph,70.36326846603427,611.9468913164791
e148994da84f,attention_warm,flash_attn_3,flash_attn_3,warm,ok,,,,2026-09-22T01:09:46+00:00,784,warm,,,1,43.15200075507164,42.208001017570496,52.54720076918607,41.88799858093262,45.77407997101545,100,10,False,15.647999942302704,,False,43.15200075507164,27.504000812768936,51118080.0,1835008.0,262144.0,1.1846050960682768,42.524285499886865,0.6742500117979944,690.4320120811462,0.00994341165205986,0.0016543809800692929,64,0,,0e6e08559dbe6eaf,11630473a039827ea1d1ee5d1fe37f174e2b87b7,False,sha256:c2914767605584b6d8f45686b82de173ecc99e781897aa3d0a66dacd72c51ae1,d3ca5a1da86930eb,15.647999942302704,graph,117.2678940929218,3.2667484783028216
e76a02d0d803,attention_warm,flash_attn_3,flash_attn_3,warm,ok,,,,2026-09-22T01:09:46+00:00,784,warm,,,8,42.62400045990944,41.85599833726883,54.297598823905005,41.53599962592125,44.85760010778904,100,10,True,16.063999384641647,,False,42.62400045990944,26.56000107526779,408944640.0,14680064.0,2097152.0,9.59423413071324,344.4084046922702,0.08325000089826062,681.984007358551,0.0805326768933855,0.013398995595126825,64,0,,0e6e08559dbe6eaf,11630473a039827ea1d1ee5d1fe37f174e2b87b7,False,sha256:c2914767605584b6d8f45686b82de173ecc99e781897aa3d0a66dacd72c51ae1,d3ca5a1da86930eb,16.063999384641647,graph,913.8486405841878,25.45721213055952
a3a73ed883f6,attention_warm,flash_attn_3,flash_attn_3,warm,ok,,,,2026-09-22T01:09:46+00:00,784,warm,,,32,47.71199822425842,46.140801161527634,59.40800122916699,44.73600164055824,49.545600078999996,100,10,True,35.071998834609985,,False,47.71199822425842,12.639999389648438,1635778560.0,58720256.0,8388608.0,34.28442783535136,1230.7230504997924,0.023296874132938683,763.3919715881348,0.28777875458556146,0.047880517745210176,64,0,,0e6e08559dbe6eaf,11630473a039827ea1d1ee5d1fe37f174e2b87b7,False,sha256:c2914767605584b6d8f45686b82de173ecc99e781897aa3d0a66dacd72c51ae1,d3ca5a1da86930eb,35.071998834609985,graph,1674.2774278965044,46.640585491402625
1359aaae4edf,attention_warm,flash_attn_3,flash_attn_3,warm,ok,,,,2026-09-22T01:09:46+00:00,784,warm,,,1,45.53600028157234,41.36959873139858,52.57280059158803,40.16000032424927,46.115200370550156,50,10,False,24.49600026011467,,False,45.53600028157234,21.040000021457672,2517368832.0,8257536.0,6684672.0,55.28304674178283,181.34082811268974,0.7115000043995678,728.5760045051575,0.042402746620039046,0.07720650650030278,64,1568,,0e6e08559dbe6eaf,11630473a039827ea1d1ee5d1fe37f174e2b87b7,False,sha256:c2914767605584b6d8f45686b82de173ecc99e781897aa3d0a66dacd72c51ae1,d3ca5a1da86930eb,24.49600026011467,graph,337.09731843223557,102.76652536205583
a4375fd839c8,attention_warm,flash_attn_3,flash_attn_3,warm,ok,,,,2026-09-22T01:09:46+00:00,784,warm,,,8,81.90399780869484,81.59680292010307,82.69119635224342,80.99199831485748,82.82623931765556,50,10,False,80.99199831485748,,False,81.90399780869484,0.9119994938373566,20138950656.0,66060288.0,53477376.0,245.8848309583012,806.5575523468174,0.1599687457201071,1310.4639649391174,0.1885965553514958,0.3433947641919657,64,1568,,0e6e08559dbe6eaf,11630473a039827ea1d1ee5d1fe37f174e2b87b7,False,sha256:c2914767605584b6d8f45686b82de173ecc99e781897aa3d0a66dacd72c51ae1,d3ca5a1da86930eb,80.99199831485748,graph,815.6396850857999,248.65358399615675
b1537c29dc8e,attention_warm,flash_attn_3,flash_attn_3,warm,ok,,,,2026-09-22T01:09:46+00:00,784,warm,,,32,157.71199762821198,154.62080091238022,158.75839442014694,153.72799336910248,158.1075194478035,50,10,False,153.29600125551224,,False,157.71199762821198,4.4159963726997375,80555802624.0,264241152.0,213909504.0,510.77789791174354,1675.4663942746977,0.07700781134190038,2523.3919620513916,0.3917726511244985,0.7133358130482491,64,1568,,0e6e08559dbe6eaf,11630473a039827ea1d1ee5d1fe37f174e2b87b7,False,sha256:c2914767605584b6d8f45686b82de173ecc99e781897aa3d0a66dacd72c51ae1,d3ca5a1da86930eb,153.29600125551224,graph,1723.7315379124962,525.4918717007524
c0341e5e2ea7,attention_warm,flash_attn_3,flash_attn_3,warm,ok,,,,2026-09-22T01:09:46+00:00,784,warm,,,1,42.367998510599136,41.334398463368416,54.416000470519066,40.800001472234726,44.94303975254297,100,10,True,38.44799846410751,,False,42.367998510599136,3.920000046491623,12382371840.0,33947648.0,32374784.0,292.257653778531,801.256825750392,0.6619999767281115,677.8879761695862,0.1873570916901153,0.4081575415264046,64,7840,,0e6e08559dbe6eaf,11630473a039827ea1d1ee5d1fe37f174e2b87b7,False,sha256:c2914767605584b6d8f45686b82de173ecc99e781897aa3d0a66dacd72c51ae1,d3ca5a1da86930eb,38.44799846410751,graph,882.9496815469149,322.05504407620487
ead1519915b5,attention_warm,flash_attn_3,flash_attn_3,warm,ok,,,,2026-09-22T01:09:46+00:00,784,warm,,,8,215.2160033583641,214.48000073432922,215.97119867801666,213.8880044221878,216.16255968809128,50,10,False,214.38399702310562,,False,215.2160033583641,0.8320063352584839,99058974720.0,271581184.0,258998272.0,460.2769922971446,1261.9005081503171,0.4203437565593049,3443.4560537338257,0.2950689486955755,0.6428078894369433,64,7840,,0e6e08559dbe6eaf,11630473a039827ea1d1ee5d1fe37f174e2b87b7,False,sha256:c2914767605584b6d8f45686b82de173ecc99e781897aa3d0a66dacd72c51ae1,d3ca5a1da86930eb,214.38399702310562,graph,1266.797838323398,462.06328875062326
7578f193dcf9,attention_warm,flash_attn_3,flash_attn_3,warm,ok,,,,2026-09-22T01:09:46+00:00,784,warm,,,32,603.7279963493347,601.5103876590729,696.691220998764,595.6479907035828,625.9398436546326,50,10,False,691.6639804840088,,False,603.7279963493347,-87.93598413467407,396235898880.0,1086324736.0,1035993088.0,656.3152632907324,1799.3612066507856,0.2947890607174486,9659.647941589355,0.42074285265824185,0.916588567887417,64,7840,,0e6e08559dbe6eaf,11630473a039827ea1d1ee5d1fe37f174e2b87b7,False,sha256:c2914767605584b6d8f45686b82de173ecc99e781897aa3d0a66dacd72c51ae1,d3ca5a1da86930eb,691.6639804840088,graph,1570.5960793849893,572.8734039362932
545b57e675ad,attention_warm,flash_attn_3,flash_attn_3,warm,ok,,,,2026-09-22T01:09:46+00:00,784,warm,,,1,70.39999961853027,69.98079717159271,70.7872025668621,69.43999975919724,71.20128005743027,50,10,False,70.17599791288376,,False,70.39999961853027,0.2240017056465149,24713625600.0,66060288.0,64487424.0,351.0458200839965,938.3563687209453,1.0999999940395355,1126.3999938964844,0.21941494232864298,0.4902591841005532,64,15680,,0e6e08559dbe6eaf,11630473a039827ea1d1ee5d1fe37f174e2b87b7,False,sha256:c2914767605584b6d8f45686b82de173ecc99e781897aa3d0a66dacd72c51ae1,d3ca5a1da86930eb,70.17599791288376,graph,941.3516011843111,352.16635794305927
4301602c2ba8,attention_warm,flash_attn_3,flash_attn_3,warm,ok,,,,2026-09-22T01:09:46+00:00,784,warm,,,8,489.1360104084015,487.6959949731827,491.58400297164917,486.7199957370758,490.3968018293381,50,10,False,429.9519956111908,,False,489.1360104084015,59.18401479721069,197709004800.0,528482304.0,515899392.0,404.20046897574343,1080.4403943981686,0.9553437703289092,7826.176166534424,0.25263830963235073,0.5644932393318156,64,15680,,0e6e08559dbe6eaf,11630473a039827ea1d1ee5d1fe37f174e2b87b7,False,sha256:c2914767605584b6d8f45686b82de173ecc99e781897aa3d0a66dacd72c51ae1,d3ca5a1da86930eb,429.9519956111908,graph,1229.1658357085776,459.8397188945482
62861f265136,attention_warm,flash_attn_3,flash_attn_3,warm,ok,,,,2026-09-22T01:09:46+00:00,784,warm,,,32,1309.168040752411,1170.1951742172241,1379.8719644546509,1168.9599752426147,1300.3052830696106,50,10,False,1355.8399677276611,,False,1309.168040752411,-46.671926975250244,790836019200.0,2113929216.0,2063597568.0,604.075255874324,1614.7119011437776,0.6392422073986381,20946.688652038574,0.3775664880388286,0.8436318712167455,64,15680,,0e6e08559dbe6eaf,11630473a039827ea1d1ee5d1fe37f174e2b87b7,False,sha256:c2914767605584b6d8f45686b82de173ecc99e781897aa3d0a66dacd72c51ae1,d3ca5a1da86930eb,1355.8399677276611,graph,1559.1288546707096,583.2812411669887
b08c6ccaf9af,attention_warm,flash_attn_3,flash_attn_3,warm,ok,,,,2026-09-22T01:09:46+00:00,784,warm,,,1,116.01599678397179,115.26079848408699,116.89600348472595,115.00799655914307,116.85440003871918,50,10,False,114.62400108575821,,False,116.01599678397179,1.3919956982135773,49376133120.0,130285568.0,128712704.0,425.59762867823395,1122.996583329788,1.8127499497495592,1856.2559485435486,0.2625891812323227,0.5943758172109718,64,31360,,0e6e08559dbe6eaf,11630473a039827ea1d1ee5d1fe37f174e2b87b7,False,sha256:c2914767605584b6d8f45686b82de173ecc99e781897aa3d0a66dacd72c51ae1,d3ca5a1da86930eb,114.62400108575821,graph,1136.6342717571365,430.7660930720633
e55c40dd3b91,attention_warm,flash_attn_3,flash_attn_3,warm,ok,,,,2026-09-22T01:09:46+00:00,784,warm,,,8,837.1200263500214,793.4367835521698,880.8928191661835,792.3200130462646,829.2460834980011,50,10,False,781.4560234546661,,False,837.1200263500214,55.664002895355225,395009064960.0,1042284544.0,1029701632.0,471.86670074338485,1245.0837528574355,1.6350000514648855,13393.920421600342,0.2911367034252928,0.6589936996125423,64,31360,,0e6e08559dbe6eaf,11630473a039827ea1d1ee5d1fe37f174e2b87b7,False,sha256:c2914767605584b6d8f45686b82de173ecc99e781897aa3d0a66dacd72c51ae1,d3ca5a1da86930eb,781.4560234546661,graph,1333.7724871481078,505.4783034542894
8eeaeeaec377,attention_warm,flash_attn_3,flash_attn_3,warm,ok,,,,2026-09-22T01:09:46+00:00,784,warm,,,32,2684.224009513855,2403.756880760193,2705.4272651672363,2392.6401138305664,2639.2159938812256,50,10,False,2711.375951766968,,False,2684.224009513855,-27.151942253112793,1580036259840.0,4169138176.0,4118806528.0,588.6380027299449,1553.2005381156996,1.310656254645437,42947.58415222168,0.36318334681311415,0.8220727051525945,64,31360,,0e6e08559dbe6eaf,11630473a039827ea1d1ee5d1fe37f174e2b87b7,False,sha256:c2914767605584b6d8f45686b82de173ecc99e781897aa3d0a66dacd72c51ae1,d3ca5a1da86930eb,2711.375951766968,graph,1537.646659911927,582.7433332549517
985cad5ca8cc,attention_warm,flash_attn_3,flash_attn_3,warm,ok,,,,2026-09-22T01:09:46+00:00,784,warm,,,1,191.103994846344,190.08000195026398,206.41280561685562,189.69599902629852,196.21504098176956,50,10,False,189.69599902629852,,False,191.103994846344,1.4079958200454712,98701148160.0,258736128.0,257163264.0,516.4787279269597,1353.9022468265787,2.985999919474125,3057.663917541504,0.31658162432573367,0.721297406982873,64,62720,,0e6e08559dbe6eaf,11630473a039827ea1d1ee5d1fe37f174e2b87b7,False,sha256:c2914767605584b6d8f45686b82de173ecc99e781897aa3d0a66dacd72c51ae1,d3ca5a1da86930eb,189.69599902629852,graph,1363.951424005153,520.3122293913882
41de5e379106,attention_warm,flash_attn_3,flash_attn_3,warm,ok,,,,2026-09-22T01:09:47+00:00,784,warm,,,8,1639.1680240631104,1582.1280479431152,1668.1695461273193,1572.6399421691895,1631.4060831069946,50,10,False,1592.8639769554138,,False,1639.1680240631104,46.30404710769653,789609185280.0,2069889024.0,2057306112.0,481.71338977363973,1262.7680589261581,3.2015000469982624,26226.688385009766,0.2952718072360975,0.6727452655161316,64,62720,,0e6e08559dbe6eaf,11630473a039827ea1d1ee5d1fe37f174e2b87b7,False,sha256:c2914767605584b6d8f45686b82de173ecc99e781897aa3d0a66dacd72c51ae1,d3ca5a1da86930eb,1592.8639769554138,graph,1299.476323117287,495.71664417275105
2f6d0907642b,attention_warm,flash_attn_3,flash_attn_3,warm,ok,,,,2026-09-22T01:09:47+00:00,784,warm,,,32,5490.015983581543,5431.408071517944,5556.25581741333,5428.5759925842285,5493.020133972168,50,10,False,5355.743885040283,,False,5490.015983581543,134.27209854125977,3158436741120.0,8279556096.0,8229224448.0,575.3055638755205,1508.111473766354,2.6806718669831753,87840.25573730469,0.3526402154574338,0.8034530543238889,64,62720,,0e6e08559dbe6eaf,11630473a039827ea1d1ee5d1fe37f174e2b87b7,False,sha256:c2914767605584b6d8f45686b82de173ecc99e781897aa3d0a66dacd72c51ae1,d3ca5a1da86930eb,5355.743885040283,graph,1545.9208419443914,589.7288609976621
256ae8bf10e5,attention_warm,flash_attn_3,flash_attn_3,warm,ok,,,,2026-09-22T01:09:47+00:00,784,warm,,,1,362.36800253391266,360.2815955877304,363.62239122390747,358.3039939403534,364.14591908454895,50,10,False,351.9040048122406,,False,362.36800253391266,10.463997721672058,197351178240.0,515637248.0,514064384.0,544.6153547222499,1422.9657265385717,5.662000039592385,5797.8880405426025,0.33273066953195723,0.760592105585751,64,125440,,0e6e08559dbe6eaf,11630473a039827ea1d1ee5d1fe37f174e2b87b7,False,sha256:c2914767605584b6d8f45686b82de173ecc99e781897aa3d0a66dacd72c51ae1,d3ca5a1da86930eb,351.9040048122406,graph,1465.2781467352715,560.8096967958556
82e65d60424f,attention_warm,flash_attn_3,flash_attn_3,warm,ok,,,,2026-09-22T01:09:48+00:00,784,warm,,,8,3236.303925514221,3126.2176275253296,3300.614380836487,3066.1439895629883,3214.778232574463,50,10,False,3171.7119216918945,,False,3236.303925514221,64.59200382232666,1578809425920.0,4125097984.0,4112515072.0,487.84337387878077,1274.6324445855491,6.320906104519963,51780.86280822754,0.2980460448093646,0.6813062021061662,64,125440,,0e6e08559dbe6eaf,11630473a039827ea1d1ee5d1fe37f174e2b87b7,False,sha256:c2914767605584b6d8f45686b82de173ecc99e781897aa3d0a66dacd72c51ae1,d3ca5a1da86930eb,3171.7119216918945,graph,1300.5903707041396,497.7783181133965
efac8d2f1bc1,attention_warm,flash_attn_3,flash_attn_3,warm,ok,,,,2026-09-22T01:09:49+00:00,784,warm,,,32,10818.70412826538,10662.451362609863,11004.496097564697,10651.74388885498,10850.350131988525,50,10,False,10805.808067321777,,False,10818.70412826538,12.896060943603516,6315237703680.0,16500391936.0,16450060288.0,583.7332853183918,1525.1726769096506,5.2825703751295805,173099.2660522461,0.3566296197269933,0.8152229362083113,64,125440,,0e6e08559dbe6eaf,11630473a039827ea1d1ee5d1fe37f174e2b87b7,False,sha256:c2914767605584b6d8f45686b82de173ecc99e781897aa3d0a66dacd72c51ae1,d3ca5a1da86930eb,10805.808067321777,graph,1526.9928757942143,584.4299347476041
98d1b89c1cc9,attention_warm,flash_attn_3,flash_attn_3,warm,ok,,,,2026-09-22T01:09:49+00:00,784,warm,,,1,63.10400366783142,62.006399035453796,64.29439783096313,61.59999966621399,63.79200018942356,50,10,False,61.8400014936924,,False,63.10400366783142,1.2640021741390228,3227516928.0,14680064.0,2097152.0,51.14599297041582,232.63284651911033,0.12325000716373324,1009.6640586853027,0.054396308592560096,0.07142883164849795,512,0,,0e6e08559dbe6eaf,11630473a039827ea1d1ee5d1fe37f174e2b87b7,False,sha256:c2914767605584b6d8f45686b82de173ecc99e781897aa3d0a66dacd72c51ae1,d3ca5a1da86930eb,61.8400014936924,graph,237.38783385212804,52.19141089977501
3380e1bac61e,attention_warm,flash_attn_3,flash_attn_3,warm,ok,,,,2026-09-22T01:09:49+00:00,784,warm,,,8,119.32799965143204,118.26559901237488,120.43200060725212,117.85600334405899,120.21311983466148,50,10,False,109.8560020327568,,False,119.32799965143204,9.471997618675232,25820135424.0,117440512.0,16777216.0,216.37952114694767,984.1823573935242,0.0291328124149004,1909.2479944229126,0.2301303879705291,0.30218860736808706,512,0,,0e6e08559dbe6eaf,11630473a039827ea1d1ee5d1fe37f174e2b87b7,False,sha256:c2914767605584b6d8f45686b82de173ecc99e781897aa3d0a66dacd72c51ae1,d3ca5a1da86930eb,109.8560020327568,graph,1069.0404695865561,235.03618324195855
9004488308d4,attention_warm,flash_attn_3,flash_attn_3,warm,ok,,,,2026-09-22T01:09:49+00:00,784,warm,,,32,382.6879858970642,381.4976066350937,384.1344028711319,380.8960020542145,383.73311936855316,50,10,False,381.55199587345123,,False,382.6879858970642,1.135990023612976,103280541696.0,469762048.0,67108864.0,269.8818502334184,1227.5327820883228,0.02335742101422511,6123.007774353027,0.2870327772758218,0.37690822146044756,512,0,,0e6e08559dbe6eaf,11630473a039827ea1d1ee5d1fe37f174e2b87b7,False,sha256:c2914767605584b6d8f45686b82de173ecc99e781897aa3d0a66dacd72c51ae1,d3ca5a1da86930eb,381.55199587345123,graph,1231.1875002111253,270.68536611784594
561fa3b9e09a,attention_warm,flash_attn_3,flash_attn_3,warm,ok,,,,2026-09-22T01:09:49+00:00,784,warm,,,1,81.08799904584885,80.32000064849854,82.21440017223358,79.32800054550171,81.8809600174427,50,10,False,80.1439993083477,,False,81.08799904584885,0.9439997375011444,22957522944.0,21102592.0,8519680.0,283.1186268515436,260.24309698489606,0.15837499813642353,1297.4079847335815,0.06085238617200621,0.39539427351875317,512,1568,,0e6e08559dbe6eaf,11630473a039827ea1d1ee5d1fe37f174e2b87b7,False,sha256:c2914767605584b6d8f45686b82de173ecc99e781897aa3d0a66dacd72c51ae1,d3ca5a1da86930eb,80.1439993083477,graph,263.3084470717445,286.4534231149702
ea569c35ea26,attention_warm,flash_attn_3,flash_attn_3,warm,ok,,,,2026-09-22T01:09:49+00:00,784,warm,,,8,317.6320046186447,316.6303902864456,318.19519996643066,316.0640001296997,318.4793597459793,50,10,False,316.3360059261322,,False,317.6320046186447,1.2959986925125122,183660183552.0,168820736.0,68157440.0,578.216870093132,531.4978766157067,0.07754687612759881,5082.112073898315,0.12427962321435716,0.8075188899762592,512,1568,,0e6e08559dbe6eaf,11630473a039827ea1d1ee5d1fe37f174e2b87b7,False,sha256:c2914767605584b6d8f45686b82de173ecc99e781897aa3d0a66dacd72c51ae1,d3ca5a1da86930eb,316.3360059261322,graph,533.6753731392228,580.5857699135476
6a7c96a30a2c,attention_warm,flash_attn_3,flash_attn_3,warm,ok,,,,2026-09-22T01:09:50+00:00,784,warm,,,32,1339.9839997291565,1243.171215057373,1377.9711842536926,1239.2319440841675,1336.564474105835,50,10,False,1339.296042919159,,False,1339.9839997291565,0.6879568099975586,734640734208.0,675282944.0,272629760.0,548.2459002170839,503.94851291992387,0.08178613279596902,21439.743995666504,0.11783778272816697,0.7656624074389716,512,1568,,0e6e08559dbe6eaf,11630473a039827ea1d1ee5d1fe37f174e2b87b7,False,sha256:c2914767605584b6d8f45686b82de173ecc99e781897aa3d0a66dacd72c51ae1,d3ca5a1da86930eb,1339.296042919159,graph,504.2073763826992,548.5275179390219
0bd320e0c2fb,attention_warm,flash_attn_3,flash_attn_3,warm,ok,,,,2026-09-22T01:09:50+00:00,784,warm,,,1,237.72799968719482,236.03200167417526,257.10080564022064,234.72000658512115,245.5366399884224,50,10,False,235.80799996852875,,False,237.72799968719482,1.9199997186660767,101877547008.0,46792704.0,34209792.0,428.5466884088186,196.8329522040751,0.4643124993890524,3803.647994995117,0.04602525468559722,0.5984943781926529,512,7840,,0e6e08559dbe6eaf,11630473a039827ea1d1ee5d1fe37f174e2b87b7,False,sha256:c2914767605584b6d8f45686b82de173ecc99e781897aa3d0a66dacd72c51ae1,d3ca5a1da86930eb,235.80799996852875,graph,198.43560865723396,432.0360081998776
e58a8d2664a6,attention_warm,flash_attn_3,flash_attn_3,warm,ok,,,,2026-09-22T01:09:50+00:00,784,warm,,,8,1213.5199904441833,1211.6447925567627,1433.9455723762512,1204.6719789505005,1319.3599963188171,50,10,False,1347.2959995269775,,False,1213.5199904441833,-133.7760090827942,815020376064.0,374341632.0,273678336.0,671.61676979518,308.4758676805812,0.29626952891703695,19416.319847106934,0.07213060727575368,0.9379581546057115,512,7840,,0e6e08559dbe6eaf,11630473a039827ea1d1ee5d1fe37f174e2b87b7,False,sha256:c2914767605584b6d8f45686b82de173ecc99e781897aa3d0a66dacd72c51ae1,d3ca5a1da86930eb,1347.2959995269775,graph,277.8466143530655,604.9304505840926
57d5c66ee289,attention_warm,flash_attn_3,flash_attn_3,warm,ok,,,,2026-09-22T01:09:50+00:00,784,warm,,,32,5499.2640018463135,5470.118236541748,5513.88144493103,5404.99210357666,5495.0847816467285,50,10,False,5496.496200561523,,False,5499.2640018463135,2.767801284790039,3260081504256.0,1497366528.0,1094713344.0,592.8214217687068,272.28489621470743,0.33564843761269003,87988.22402954102,0.06366810818510836,0.8279151322300723,512,7840,,0e6e08559dbe6eaf,11630473a039827ea1d1ee5d1fe37f174e2b87b7,False,sha256:c2914767605584b6d8f45686b82de173ecc99e781897aa3d0a66dacd72c51ae1,d3ca5a1da86930eb,5496.496200561523,graph,272.42200728657446,593.1199413770083
a6578300076f,attention_warm,flash_attn_3,flash_attn_3,warm,ok,,,,2026-09-22T01:09:51+00:00,784,warm,,,1,440.3199851512909,425.8655905723572,441.8720096349716,418.5279905796051,440.00255942344666,50,10,False,410.14400124549866,,False,440.3199851512909,30.175983905792236,200527577088.0,78905344.0,66322432.0,455.41329907862377,179.2000060430795,0.859999970998615,7045.119762420654,0.04190216031125778,0.6360154135474515,512,15680,,0e6e08559dbe6eaf,11630473a039827ea1d1ee5d1fe37f174e2b87b7,False,sha256:c2914767605584b6d8f45686b82de173ecc99e781897aa3d0a66dacd72c51ae1,d3ca5a1da86930eb,410.14400124549866,graph,192.3844887658612,488.9199317289803
fbd6a2b2ee30,attention_warm,flash_attn_3,flash_attn_3,warm,ok,,,,2026-09-22T01:09:51+00:00,784,warm,,,8,2651.808023452759,2375.0144720077515,2907.0015430450444,2269.3440914154053,2725.8470487594604,50,10,False,2762.0480060577393,,False,2651.808023452759,-110.23998260498047,1604220616704.0,631242752.0,530579456.0,604.9535269959857,238.04240217136723,0.6474140682257712,42428.92837524414,0.05566121964451089,0.8448584361233493,512,15680,,0e6e08559dbe6eaf,11630473a039827ea1d1ee5d1fe37f174e2b87b7,False,sha256:c2914767605584b6d8f45686b82de173ecc99e781897aa3d0a66dacd72c51ae1,d3ca5a1da86930eb,2762.0480060577393,graph,228.54155706763783,580.8083759535007
ccacf3ff7aac,attention_warm,flash_attn_3,flash_attn_3,warm,ok,,,,2026-09-22T01:09:52+00:00,784,warm,,,32,10945.96815109253,10833.458995819092,10979.945468902588,10830.656051635742,10917.057285308838,50,10,False,10762.608051300049,,False,10945.96815109253,183.36009979248047,6416882466816.0,2524971008.0,2122317824.0,586.2325176028877,230.67589574047682,0.6680888764094561,175135.49041748047,0.053938716726029526,0.8187132827972026,512,15680,,0e6e08559dbe6eaf,11630473a039827ea1d1ee5d1fe37f174e2b87b7,False,sha256:c2914767605584b6d8f45686b82de173ecc99e781897aa3d0a66dacd72c51ae1,d3ca5a1da86930eb,10762.608051300049,graph,234.6058683884712,596.2200273604578
9cd6ad7def4d,attention_warm,flash_attn_3,flash_attn_3,warm,ok,,,,2026-09-22T01:09:52+00:00,784,warm,,,1,844.3360030651093,839.3632113933563,846.9056189060211,836.0639810562134,844.8070383071899,50,10,False,765.0399804115295,,False,844.3360030651093,79.29602265357971,397827637248.0,143130624.0,130547712.0,471.17218240582633,169.51856071564768,1.6490937559865415,13509.376049041748,0.03963835751843196,0.6580237578726497,512,31360,,0e6e08559dbe6eaf,11630473a039827ea1d1ee5d1fe37f174e2b87b7,False,sha256:c2914767605584b6d8f45686b82de173ecc99e781897aa3d0a66dacd72c51ae1,d3ca5a1da86930eb,765.0399804115295,graph,187.0890772571223,520.0089504263567
e691d86c4075,attention_warm,flash_attn_3,flash_attn_3,warm,ok,,,,2026-09-22T01:09:53+00:00,784,warm,,,8,5202.271938323975,4933.756971359253,5401.248121261597,4930.431842803955,5219.474582672119,50,10,False,5327.183961868286,,False,5202.271938323975,-124.91202354431152,3182621097984.0,1145044992.0,1044381696.0,611.7752273844707,220.10479374688381,1.2700859224423766,83236.3510131836,0.05146688639419513,0.8543854011954212,512,31360,,0e6e08559dbe6eaf,11630473a039827ea1d1ee5d1fe37f174e2b87b7,False,sha256:c2914767605584b6d8f45686b82de173ecc99e781897aa3d0a66dacd72c51ae1,d3ca5a1da86930eb,5327.183961868286,graph,214.94376770094186,597.4302972762048
faf4655e9ed1,attention_warm,flash_attn_3,flash_attn_3,warm,ok,,,,2026-09-22T01:09:56+00:00,784,warm,,,32,21190.848350524902,20529.770278930664,21439.475631713867,20490.528106689453,21069.317779541016,50,10,False,21665.056228637695,,False,21190.848350524902,-474.20787811279297,12730484391936.0,4580179968.0,4177526784.0,600.7538811734578,216.13952835854954,1.2933867401443422,339053.57360839844,0.050539692307277964,0.8389933472469993,512,31360,,0e6e08559dbe6eaf,11630473a039827ea1d1ee5d1fe37f174e2b87b7,False,sha256:c2914767605584b6d8f45686b82de173ecc99e781897aa3d0a66dacd72c51ae1,d3ca5a1da86930eb,21665.056228637695,graph,211.40863516180238,587.6044935026922
43c258e77f9c,attention_warm,flash_attn_3,flash_attn_3,warm,ok,,,,2026-09-22T01:09:56+00:00,784,warm,,,1,1591.8079614639282,1585.3024363517761,1650.982415676117,1581.2480449676514,1611.7791962623596,50,10,False,1561.7119669914246,,False,1591.8079614639282,30.095994472503662,792427757568.0,271581184.0,258998272.0,497.8161793079819,170.6117764043827,3.108999924734235,25468.92738342285,0.03989398306251339,0.695233898074014,512,62720,,0e6e08559dbe6eaf,11630473a039827ea1d1ee5d1fe37f174e2b87b7,False,sha256:c2914767605584b6d8f45686b82de173ecc99e781897aa3d0a66dacd72c51ae1,d3ca5a1da86930eb,1561.7119669914246,graph,173.8996625115131,507.4096724087863
68fca463e25a,attention_warm,flash_attn_3,flash_attn_3,warm,ok,,,,2026-09-22T01:09:57+00:00,784,warm,,,8,10242.159843444824,10068.396759033203,10520.419311523438,10048.00033569336,10315.43420791626,50,10,False,10512.191772460938,,False,10242.159843444824,-270.0319290161133,6339422060544.0,2172649472.0,2071986176.0,618.9536345306454,212.1280574810143,2.5005273055285215,163874.5574951172,0.049601694036485414,0.8644105313330857,512,62720,,0e6e08559dbe6eaf,11630473a039827ea1d1ee5d1fe37f174e2b87b7,False,sha256:c2914767605584b6d8f45686b82de173ecc99e781897aa3d0a66dacd72c51ae1,d3ca5a1da86930eb,10512.191772460938,graph,206.67901794673745,603.0542628751836
76e8e3d23933,attention_warm,flash_attn_3,flash_attn_3,warm,ok,,,,2026-09-22T01:10:02+00:00,784,warm,,,32,42409.36088562012,40397.34001159668,42877.742767333984,40099.361419677734,42051.772689819336,50,10,False,42508.03184509277,,False,42409.36088562012,-98.67095947265625,25357688242176.0,8690597888.0,8287944704.0,597.9266773334969,204.92168961090735,2.5884619681164622,678549.7741699219,0.04791663615940851,0.8350449662421107,512,62720,,0e6e08559dbe6eaf,11630473a039827ea1d1ee5d1fe37f174e2b87b7,False,sha256:c2914767605584b6d8f45686b82de173ecc99e781897aa3d0a66dacd72c51ae1,d3ca5a1da86930eb,42508.03184509277,graph,204.4460190410642,596.5387514195945
b15604b9ce99,attention_warm,flash_attn_3,flash_attn_3,warm,ok,,,,2026-09-22T01:10:03+00:00,784,warm,,,1,3018.8000202178955,2962.0575189590454,3176.143956184387,2953.727960586548,3034.0102434158325,50,10,False,2978.16002368927,,False,3018.8000202178955,40.63999652862549,1581627998208.0,528482304.0,515899392.0,523.9260592339067,175.06370096083887,5.896093789488077,48300.80032348633,0.04093497218175152,0.7316981078640193,512,125440,,0e6e08559dbe6eaf,11630473a039827ea1d1ee5d1fe37f174e2b87b7,False,sha256:c2914767605584b6d8f45686b82de173ecc99e781897aa3d0a66dacd72c51ae1,d3ca5a1da86930eb,2978.16002368927,graph,177.45262168462304,531.0755586090767
88fa5b7af775,attention_warm,flash_attn_3,flash_attn_3,warm,ok,,,,2026-09-22T01:10:05+00:00,784,warm,,,8,20549.583435058594,20316.94965362549,21400.62770843506,20020.03288269043,20732.832717895508,50,10,False,21115.568161010742,,False,20549.583435058594,-565.9847259521484,12653023985664.0,4227858432.0,4127195136.0,615.731410111084,205.7393740053663,5.016988143324852,328793.3349609375,0.04810783449325453,0.8599104774240401,512,125440,,0e6e08559dbe6eaf,11630473a039827ea1d1ee5d1fe37f174e2b87b7,False,sha256:c2914767605584b6d8f45686b82de173ecc99e781897aa3d0a66dacd72c51ae1,d3ca5a1da86930eb,21115.568161010742,graph,200.22470623388733,599.2272568363766
9977820401c0,attention_warm,flash_attn_3,flash_attn_3,warm,ok,,,,2026-09-22T01:10:16+00:00,784,warm,,,32,83496.54388427734,82258.60977172852,84539.22729492188,81808.2275390625,83555.16342163086,50,10,False,83272.04895019531,,False,83496.54388427734,224.49493408203125,50612095942656.0,16911433728.0,16508780544.0,606.1579747875818,202.54052373040167,5.09622460231185,1335944.7021484375,0.04735985049485524,0.8465405287671481,512,125440,,0e6e08559dbe6eaf,11630473a039827ea1d1ee5d1fe37f174e2b87b7,False,sha256:c2914767605584b6d8f45686b82de173ecc99e781897aa3d0a66dacd72c51ae1,d3ca5a1da86930eb,83272.04895019531,graph,203.0865571485417,607.7921293005159
3f0d78bd2319,attention_warm,flash_attn_3,flash_attn_3,warm,ok,,,,2026-09-22T01:10:16+00:00,784,warm,,,1,135.24799793958664,134.27520245313644,135.9136000275612,132.79999792575836,135.8963206410408,50,10,False,133.55199992656708,,False,135.24799793958664,1.6959980130195618,51564773376.0,58720256.0,8388608.0,381.26089969208454,434.1672845037566,0.06603906149393879,2163.9679670333862,0.10152090705179108,0.5324565823565702,2048,0,,0e6e08559dbe6eaf,11630473a039827ea1d1ee5d1fe37f174e2b87b7,False,sha256:c2914767605584b6d8f45686b82de173ecc99e781897aa3d0a66dacd72c51ae1,d3ca5a1da86930eb,133.55199992656708,graph,439.6808436585529,386.1025922813035
6a00096a3e5d,attention_warm,flash_attn_3,flash_attn_3,warm,ok,,,,2026-09-22T01:10:16+00:00,784,warm,,,8,773.2959985733032,732.0319831371307,813.4080111980438,725.9520292282104,768.2547187805176,50,10,False,811.2799823284149,,False,773.2959985733032,-37.983983755111694,412518187008.0,469762048.0,67108864.0,533.4544440538652,607.480251891501,0.04719824210042134,12372.735977172852,0.14204650693238055,0.7450051404517061,2048,0,,0e6e08559dbe6eaf,11630473a039827ea1d1ee5d1fe37f174e2b87b7,False,sha256:c2914767605584b6d8f45686b82de173ecc99e781897aa3d0a66dacd72c51ae1,d3ca5a1da86930eb,811.2799823284149,graph,579.0381350859404,508.4782023390394
9cfde65b4dc9,attention_warm,flash_attn_3,flash_attn_3,warm,ok,,,,2026-09-22T01:10:16+00:00,784,warm,,,32,3251.1839866638184,3238.4928226470947,3321.6063737869263,3235.7120513916016,3273.5264110565186,50,10,False,3237.488031387329,,False,3251.1839866638184,13.695955276489258,1650072748032.0,1879048192.0,268435456.0,507.5297967757314,577.9581222433902,0.04960913065588102,52018.943786621094,0.1351433765332248,0.7087996205579459,2048,0,,0e6e08559dbe6eaf,11630473a039827ea1d1ee5d1fe37f174e2b87b7,False,sha256:c2914767605584b6d8f45686b82de173ecc99e781897aa3d0a66dacd72c51ae1,d3ca5a1da86930eb,3237.488031387329,graph,580.4031316201622,509.6768642955911
5b9e5f335a42,attention_warm,flash_attn_3,flash_attn_3,warm,ok,,,,2026-09-22T01:10:16+00:00,784,warm,,,1,244.75199729204178,243.51360648870468,268.1951940059662,242.78399348258972,251.566721200943,50,10,False,241.58400297164917,,False,244.75199729204178,3.1679943203926086,130484797440.0,65142784.0,14811136.0,533.130674657186,266.15833464382575,0.11950781117775477,3916.0319566726685,0.0622355403478162,0.744552974634108,2048,1568,,0e6e08559dbe6eaf,11630473a039827ea1d1ee5d1fe37f174e2b87b7,False,sha256:c2914767605584b6d8f45686b82de173ecc99e781897aa3d0a66dacd72c51ae1,d3ca5a1da86930eb,241.58400297164917,graph,269.64858268220996,540.1218451343937
05857b21d3dc,attention_warm,flash_attn_3,flash_attn_3,warm,ok,,,,2026-09-22T01:10:16+00:00,784,warm,,,8,1817.5359964370728,1695.8399534225464,1842.3840045928955,1646.720051765442,1800.3257584571838,50,10,False,1824.7040510177612,,False,1817.5359964370728,-7.168054580688477,1043878379520.0,521142272.0,118489088.0,574.3371144045133,286.73009669222427,0.11093359353253618,29080.575942993164,0.06704581513670108,0.8021005492651903,2048,1568,,0e6e08559dbe6eaf,11630473a039827ea1d1ee5d1fe37f174e2b87b7,False,sha256:c2914767605584b6d8f45686b82de173ecc99e781897aa3d0a66dacd72c51ae1,d3ca5a1da86930eb,1824.7040510177612,graph,285.60372390762416,572.080923992994
6dbce304a8da,attention_warm,flash_attn_3,flash_attn_3,warm,ok,,,,2026-09-22T01:10:17+00:00,784,warm,,,32,7249.472141265869,7159.043025970459,7255.91344833374,7156.064033508301,7224.683532714844,50,10,False,7192.67201423645,,False,7249.472141265869,56.800127029418945,4175513518080.0,2084569088.0,473956352.0,575.9748346796035,287.54770656115693,0.1106181662180461,115991.5542602539,0.06723699604431693,0.8043877361790198,2048,1568,,0e6e08559dbe6eaf,11630473a039827ea1d1ee5d1fe37f174e2b87b7,False,sha256:c2914767605584b6d8f45686b82de173ecc99e781897aa3d0a66dacd72c51ae1,d3ca5a1da86930eb,7192.67201423645,graph,289.8184546541277,580.5232756082038
4bf9ed2f5379,attention_warm,flash_attn_3,flash_attn_3,warm,ok,,,,2026-09-22T01:10:17+00:00,784,warm,,,1,743.0879771709442,741.3024246692657,750.4832208156587,740.7360076904297,748.2860803604126,50,10,False,747.9999959468842,,False,743.0879771709442,-4.912018775939941,446164893696.0,90832896.0,40501248.0,600.4200140535468,122.2370685444481,0.3628359263530001,11889.407634735107,0.02858257293192472,0.8385270792772898,2048,7840,,0e6e08559dbe6eaf,11630473a039827ea1d1ee5d1fe37f174e2b87b7,False,sha256:c2914767605584b6d8f45686b82de173ecc99e781897aa3d0a66dacd72c51ae1,d3ca5a1da86930eb,747.9999959468842,graph,121.43435359918115,596.4771338416991
7d0c32cd96c0,attention_warm,flash_attn_3,flash_attn_3,warm,ok,,,,2026-09-22T01:10:18+00:00,784,warm,,,8,6138.447999954224,5826.995372772217,6146.556615829468,5809.311866760254,6075.720329284668,50,10,False,6071.040153503418,,False,6138.447999954224,67.40784645080566,3569319149568.0,726663168.0,324009984.0,581.4693143274355,118.37897266628616,0.37466113280970603,98215.16799926758,0.027680438185656454,0.812061147896495,2048,7840,,0e6e08559dbe6eaf,11630473a039827ea1d1ee5d1fe37f174e2b87b7,False,sha256:c2914767605584b6d8f45686b82de173ecc99e781897aa3d0a66dacd72c51ae1,d3ca5a1da86930eb,6071.040153503418,graph,119.69335560738536,587.9254722946037
7982c7ec5017,attention_warm,flash_attn_3,flash_attn_3,warm,ok,,,,2026-09-22T01:10:21+00:00,784,warm,,,32,23811.920166015625,23548.613739013672,23872.675704956055,23102.432250976562,23719.422607421875,50,10,False,23571.632385253906,,False,23811.920166015625,240.28778076171875,14277276598272.0,2906652672.0,1296039936.0,599.5852706850802,122.06712653725317,0.3633410669863224,380990.72265625,0.02854283556033452,0.8373613038162406,2048,7840,,0e6e08559dbe6eaf,11630473a039827ea1d1ee5d1fe37f174e2b87b7,False,sha256:c2914767605584b6d8f45686b82de173ecc99e781897aa3d0a66dacd72c51ae1,d3ca5a1da86930eb,23571.632385253906,graph,123.31147136921933,605.6974063113114
ef5f5a12598d,attention_warm,flash_attn_3,flash_attn_3,warm,ok,,,,2026-09-22T01:10:21+00:00,784,warm,,,1,1384.9120140075684,1351.6896486282349,1415.2735471725464,1350.2399921417236,1383.8847994804382,50,10,False,1376.9919872283936,,False,1384.9120140075684,7.920026779174805,840765014016.0,122945536.0,72613888.0,607.0891186675815,88.77497975068337,0.676226569339633,22158.592224121094,0.020758165779567808,0.8478409340497965,2048,15680,,0e6e08559dbe6eaf,11630473a039827ea1d1ee5d1fe37f174e2b87b7,False,sha256:c2914767605584b6d8f45686b82de173ecc99e781897aa3d0a66dacd72c51ae1,d3ca5a1da86930eb,1376.9919872283936,graph,89.28558563907441,610.5809052006831
17a66541ab2d,attention_warm,flash_attn_3,flash_attn_3,warm,ok,,,,2026-09-22T01:10:23+00:00,784,warm,,,8,11433.040142059326,10863.250923156738,11453.286838531494,10841.440200805664,11349.50138092041,50,10,False,11329.66423034668,,False,11433.040142059326,103.37591171264648,6726120112128.0,983564288.0,580911104.0,588.305475057703,86.02823708995041,0.6978173914831132,182928.64227294922,0.02011589765779032,0.8216083078119705,2048,15680,,0e6e08559dbe6eaf,11630473a039827ea1d1ee5d1fe37f174e2b87b7,False,sha256:c2914767605584b6d8f45686b82de173ecc99e781897aa3d0a66dacd72c51ae1,d3ca5a1da86930eb,11329.66423034668,graph,86.81318951761237,593.6733847868134
01bc5aa58e9c,attention_warm,flash_attn_3,flash_attn_3,warm,ok,,,,2026-09-22T01:10:28+00:00,784,warm,,,32,44297.61505126953,43820.497131347656,44363.028717041016,43631.77490234375,44105.96839904785,50,10,False,43860.544204711914,,False,44297.61505126953,437.0708465576172,26904480448512.0,3934257152.0,2323644416.0,607.3573129698535,88.81419795279132,0.6759279640391469,708761.8408203125,0.020767336133007706,0.8482154854966157,2048,15680,,0e6e08559dbe6eaf,11630473a039827ea1d1ee5d1fe37f174e2b87b7,False,sha256:c2914767605584b6d8f45686b82de173ecc99e781897aa3d0a66dacd72c51ae1,d3ca5a1da86930eb,43860.544204711914,graph,89.6992324955545,613.409635843544
8d9788942b41,attention_warm,flash_attn_3,flash_attn_3,warm,ok,,,,2026-09-22T01:10:28+00:00,784,warm,,,1,2664.3840074539185,2615.923237800598,2682.6752424240112,2589.3759727478027,2656.873617172241,50,10,False,2791.7920351028442,,False,2664.3840074539185,-127.40802764892578,1629965254656.0,187170816.0,136839168.0,611.760635890317,70.24918910951585,1.3009687536396086,42630.144119262695,0.016426298462820142,0.8543650231888781,2048,31360,,0e6e08559dbe6eaf,11630473a039827ea1d1ee5d1fe37f174e2b87b7,False,sha256:c2914767605584b6d8f45686b82de173ecc99e781897aa3d0a66dacd72c51ae1,d3ca5a1da86930eb,2791.7920351028442,graph,67.04325166294308,583.841931691719
fdf91c158190,attention_warm,flash_attn_3,flash_attn_3,warm,ok,,,,2026-09-22T01:10:31+00:00,784,warm,,,8,21588.175773620605,20584.972763061523,22016.735458374023,20368.671417236328,21403.01124572754,50,10,False,21524.752616882324,,False,21588.175773620605,63.42315673828125,13039722037248.0,1497366528.0,1094713344.0,604.0214872245815,69.36049361936767,1.3176376814953983,345410.8123779297,0.01621849567464876,0.8435567796678799,2048,31360,,0e6e08559dbe6eaf,11630473a039827ea1d1ee5d1fe37f174e2b87b7,False,sha256:c2914767605584b6d8f45686b82de173ecc99e781897aa3d0a66dacd72c51ae1,d3ca5a1da86930eb,21524.752616882324,graph,69.5648658384851,605.8012498141636
5690edac02ee,attention_warm,flash_attn_3,flash_attn_3,warm,ok,,,,2026-09-22T01:10:41+00:00,784,warm,,,32,84412.89901733398,83597.62649536133,86535.34088134766,80886.68823242188,84580.59432983398,50,10,False,84379.68063354492,,False,84412.89901733398,33.2183837890625,52158888148992.0,5989466112.0,4378853376.0,617.9018699296337,70.95439419477914,1.2880386202596128,1350606.3842773438,0.016591195870959252,0.862941671071384,2048,31360,,0e6e08559dbe6eaf,11630473a039827ea1d1ee5d1fe37f174e2b87b7,False,sha256:c2914767605584b6d8f45686b82de173ecc99e781897aa3d0a66dacd72c51ae1,d3ca5a1da86930eb,84379.68063354492,graph,70.98232734503742,618.1451240081651
d6914c2be266,attention_warm,flash_attn_3,flash_attn_3,warm,ok,,,,2026-09-22T01:10:42+00:00,784,warm,,,1,5178.079843521118,5144.163417816162,5439.558410644531,5141.151905059814,5221.505908966064,50,10,False,5439.0082359313965,,False,5178.079843521118,-260.9283924102783,3208365735936.0,315621376.0,265289728.0,619.6053040685244,60.95336216086155,2.528359298594296,82849.27749633789,0.014252664434400614,0.865320631831839,2048,62720,,0e6e08559dbe6eaf,11630473a039827ea1d1ee5d1fe37f174e2b87b7,False,sha256:c2914767605584b6d8f45686b82de173ecc99e781897aa3d0a66dacd72c51ae1,d3ca5a1da86930eb,5439.0082359313965,graph,58.02921457535756,589.8806541127783
621ef8113f56,attention_warm,flash_attn_3,flash_attn_3,warm,ok,,,,2026-09-22T01:10:47+00:00,784,warm,,,8,42093.807220458984,41018.428802490234,42706.932067871094,40035.93444824219,41960.98220825195,50,10,False,41886.27052307129,,False,42093.807220458984,207.5366973876953,25666925887488.0,2524971008.0,2122317824.0,609.7553911686331,59.98438190149692,2.5692021008580923,673500.9155273438,0.014026088737988081,0.8515645635766843,2048,62720,,0e6e08559dbe6eaf,11630473a039827ea1d1ee5d1fe37f174e2b87b7,False,sha256:c2914767605584b6d8f45686b82de173ecc99e781897aa3d0a66dacd72c51ae1,d3ca5a1da86930eb,41886.27052307129,graph,60.28159051804878,612.7765868615697
86d613b3099d,attention_warm,flash_attn_3,flash_attn_3,warm,ok,,,,2026-09-22T01:11:08+00:00,784,warm,,,32,166787.17803955078,164729.8843383789,169251.67236328125,164131.16455078125,166840.8673095703,50,10,False,166378.0288696289,,False,166787.17803955078,409.149169921875,102667703549952.0,10099884032.0,8489271296.0,615.5611285995022,60.55551842003695,2.5449703680351377,2668594.8486328125,0.01415963702566908,0.8596726677987454,2048,62720,,0e6e08559dbe6eaf,11630473a039827ea1d1ee5d1fe37f174e2b87b7,False,sha256:c2914767605584b6d8f45686b82de173ecc99e781897aa3d0a66dacd72c51ae1,d3ca5a1da86930eb,166378.0288696289,graph,60.70443375617885,617.0748881175934
41b584477542,attention_warm,flash_attn_3,flash_attn_3,warm,ok,,,,2026-09-22T01:11:09+00:00,784,warm,,,1,10617.648124694824,10613.328170776367,10652.582836151123,10611.519813537598,10633.2173538208,50,10,False,10497.83992767334,,False,10617.648124694824,119.80819702148438,6365166698496.0,572522496.0,522190848.0,599.4893241650866,53.92178091383638,5.184398498386145,169882.3699951172,0.012608476740658842,0.8372273080244717,2048,125440,,0e6e08559dbe6eaf,11630473a039827ea1d1ee5d1fe37f174e2b87b7,False,sha256:c2914767605584b6d8f45686b82de173ecc99e781897aa3d0a66dacd72c51ae1,d3ca5a1da86930eb,10497.83992767334,graph,54.53717145093576,606.3310873808234
abef30a903a8,attention_warm,flash_attn_3,flash_attn_3,warm,ok,,,,2026-09-22T01:11:19+00:00,784,warm,,,8,82977.99682617188,82138.00201416016,85055.08117675781,79952.76641845703,83314.00863647461,50,10,False,82960.18981933594,,False,82977.99682617188,17.8070068359375,50921333587968.0,4580179968.0,4177526784.0,613.6727269355705,55.197523960416675,5.0645750015974045,1327647.94921875,0.01290678247643504,0.857035387403862,2048,125440,,0e6e08559dbe6eaf,11630473a039827ea1d1ee5d1fe37f174e2b87b7,False,sha256:c2914767605584b6d8f45686b82de173ecc99e781897aa3d0a66dacd72c51ae1,d3ca5a1da86930eb,82960.18981933594,graph,55.20937184418634,613.8044488429981
a9535ca0f2df,attention_warm,flash_attn_3,flash_attn_3,warm,ok,,,,2026-09-22T01:12:00+00:00,784,warm,,,32,329655.6396484375,328126.35498046875,334293.8934326172,327041.4733886719,330463.0944824219,50,10,False,330374.6032714844,,False,329655.6396484375,-718.963623046875,203685334351872.0,18320719872.0,16710107136.0,617.8730464587017,55.5753267001232,5.0301458686590195,5274490.234375,0.01299512371768148,0.8629014171485807,2048,125440,,0e6e08559dbe6eaf,11630473a039827ea1d1ee5d1fe37f174e2b87b7,False,sha256:c2914767605584b6d8f45686b82de173ecc99e781897aa3d0a66dacd72c51ae1,d3ca5a1da86930eb,330374.6032714844,graph,55.45438326851353,616.5284266251366
