point_id,benchmark,kernel,backend,regime,status,error,numerics_ok,max_abs_err,ts_utc,kind,new_tokens,batch,history,median_us,p10_us,p90_us,min_us,mean_us,repeats,warmup,unstable,graph_median_us,graph_error,l2_flush,eager_median_us,launch_overhead_us,flops,bytes_moved,state_bytes,achieved_tflops,achieved_gbps,us_per_token,per_step_us,bandwidth_util,compute_util,environment_hash,git_sha,git_dirty,image_digest,config_hash,kernel_us,kernel_time_source,kernel_gbps,kernel_tflops,context,fraction
e1578f7bc959,gdn_warm,gdn,flashinfer,warm,ok,,,,2026-09-22T00:22:05+00:00,warm,64,1,0,397.69600331783295,379.65438663959503,415.8016115427017,373.8560080528259,398.36224019527435,50,10,False,59.90400165319443,,False,397.69600331783295,337.7920016646385,407896064.0,9834496,6414336,1.02564788330049,24.728676974257674,6.21400005184114,19089.40815925598,0.005782282097755935,0.0014323865024829015,0e6e08559dbe6eaf,11630473a039827ea1d1ee5d1fe37f174e2b87b7,False,sha256:c2914767605584b6d8f45686b82de173ecc99e781897aa3d0a66dacd72c51ae1,fd68bfc8b9be9964,59.90400165319443,graph,164.17093564024978,6.809162205247245,,
3fc86fd6139e,gdn_warm,gdn,flashinfer,warm,ok,,,,2026-09-22T00:22:05+00:00,warm,64,1,1024,397.64799177646637,379.145610332489,416.4288103580475,376.1279881000519,396.3769602775574,50,10,False,61.3120011985302,,False,397.64799177646637,336.3359905779362,407896064.0,9834496,6414336,1.0257717187951862,24.7316626850422,6.213249871507287,19087.103605270386,0.005782980243557928,0.001432559447110409,0e6e08559dbe6eaf,11630473a039827ea1d1ee5d1fe37f174e2b87b7,False,sha256:c2914767605584b6d8f45686b82de173ecc99e781897aa3d0a66dacd72c51ae1,fd68bfc8b9be9964,61.3120011985302,graph,160.400831937545,6.652793189366299,,
2f09a1a41f17,gdn_warm,gdn,flashinfer,warm,ok,,,,2026-09-22T00:22:05+00:00,warm,64,1,65536,396.8320041894913,377.7055859565735,415.4303967952728,374.62401390075684,394.9849581718445,50,10,False,60.047999024391174,,False,396.8320041894913,336.7840051651001,407896064.0,9834496,6414336,1.0278809664888457,24.782517277270635,6.200500065460801,19047.93620109558,0.005794871522599556,0.0014355051538933925,0e6e08559dbe6eaf,11630473a039827ea1d1ee5d1fe37f174e2b87b7,False,sha256:c2914767605584b6d8f45686b82de173ecc99e781897aa3d0a66dacd72c51ae1,fd68bfc8b9be9964,60.047999024391174,graph,163.77724753168349,6.792833576924267,,
87fe396b144d,gdn_warm,gdn,flashinfer,warm,ok,,,,2026-09-22T00:22:08+00:00,warm,64,8,0,436.7680102586746,420.2048033475876,458.61440896987915,414.94399309158325,437.6723223924637,50,10,False,92.06400066614151,,False,436.7680102586746,344.7040095925331,3263168512.0,78675968,51314688,7.471171045854292,180.1321666241179,0.8530625200364739,20964.864492416382,0.04212012649867585,0.010433994685764333,0e6e08559dbe6eaf,11630473a039827ea1d1ee5d1fe37f174e2b87b7,False,sha256:c2914767605584b6d8f45686b82de173ecc99e781897aa3d0a66dacd72c51ae1,fd68bfc8b9be9964,92.06400066614151,graph,854.5790692423685,35.44456561075886,,
21465e1269bf,gdn_warm,gdn,flashinfer,warm,ok,,,,2026-09-22T00:22:08+00:00,warm,64,8,1024,436.0320121049881,418.4768110513687,454.90879714488983,411.48799657821655,436.0876804590225,50,10,False,92.49599650502205,,False,436.0320121049881,343.53601559996605,3263168512.0,78675968,51314688,7.483781973361837,180.43621985501457,0.8516250236425549,20929.53658103943,0.042191222965163276,0.010451606697293543,0e6e08559dbe6eaf,11630473a039827ea1d1ee5d1fe37f174e2b87b7,False,sha256:c2914767605584b6d8f45686b82de173ecc99e781897aa3d0a66dacd72c51ae1,fd68bfc8b9be9964,92.49599650502205,graph,850.5878197196168,35.27902433942454,,
cd63dad62e7f,gdn_warm,gdn,flashinfer,warm,ok,,,,2026-09-22T00:22:08+00:00,warm,64,8,65536,435.4880005121231,418.6080127954483,457.65119791030884,411.77600622177124,441.96991980075836,50,10,False,91.80799871683121,,False,435.4880005121231,343.6800017952919,3263168512.0,78675968,51314688,7.493130713504378,180.66162077365854,0.8505625010002404,20903.42402458191,0.04224392823920804,0.010464662843962812,0e6e08559dbe6eaf,11630473a039827ea1d1ee5d1fe37f174e2b87b7,False,sha256:c2914767605584b6d8f45686b82de173ecc99e781897aa3d0a66dacd72c51ae1,fd68bfc8b9be9964,91.80799871683121,graph,856.9620196456401,35.54340098475278,,
0a06f5e73eec,gdn_warm,gdn,flashinfer,warm,ok,,,,2026-09-22T00:22:08+00:00,warm,64,32,0,438.7519955635071,419.7248011827469,453.39838564395905,414.14400935173035,439.14751946926117,50,10,False,308.55999886989594,,False,438.7519955635071,130.19199669361115,13052674048.0,314703872,205258752,29.749549130223144,717.2705199797736,0.2142343728337437,21060.09578704834,0.16771865681470155,0.04154725351936307,0e6e08559dbe6eaf,11630473a039827ea1d1ee5d1fe37f174e2b87b7,False,sha256:c2914767605584b6d8f45686b82de173ecc99e781897aa3d0a66dacd72c51ae1,fd68bfc8b9be9964,308.55999886989594,graph,1019.9114374922416,42.3018994549052,,
5754bc79c3f6,gdn_warm,gdn,flashinfer,warm,ok,,,,2026-09-22T00:22:08+00:00,warm,64,32,1024,438.9279931783676,422.69759476184845,458.20159912109375,410.46398878097534,441.5123188495636,50,10,False,309.2159926891327,,False,438.9279931783676,129.71200048923492,13052674048.0,314703872,205258752,29.73762040894888,716.982914945034,0.2143203091691248,21068.543672561646,0.16765140641366597,0.041530594254889044,0e6e08559dbe6eaf,11630473a039827ea1d1ee5d1fe37f174e2b87b7,False,sha256:c2914767605584b6d8f45686b82de173ecc99e781897aa3d0a66dacd72c51ae1,fd68bfc8b9be9964,309.2159926891327,graph,1017.747721465314,42.212157057226925,,
1da1d0f5186c,gdn_warm,gdn,flashinfer,warm,ok,,,,2026-09-22T00:22:08+00:00,warm,64,32,65536,442.6240026950836,424.05760884284973,474.4671940803528,420.19200325012207,452.15296268463135,50,10,False,309.07200276851654,,False,442.6240026950836,133.55199992656708,13052674048.0,314703872,205258752,29.489304620905916,710.9959470878364,0.2161250013159588,21245.952129364014,0.1662514796364853,0.04118380449503348,0e6e08559dbe6eaf,11630473a039827ea1d1ee5d1fe37f174e2b87b7,False,sha256:c2914767605584b6d8f45686b82de173ecc99e781897aa3d0a66dacd72c51ae1,fd68bfc8b9be9964,309.07200276851654,graph,1018.2218679823341,42.23182278265421,,
11681dab17d8,gdn_warm,gdn,flashinfer,warm,ok,,,,2026-09-22T00:22:08+00:00,warm,512,1,0,407.4240028858185,391.1103904247284,420.50879895687103,387.7120018005371,405.896959900856,50,10,False,120.4800009727478,,False,407.4240028858185,286.9440019130707,3263168512.0,33775616,6414336,8.009269186122328,82.90040783253924,0.7957500056363642,19556.352138519287,0.019384520433736112,0.011185485061438682,0e6e08559dbe6eaf,11630473a039827ea1d1ee5d1fe37f174e2b87b7,False,sha256:c2914767605584b6d8f45686b82de173ecc99e781897aa3d0a66dacd72c51ae1,fd68bfc8b9be9964,120.4800009727478,graph,280.34209601010826,27.084731786631696,,
6b198fcd308e,gdn_warm,gdn,flashinfer,warm,ok,,,,2026-09-22T00:22:08+00:00,warm,512,1,1024,407.600000500679,391.9999897480011,421.61600291728973,388.51198554039,406.0544002056122,50,10,False,120.87999656796455,,False,407.600000500679,286.72000393271446,3263168512.0,33775616,6414336,8.005810863571291,82.86461226327633,0.7960937509778887,19564.800024032593,0.01937615039115181,0.011180655280551895,0e6e08559dbe6eaf,11630473a039827ea1d1ee5d1fe37f174e2b87b7,False,sha256:c2914767605584b6d8f45686b82de173ecc99e781897aa3d0a66dacd72c51ae1,fd68bfc8b9be9964,120.87999656796455,graph,279.41443546459504,26.995107583125133,,
745ddc0cfe2c,gdn_warm,gdn,flashinfer,warm,ok,,,,2026-09-22T00:22:08+00:00,warm,512,1,65536,400.60798823833466,386.0607981681824,416.7712062597275,382.4320137500763,400.63999712467194,50,10,False,121.0079975426197,,False,400.60798823833466,279.59999069571495,3263168512.0,33775616,6414336,8.145540298259444,84.31088992640306,0.7824374770279974,19229.183435440063,0.019714332067777195,0.01137579686813341,0e6e08559dbe6eaf,11630473a039827ea1d1ee5d1fe37f174e2b87b7,False,sha256:c2914767605584b6d8f45686b82de173ecc99e781897aa3d0a66dacd72c51ae1,fd68bfc8b9be9964,121.0079975426197,graph,279.1188738422354,26.96655244502078,,
7d55e90cc922,gdn_warm,gdn,flashinfer,warm,ok,,,,2026-09-22T00:22:08+00:00,warm,512,8,0,440.5760020017624,420.64639925956726,457.97119140625,412.51200437545776,439.92959916591644,50,10,False,265.9199982881546,,False,440.5760020017624,174.6560037136078,26105348096.0,270204928,51314688,59.25276905094702,613.2992418386852,0.10756250048871152,21147.648096084595,0.1434071556008739,0.08275049166990521,0e6e08559dbe6eaf,11630473a039827ea1d1ee5d1fe37f174e2b87b7,False,sha256:c2914767605584b6d8f45686b82de173ecc99e781897aa3d0a66dacd72c51ae1,fd68bfc8b9be9964,265.9199982881546,graph,1016.1136046157844,98.16993179923189,,
3d068fb16215,gdn_warm,gdn,flashinfer,warm,ok,,,,2026-09-22T00:22:08+00:00,warm,512,8,1024,439.2320066690445,426.48000717163086,461.5039974451065,418.7839925289154,443.53728234767914,50,10,False,265.52000641822815,,False,439.2320066690445,173.71200025081635,26105348096.0,270204928,51314688,59.43407515761946,615.175861270046,0.10723437662818469,21083.136320114136,0.14384596366786243,0.0830036978864282,0e6e08559dbe6eaf,11630473a039827ea1d1ee5d1fe37f174e2b87b7,False,sha256:c2914767605584b6d8f45686b82de173ecc99e781897aa3d0a66dacd72c51ae1,fd68bfc8b9be9964,265.52000641822815,graph,1017.6443261092443,98.31781961800921,,
e1c1ff00ee04,gdn_warm,gdn,flashinfer,warm,ok,,,,2026-09-22T00:22:08+00:00,warm,512,8,65536,437.5679939985275,422.42879271507263,456.21441304683685,418.39998960494995,439.85855877399445,50,10,False,265.3599977493286,,False,437.5679939985275,172.2079962491989,26105348096.0,270204928,51314688,59.66009501162887,617.5152929510409,0.10682812353479676,21003.26371192932,0.14439299066578964,0.08331934986938207,0e6e08559dbe6eaf,11630473a039827ea1d1ee5d1fe37f174e2b87b7,False,sha256:c2914767605584b6d8f45686b82de173ecc99e781897aa3d0a66dacd72c51ae1,fd68bfc8b9be9964,265.3599977493286,graph,1018.2579525616675,98.37710399990405,,
0d8168df4470,gdn_warm,gdn,flashinfer,warm,ok,,,,2026-09-22T00:22:08+00:00,warm,512,32,0,1006.0960054397583,1003.9007902145386,1008.5856318473816,1003.5519599914551,1007.8041648864746,50,10,False,992.8480088710785,,False,1006.0960054397583,13.24799656867981,104421392384.0,1080819712,205258752,103.78869592903122,1074.2709504423294,0.0614072268945165,48292.6082611084,0.25119571464936424,0.14494791982668284,0e6e08559dbe6eaf,11630473a039827ea1d1ee5d1fe37f174e2b87b7,False,sha256:c2914767605584b6d8f45686b82de173ecc99e781897aa3d0a66dacd72c51ae1,fd68bfc8b9be9964,992.8480088710785,graph,1088.6054082225032,105.17359298804732,,
801fb1a0b0d3,gdn_warm,gdn,flashinfer,warm,ok,,,,2026-09-22T00:22:08+00:00,warm,512,32,1024,1007.3440074920654,1004.7424077987671,1009.174394607544,1003.4559965133667,1008.83136510849,50,10,False,994.5600032806396,,False,1007.3440074920654,12.784004211425781,104421392384.0,1080819712,205258752,103.66011174670388,1072.9400323637835,0.061483398894779384,48352.51235961914,0.25088450739039253,0.14476834333635186,0e6e08559dbe6eaf,11630473a039827ea1d1ee5d1fe37f174e2b87b7,False,sha256:c2914767605584b6d8f45686b82de173ecc99e781897aa3d0a66dacd72c51ae1,fd68bfc8b9be9964,994.5600032806396,graph,1086.7315279468564,104.99255151982513,,
24aba9b21ad6,gdn_warm,gdn,flashinfer,warm,ok,,,,2026-09-22T00:22:08+00:00,warm,512,32,65536,1008.2559585571289,1006.1408400535583,1011.199951171875,1005.5040121078491,1028.3449602127075,50,10,False,995.3919947147369,,False,1008.2559585571289,12.863963842391968,104421392384.0,1080819712,205258752,103.56635286681856,1071.969575609267,0.06153905997052789,48396.28601074219,0.2506575864465778,0.14463740273166453,0e6e08559dbe6eaf,11630473a039827ea1d1ee5d1fe37f174e2b87b7,False,sha256:c2914767605584b6d8f45686b82de173ecc99e781897aa3d0a66dacd72c51ae1,fd68bfc8b9be9964,995.3919947147369,graph,1085.8231910030029,104.90479423026248,,
b09fd2294040,gdn_warm,gdn,flashinfer,warm,ok,,,,2026-09-22T00:22:08+00:00,warm,2048,1,0,408.55999290943146,391.66080057621,428.26560735702515,385.98400354385376,409.30944085121155,50,10,False,208.6079940199852,,False,408.55999290943146,199.95199888944626,13052674048.0,115859456,6414336,31.947998518037675,283.58003233489245,0.19949218403780833,19610.87965965271,0.06630923870120718,0.04461753648954178,0e6e08559dbe6eaf,11630473a039827ea1d1ee5d1fe37f174e2b87b7,False,sha256:c2914767605584b6d8f45686b82de173ecc99e781897aa3d0a66dacd72c51ae1,fd68bfc8b9be9964,208.6079940199852,graph,555.3931743809413,62.57034448425557,,
35d71cfb8d9a,gdn_warm,gdn,flashinfer,warm,ok,,,,2026-09-22T00:22:09+00:00,warm,2048,1,1024,409.5360040664673,390.8703953027725,425.34718811511993,387.32799887657166,408.3142411708832,50,10,False,209.136001765728,,False,409.5360040664673,200.4000023007393,13052674048.0,115859456,6414336,31.87185966165154,282.90420097275774,0.19996875198557973,19657.72819519043,0.06615120972171742,0.04451120343706082,0e6e08559dbe6eaf,11630473a039827ea1d1ee5d1fe37f174e2b87b7,False,sha256:c2914767605584b6d8f45686b82de173ecc99e781897aa3d0a66dacd72c51ae1,fd68bfc8b9be9964,209.136001765728,graph,553.9909677042816,62.41237251260772,,
c3d409c9bfb1,gdn_warm,gdn,flashinfer,warm,ok,,,,2026-09-22T00:22:09+00:00,warm,2048,1,65536,410.67200899124146,392.9535895586014,428.3743917942047,385.76000928878784,409.8515224456787,50,10,False,209.16800200939178,,False,410.67200899124146,201.50400698184967,13052674048.0,115859456,6414336,31.7836954119714,282.1216286072007,0.20052344189025462,19712.25643157959,0.06596822159888864,0.04438807611110467,0e6e08559dbe6eaf,11630473a039827ea1d1ee5d1fe37f174e2b87b7,False,sha256:c2914767605584b6d8f45686b82de173ecc99e781897aa3d0a66dacd72c51ae1,fd68bfc8b9be9964,209.16800200939178,graph,553.9062136033494,62.402824153829826,,
5bcc7f67d6a1,gdn_warm,gdn,flashinfer,warm,ok,,,,2026-09-22T00:22:09+00:00,warm,2048,8,0,867.8559958934784,865.7344281673431,871.0143804550171,864.799976348877,869.920642375946,50,10,False,851.2479960918427,,False,867.8559958934784,16.607999801635742,104421392384.0,926875648,51314688,120.32110497375281,1068.0062733746047,0.05296972631185781,41657.08780288696,0.24973085140194362,0.16803654503105772,0e6e08559dbe6eaf,11630473a039827ea1d1ee5d1fe37f174e2b87b7,False,sha256:c2914767605584b6d8f45686b82de173ecc99e781897aa3d0a66dacd72c51ae1,fd68bfc8b9be9964,851.2479960918427,graph,1088.8432657173596,122.66859113138375,,
7f903a2349af,gdn_warm,gdn,flashinfer,warm,ok,,,,2026-09-22T00:22:09+00:00,warm,2048,8,1024,866.4959967136383,863.9360070228577,868.4544146060944,861.9199991226196,867.7606415748596,50,10,False,852.512001991272,,False,866.4959967136383,13.983994722366333,104421392384.0,926875648,51314688,120.50995362937543,1069.68255077388,0.0528867185494164,41591.80784225464,0.2501228136895659,0.16830028492632804,0e6e08559dbe6eaf,11630473a039827ea1d1ee5d1fe37f174e2b87b7,False,sha256:c2914767605584b6d8f45686b82de173ecc99e781897aa3d0a66dacd72c51ae1,fd68bfc8b9be9964,852.512001991272,graph,1087.2288552360924,122.48671237483536,,
a942c875031f,gdn_warm,gdn,flashinfer,warm,ok,,,,2026-09-22T00:22:09+00:00,warm,2048,8,65536,866.67200922966,864.847993850708,868.7839806079865,863.8079762458801,868.1740808486938,50,10,False,850.5920171737671,,False,866.67200922966,16.079992055892944,104421392384.0,926875648,51314688,120.4854792493123,1069.4653088240982,0.05289746150083374,41600.25644302368,0.2500720162191467,0.1682661048024962,0e6e08559dbe6eaf,11630473a039827ea1d1ee5d1fe37f174e2b87b7,False,sha256:c2914767605584b6d8f45686b82de173ecc99e781897aa3d0a66dacd72c51ae1,fd68bfc8b9be9964,850.5920171737671,graph,1089.6829846577893,122.76319348840985,,
46674c6db4f4,gdn_warm,gdn,flashinfer,warm,ok,,,,2026-09-22T00:22:09+00:00,warm,2048,32,0,3680.591940879822,3678.048062324524,3683.788752555847,3675.328016281128,3683.098888397217,50,10,False,3671.0879802703857,,False,3680.591940879822,9.503960609436035,417685569536.0,3707502592,205258752,113.48325928142825,1007.3115008543288,0.05616137605102267,176668.41316223145,0.23553865272763924,0.15848703195233085,0e6e08559dbe6eaf,11630473a039827ea1d1ee5d1fe37f174e2b87b7,False,sha256:c2914767605584b6d8f45686b82de173ecc99e781897aa3d0a66dacd72c51ae1,fd68bfc8b9be9964,3671.0879802703857,graph,1009.919296929226,113.77705241083225,,
a9c9f0863950,gdn_warm,gdn,flashinfer,warm,ok,,,,2026-09-22T00:22:10+00:00,warm,2048,32,1024,3680.351972579956,3677.772855758667,3684.592032432556,3675.4560470581055,3683.301749229431,50,10,False,3670.064091682434,,False,3680.351972579956,10.287880897521973,417685569536.0,3707502592,205258752,113.4906586782783,1007.3771801236205,0.05615771442535333,176656.8946838379,0.2355540104462675,0.15849736570950726,0e6e08559dbe6eaf,11630473a039827ea1d1ee5d1fe37f174e2b87b7,False,sha256:c2914767605584b6d8f45686b82de173ecc99e781897aa3d0a66dacd72c51ae1,fd68bfc8b9be9964,3670.064091682434,graph,1010.2010480967932,113.80879437027058,,
c9cfeaf2f9f5,gdn_warm,gdn,flashinfer,warm,ok,,,,2026-09-22T00:22:10+00:00,warm,2048,32,65536,3681.040048599243,3674.822473526001,3685.215997695923,3670.016050338745,3682.9100799560547,50,10,False,3663.1360054016113,,False,3681.040048599243,17.904043197631836,417685569536.0,3707502592,205258752,113.46944451064668,1007.1888767987805,0.0561682136321906,176689.92233276367,0.2355099796659187,0.15846773869240746,0e6e08559dbe6eaf,11630473a039827ea1d1ee5d1fe37f174e2b87b7,False,sha256:c2914767605584b6d8f45686b82de173ecc99e781897aa3d0a66dacd72c51ae1,fd68bfc8b9be9964,3663.1360054016113,graph,1012.1116405541499,114.02404085463562,,
f83ddedbda80,gdn_warm,gdn,flashinfer,warm,ok,,,,2026-09-22T00:22:10+00:00,warm,,1,1024,623.2160031795502,621.1263835430145,627.2000074386597,619.1679835319519,625.27871966362,50,10,False,609.3760132789612,,False,623.2160031795502,13.83998990058899,49967267840.0,425383936,6414336,80.17648389174035,682.5626008153802,0.07949183714024875,29914.36815261841,0.15960293837802378,0.11197187184114747,0e6e08559dbe6eaf,11630473a039827ea1d1ee5d1fe37f174e2b87b7,False,sha256:c2914767605584b6d8f45686b82de173ecc99e781897aa3d0a66dacd72c51ae1,fd68bfc8b9be9964,609.3760132789612,graph,698.0647855025876,81.99743139073297,7840,0.0
105d454b3d42,gdn_warm,gdn,flashinfer,warm,ok,,,,2026-09-22T00:22:11+00:00,warm,,8,1024,3386.1440420150757,3383.120036125183,3392.8767919540405,3380.3839683532715,3389.000310897827,50,10,False,3375.040054321289,,False,3386.1440420150757,11.103987693786621,399738142720.0,3403071488,51314688,118.05113360804286,1004.9990330520172,0.05398826597600567,162534.91401672363,0.2349979306668164,0.16486637679085964,0e6e08559dbe6eaf,11630473a039827ea1d1ee5d1fe37f174e2b87b7,False,sha256:c2914767605584b6d8f45686b82de173ecc99e781897aa3d0a66dacd72c51ae1,fd68bfc8b9be9964,3375.040054321289,graph,1008.3055114095077,118.4395255422787,7840,0.0
39dc1b45ab44,gdn_warm,gdn,flashinfer,warm,ok,,,,2026-09-22T00:22:11+00:00,warm,,1,1024,410.3520065546036,391.49760007858276,428.61761450767517,387.6799941062927,411.4880007505417,50,10,False,339.4240140914917,,False,410.3520065546036,70.92799246311188,24983633920.0,215899136,6414336,60.8834208702122,526.1315469436394,0.10468163432515397,19696.89631462097,0.12302481965063425,0.08502780700803897,0e6e08559dbe6eaf,11630473a039827ea1d1ee5d1fe37f174e2b87b7,False,sha256:c2914767605584b6d8f45686b82de173ecc99e781897aa3d0a66dacd72c51ae1,fd68bfc8b9be9964,339.4240140914917,graph,636.0750183745232,73.60597035796549,7840,0.5
caab12667875,gdn_warm,gdn,flashinfer,warm,ok,,,,2026-09-22T00:22:11+00:00,warm,,8,1024,1637.1519565582275,1634.8384141921997,1639.510428905487,1632.9280138015747,1638.945279121399,50,10,False,1623.968005180359,,False,1637.1519565582275,13.183951377868652,199869071360.0,1727193088,51314688,122.08339644915019,1054.998640218508,0.052205100655555725,78583.29391479492,0.24668928939638335,0.17049770403494202,0e6e08559dbe6eaf,11630473a039827ea1d1ee5d1fe37f174e2b87b7,False,sha256:c2914767605584b6d8f45686b82de173ecc99e781897aa3d0a66dacd72c51ae1,fd68bfc8b9be9964,1623.968005180359,graph,1063.563495395451,123.0745129968262,7840,0.5
252e926b5d55,gdn_warm,gdn,flashinfer,warm,ok,,,,2026-09-22T00:22:11+00:00,warm,,1,1024,403.85599434375763,387.48160898685455,418.7071919441223,383.8079869747162,404.32255923748016,50,10,False,124.9920018017292,,False,403.85599434375763,278.8639925420284,4996726784.0,48311296,6414336,12.372545793505898,119.62505615028206,0.515122441764997,19385.087728500366,0.02797180865522583,0.01727909537427208,0e6e08559dbe6eaf,11630473a039827ea1d1ee5d1fe37f174e2b87b7,False,sha256:c2914767605584b6d8f45686b82de173ecc99e781897aa3d0a66dacd72c51ae1,fd68bfc8b9be9964,124.9920018017292,graph,386.515099395197,39.976372183606976,7840,0.9
61a9e81e7cb7,gdn_warm,gdn,flashinfer,warm,ok,,,,2026-09-22T00:22:11+00:00,warm,,8,1024,435.5839937925339,417.02078878879547,454.5600086450577,410.68801283836365,438.01855862140656,50,10,False,374.01600182056427,,False,435.5839937925339,61.567991971969604,39973814272.0,386490368,51314688,91.77062252438802,887.2924017131886,0.06944897860212594,20908.031702041626,0.2074747053892903,0.12816386907111157,0e6e08559dbe6eaf,11630473a039827ea1d1ee5d1fe37f174e2b87b7,False,sha256:c2914767605584b6d8f45686b82de173ecc99e781897aa3d0a66dacd72c51ae1,fd68bfc8b9be9964,374.01600182056427,graph,1033.3524932588857,106.87728353178215,7840,0.9
18001061f47f,gdn_warm,gdn,flashinfer,warm,ok,,,,2026-09-22T00:22:11+00:00,warm,,1,1024,401.6159921884537,383.817595243454,421.14559412002563,381.44001364707947,401.06176018714905,50,10,False,125.35999715328217,,False,401.6159921884537,276.2559950351715,4996726784.0,48311296,6414336,12.44155332752622,120.29226161225792,0.512265296158742,19277.567625045776,0.028127820649006333,0.017375469053689484,0e6e08559dbe6eaf,11630473a039827ea1d1ee5d1fe37f174e2b87b7,False,sha256:c2914767605584b6d8f45686b82de173ecc99e781897aa3d0a66dacd72c51ae1,fd68bfc8b9be9964,125.35999715328217,graph,385.38048099130094,39.859021198686875,7840,0.99
3344ea0e45df,gdn_warm,gdn,flashinfer,warm,ok,,,,2026-09-22T00:22:11+00:00,warm,,8,1024,437.855988740921,419.0943956375122,456.576007604599,416.8959856033325,441.4879983663559,50,10,False,373.6959993839264,,False,437.855988740921,64.15998935699463,39973814272.0,386490368,51314688,91.29443310104517,882.6883220471057,0.06981122269466215,21017.08745956421,0.20639813799114173,0.12749883839759574,0e6e08559dbe6eaf,11630473a039827ea1d1ee5d1fe37f174e2b87b7,False,sha256:c2914767605584b6d8f45686b82de173ecc99e781897aa3d0a66dacd72c51ae1,fd68bfc8b9be9964,373.6959993839264,graph,1034.2373711176099,106.96880442365094,7840,0.99
99651af22ed3,gdn_warm,gdn,flashinfer,warm,ok,,,,2026-09-22T00:22:12+00:00,warm,,1,1024,1168.4799790382385,1165.724778175354,1171.6095447540283,1162.3040437698364,1170.224003791809,50,10,False,1154.7839641571045,,False,1168.4799790382385,13.696014881134033,99934535680.0,844353536,6414336,85.52524431120753,722.6084752388971,0.07452040682641828,56087.03899383545,0.16896682561748802,0.11944177681984759,0e6e08559dbe6eaf,11630473a039827ea1d1ee5d1fe37f174e2b87b7,False,sha256:c2914767605584b6d8f45686b82de173ecc99e781897aa3d0a66dacd72c51ae1,fd68bfc8b9be9964,1154.7839641571045,graph,731.1787851300026,86.53959422872992,15680,0.0
32a84ea2633b,gdn_warm,gdn,flashinfer,warm,ok,,,,2026-09-22T00:22:12+00:00,warm,,8,1024,6645.136117935181,6638.134384155273,6654.070281982422,6636.0321044921875,6648.796186447144,50,10,False,6635.999917984009,,False,6645.136117935181,9.136199951171875,799476285440.0,6754828288,51314688,120.30999384380081,1016.5071366662845,0.052974618287110815,318966.5336608887,0.23768885916158258,0.16802102758805443,0e6e08559dbe6eaf,11630473a039827ea1d1ee5d1fe37f174e2b87b7,False,sha256:c2914767605584b6d8f45686b82de173ecc99e781897aa3d0a66dacd72c51ae1,fd68bfc8b9be9964,6635.999917984009,graph,1017.906626203228,120.47563220628818,15680,0.0
bf5d9ddbee02,gdn_warm,gdn,flashinfer,warm,ok,,,,2026-09-22T00:22:12+00:00,warm,,1,1024,625.7279813289642,622.3167717456818,638.5087847709656,620.3200221061707,628.8095998764038,50,10,False,608.0640256404877,,False,625.7279813289642,17.663955688476562,49967267840.0,425383936,6414336,79.8546162725152,679.8224607065521,0.07981224251644951,30034.943103790283,0.15896221412443298,0.11152236198413806,0e6e08559dbe6eaf,11630473a039827ea1d1ee5d1fe37f174e2b87b7,False,sha256:c2914767605584b6d8f45686b82de173ecc99e781897aa3d0a66dacd72c51ae1,fd68bfc8b9be9964,608.0640256404877,graph,699.5709630280026,82.17435291845845,15680,0.5
8cdbead2612b,gdn_warm,gdn,flashinfer,warm,ok,,,,2026-09-22T00:22:13+00:00,warm,,8,1024,3385.6799602508545,3382.4928998947144,3389.4047260284424,3380.703926086426,3388.322558403015,50,10,False,3373.871922492981,,False,3385.6799602508545,11.808037757873535,399738142720.0,3403071488,51314688,118.06731510747468,1005.1367902321923,0.053980866713183265,162512.63809204102,0.23503014229211253,0.16488897534710242,0e6e08559dbe6eaf,11630473a039827ea1d1ee5d1fe37f174e2b87b7,False,sha256:c2914767605584b6d8f45686b82de173ecc99e781897aa3d0a66dacd72c51ae1,fd68bfc8b9be9964,3373.871922492981,graph,1008.6546158768953,118.48053272414393,15680,0.5
cab8b6b39630,gdn_warm,gdn,flashinfer,warm,ok,,,,2026-09-22T00:22:13+00:00,warm,,1,1024,413.05600106716156,390.33281207084656,430.3871959447861,387.07199692726135,411.2345618009567,50,10,False,185.87200343608856,,False,413.05600106716156,227.183997631073,9993453568.0,90208256,6414336,24.193943538360788,218.39231427927479,0.26342857210915915,19826.688051223755,0.05106645901271256,0.03378847529491591,0e6e08559dbe6eaf,11630473a039827ea1d1ee5d1fe37f174e2b87b7,False,sha256:c2914767605584b6d8f45686b82de173ecc99e781897aa3d0a66dacd72c51ae1,fd68bfc8b9be9964,185.87200343608856,graph,485.3246015127706,53.76524373363315,15680,0.9
639e9abb738f,gdn_warm,gdn,flashinfer,warm,ok,,,,2026-09-22T00:22:13+00:00,warm,,8,1024,682.5279891490936,680.7520091533661,684.8991930484772,678.8480281829834,684.3359959125519,50,10,False,671.5680062770844,,False,682.5279891490936,10.959982872009277,79947628544.0,721666048,51314688,117.1345788231638,1057.3427895604686,0.05441071342068667,32761.343479156494,0.24723741952031178,0.16358634616434273,0e6e08559dbe6eaf,11630473a039827ea1d1ee5d1fe37f174e2b87b7,False,sha256:c2914767605584b6d8f45686b82de173ecc99e781897aa3d0a66dacd72c51ae1,fd68bfc8b9be9964,671.5680062770844,graph,1074.5986128800864,119.04621393028982,15680,0.9
18478fd1a604,gdn_warm,gdn,flashinfer,warm,ok,,,,2026-09-22T00:22:13+00:00,warm,,1,1024,401.69599652290344,385.9423965215683,428.0864030122757,380.44801354408264,410.6150418519974,50,10,False,125.5360022187233,,False,401.69599652290344,276.15999430418015,4996726784.0,48311296,6414336,12.4390753884825,120.26830343888042,0.5123673425037034,19281.407833099365,0.028122218533003125,0.017372008444548677,0e6e08559dbe6eaf,11630473a039827ea1d1ee5d1fe37f174e2b87b7,False,sha256:c2914767605584b6d8f45686b82de173ecc99e781897aa3d0a66dacd72c51ae1,fd68bfc8b9be9964,125.5360022187233,graph,384.8401665350669,39.803137710998044,15680,0.99
f313478f2257,gdn_warm,gdn,flashinfer,warm,ok,,,,2026-09-22T00:22:13+00:00,warm,,8,1024,435.08800864219666,419.1744029521942,460.1471871137619,413.88800740242004,441.0195219516754,50,10,False,372.99199402332306,,False,435.08800864219666,62.096014618873596,39973814272.0,386490368,51314688,91.87523783233766,888.303884094949,0.06936989933708493,20884.22441482544,0.20771121931497818,0.12830997141042313,0e6e08559dbe6eaf,11630473a039827ea1d1ee5d1fe37f174e2b87b7,False,sha256:c2914767605584b6d8f45686b82de173ecc99e781897aa3d0a66dacd72c51ae1,fd68bfc8b9be9964,372.99199402332306,graph,1036.1894469397992,107.17070315857892,15680,0.99
9b4c0e2e5c03,gdn_warm,gdn,flashinfer,warm,ok,,,,2026-09-22T00:22:13+00:00,warm,,1,1024,2278.5120010375977,2275.379252433777,2283.174467086792,2273.087978363037,2280.967688560486,50,10,False,2260.192036628723,,False,2278.5120010375977,18.31996440887451,199869071360.0,1682292736,6414336,87.71912163244383,738.3295480708073,0.07265663268614789,109368.57604980469,0.17264286854077507,0.1225056745904254,0e6e08559dbe6eaf,11630473a039827ea1d1ee5d1fe37f174e2b87b7,False,sha256:c2914767605584b6d8f45686b82de173ecc99e781897aa3d0a66dacd72c51ae1,fd68bfc8b9be9964,2260.192036628723,graph,744.3140709889806,88.43012811341573,31360,0.0
2c47f545cfd4,gdn_warm,gdn,flashinfer,warm,ok,,,,2026-09-22T00:22:14+00:00,warm,,1,1024,1168.895959854126,1165.2928471565247,1172.0351815223694,1161.344051361084,1170.1222443580627,50,10,False,1153.439998626709,,False,1168.895959854126,15.455961227416992,99934535680.0,844353536,6414336,85.49480801736321,722.3513169686823,0.0745469362151866,56107.00607299805,0.16890669455331095,0.11939927048097825,0e6e08559dbe6eaf,11630473a039827ea1d1ee5d1fe37f174e2b87b7,False,sha256:c2914767605584b6d8f45686b82de173ecc99e781897aa3d0a66dacd72c51ae1,fd68bfc8b9be9964,1153.439998626709,graph,732.030740225145,86.64042845660158,31360,0.5
bd8dc49bfdb6,gdn_warm,gdn,flashinfer,warm,ok,,,,2026-09-22T00:22:14+00:00,warm,,8,1024,6643.104076385498,6638.012981414795,6649.942493438721,6635.712146759033,6646.961297988892,50,10,False,6641.7601108551025,,False,6643.104076385498,1.3439655303955078,799476285440.0,6754828288,51314688,120.3467951498652,1016.8180733479176,0.052958418976287454,318868.9956665039,0.23776156517855285,0.1680724230961412,0e6e08559dbe6eaf,11630473a039827ea1d1ee5d1fe37f174e2b87b7,False,sha256:c2914767605584b6d8f45686b82de173ecc99e781897aa3d0a66dacd72c51ae1,fd68bfc8b9be9964,6641.7601108551025,graph,1017.0238273074788,120.37114742120224,31360,0.5
5d87d26d3677,gdn_warm,gdn,flashinfer,warm,ok,,,,2026-09-22T00:22:14+00:00,warm,,1,1024,411.1519902944565,391.89440310001373,428.358393907547,385.5679929256439,412.2559994459152,50,10,False,307.0880025625229,,False,411.1519902944565,104.0639877319336,19986907136.0,174002176,6414336,48.61196736925898,423.2064543221209,0.1311071397622629,19735.29553413391,0.09895794696291162,0.06788989384426543,0e6e08559dbe6eaf,11630473a039827ea1d1ee5d1fe37f174e2b87b7,False,sha256:c2914767605584b6d8f45686b82de173ecc99e781897aa3d0a66dacd72c51ae1,fd68bfc8b9be9964,307.0880025625229,graph,566.6199087819242,65.0852751303128,31360,0.9
2871d99ca3a8,gdn_warm,gdn,flashinfer,warm,ok,,,,2026-09-22T00:22:15+00:00,warm,,8,1024,1298.9599704742432,1297.2928166389465,1302.351975440979,1295.0079441070557,1300.931830406189,50,10,False,1289.8560166358948,,False,1298.9599704742432,9.103953838348389,159895257088.0,1392017408,51314688,123.09483026611136,1071.6399578439527,0.05177614678229604,62350.07858276367,0.2505805122502727,0.1719102396343018,0e6e08559dbe6eaf,11630473a039827ea1d1ee5d1fe37f174e2b87b7,False,sha256:c2914767605584b6d8f45686b82de173ecc99e781897aa3d0a66dacd72c51ae1,fd68bfc8b9be9964,1289.8560166358948,graph,1079.2037173502163,123.96364790003985,31360,0.9
ded3b8c18265,gdn_warm,gdn,flashinfer,warm,ok,,,,2026-09-22T00:22:15+00:00,warm,,1,1024,401.90400183200836,387.1648132801056,421.6736137866974,380.19201159477234,401.71456038951874,50,10,False,125.04000216722488,,False,401.90400183200836,276.8639996647835,4996726784.0,48311296,6414336,12.432637548328218,120.2060586104679,0.5126326553979699,19291.3920879364,0.028107663886291444,0.017363017566205067,0e6e08559dbe6eaf,11630473a039827ea1d1ee5d1fe37f174e2b87b7,False,sha256:c2914767605584b6d8f45686b82de173ecc99e781897aa3d0a66dacd72c51ae1,fd68bfc8b9be9964,125.04000216722488,graph,386.36672394958754,39.9610260508275,31360,0.99
8e17beecc175,gdn_warm,gdn,flashinfer,warm,ok,,,,2026-09-22T00:22:15+00:00,warm,,8,1024,438.31999599933624,424.7776001691818,462.8416121006012,415.9039855003357,445.31327962875366,50,10,False,374.4960129261017,,False,438.31999599933624,63.82398307323456,39973814272.0,386490368,51314688,91.19778845786568,881.7539047444809,0.06988520344377172,21039.35980796814,0.20617964411674541,0.12736386762967283,0e6e08559dbe6eaf,11630473a039827ea1d1ee5d1fe37f174e2b87b7,False,sha256:c2914767605584b6d8f45686b82de173ecc99e781897aa3d0a66dacd72c51ae1,fd68bfc8b9be9964,374.4960129261017,graph,1032.0279913801517,106.74029333361135,31360,0.99
4852da165fe9,gdn_warm,gdn,flashinfer,warm,ok,,,,2026-09-22T00:22:15+00:00,warm,,1,1024,4685.343980789185,4681.020832061768,4691.996765136719,4672.287940979004,4688.897304534912,50,10,False,4668.864011764526,,False,4685.343980789185,16.479969024658203,399738142720.0,3358171136,6414336,85.31671193385237,716.7395072313049,0.07470255071411327,224896.51107788086,0.16759449062852236,0.11915054727848395,0e6e08559dbe6eaf,11630473a039827ea1d1ee5d1fe37f174e2b87b7,False,sha256:c2914767605584b6d8f45686b82de173ecc99e781897aa3d0a66dacd72c51ae1,fd68bfc8b9be9964,4668.864011764526,graph,719.2694256114842,85.61785944348486,62720,0.0
e966a915eb78,gdn_warm,gdn,flashinfer,warm,ok,,,,2026-09-22T00:22:16+00:00,warm,,1,1024,2279.9999713897705,2276.5663862228394,2286.4768981933594,2271.967887878418,2282.7398347854614,50,10,False,2260.4960203170776,,False,2279.9999713897705,19.50395107269287,199869071360.0,1682292736,6414336,87.66187450352034,737.8477004868388,0.07270408072033707,109439.99862670898,0.17253019859642146,0.12242572511057855,0e6e08559dbe6eaf,11630473a039827ea1d1ee5d1fe37f174e2b87b7,False,sha256:c2914767605584b6d8f45686b82de173ecc99e781897aa3d0a66dacd72c51ae1,fd68bfc8b9be9964,2260.4960203170776,graph,744.213978206441,88.41823633556523,62720,0.5
27d8d495c7d3,gdn_warm,gdn,flashinfer,warm,ok,,,,2026-09-22T00:22:16+00:00,warm,,1,1024,532.1439802646637,529.2159914970398,534.9856078624725,527.9679894447327,534.3596804141998,50,10,False,517.2959864139557,,False,532.1439802646637,14.847993850708008,39973814272.0,341590016,6414336,75.11841861317097,641.9127692285629,0.08484438460852418,25542.911052703857,0.1500978284319506,0.10490794224926282,0e6e08559dbe6eaf,11630473a039827ea1d1ee5d1fe37f174e2b87b7,False,sha256:c2914767605584b6d8f45686b82de173ecc99e781897aa3d0a66dacd72c51ae1,fd68bfc8b9be9964,517.2959864139557,graph,660.3376499554927,77.27454942983408,62720,0.9
731d88869d98,gdn_warm,gdn,flashinfer,warm,ok,,,,2026-09-22T00:22:16+00:00,warm,,1,1024,403.439998626709,385.1456105709076,424.5856136083603,383.10399651527405,402.84864127635956,50,10,False,125.91999769210815,,False,403.439998626709,277.52000093460083,4996726784.0,48311296,6414336,12.385303393338852,119.74840413555773,0.5145918349830472,19365.11993408203,0.028000650992719107,0.017296912223604424,0e6e08559dbe6eaf,11630473a039827ea1d1ee5d1fe37f174e2b87b7,False,sha256:c2914767605584b6d8f45686b82de173ecc99e781897aa3d0a66dacd72c51ae1,fd68bfc8b9be9964,125.91999769210815,graph,383.6665889887309,39.68175727113409,62720,0.99
07f787f3dae5,gdn_warm,gdn,flashinfer,warm,ok,,,,2026-09-22T00:22:17+00:00,warm,,1,1024,9224.448204040527,9213.977909088135,9238.630104064941,9190.239906311035,9228.447341918945,50,10,False,9202.04782485962,,False,9224.448204040527,22.400379180908203,799476285440.0,6709927936,6414336,86.66928012992803,727.4069719488361,0.07353673632047614,442773.5137939453,0.17008885336086083,0.12103950006558661,0e6e08559dbe6eaf,11630473a039827ea1d1ee5d1fe37f174e2b87b7,False,sha256:c2914767605584b6d8f45686b82de173ecc99e781897aa3d0a66dacd72c51ae1,fd68bfc8b9be9964,9202.04782485962,graph,729.1776856313352,86.88025759659602,125440,0.0
82b76ba11584,gdn_warm,gdn,flashinfer,warm,ok,,,,2026-09-22T00:22:18+00:00,warm,,1,1024,4684.351921081543,4678.896141052246,4690.755224227905,4674.71981048584,4687.230052947998,50,10,False,4669.360160827637,,False,4684.351921081543,14.99176025390625,399738142720.0,3358171136,6414336,85.33478044657815,716.891299495844,0.07468673343561133,224848.89221191406,0.1676299840637246,0.11917578117616924,0e6e08559dbe6eaf,11630473a039827ea1d1ee5d1fe37f174e2b87b7,False,sha256:c2914767605584b6d8f45686b82de173ecc99e781897aa3d0a66dacd72c51ae1,fd68bfc8b9be9964,4669.360160827637,graph,719.1929986837359,85.60876200416013,125440,0.5
93ff5bf709e5,gdn_warm,gdn,flashinfer,warm,ok,,,,2026-09-22T00:22:18+00:00,warm,,1,1024,956.7359983921051,952.7807772159576,959.9648058414459,951.0400295257568,957.9846394062042,50,10,False,940.3200149536133,,False,956.7359983921051,16.41598343849182,79947628544.0,676765696,6414336,83.56289371191254,707.3693235515079,0.0762704080350849,45923.327922821045,0.16540346983914586,0.11670122174501606,0e6e08559dbe6eaf,11630473a039827ea1d1ee5d1fe37f174e2b87b7,False,sha256:c2914767605584b6d8f45686b82de173ecc99e781897aa3d0a66dacd72c51ae1,fd68bfc8b9be9964,940.3200149536133,graph,719.7184843857497,85.0217237457653,125440,0.9
634c33d8e900,gdn_warm,gdn,flashinfer,warm,ok,,,,2026-09-22T00:22:18+00:00,warm,,1,1024,412.9120111465454,390.8224046230316,444.51840817928314,382.9439878463745,416.20416074991226,100,10,False,186.0639974474907,,False,412.9120111465454,226.84801369905472,9993453568.0,90208256,6414336,24.20238040606005,218.4684716473032,0.26333674180264377,19819.77653503418,0.05108426681481299,0.03380025795016477,0e6e08559dbe6eaf,11630473a039827ea1d1ee5d1fe37f174e2b87b7,False,sha256:c2914767605584b6d8f45686b82de173ecc99e781897aa3d0a66dacd72c51ae1,fd68bfc8b9be9964,186.0639974474907,graph,484.82380921358936,53.70976494697886,125440,0.99
558fb4e5a72d,gdn_warm,gdn,triton,warm,ok,,,,2026-09-22T00:22:18+00:00,warm,64,1,0,535.7919931411743,511.13279461860657,562.5728189945221,501.3440251350403,536.2521600723267,50,10,False,52.51200124621391,,False,535.7919931411743,483.2799918949604,407896064.0,9834496,6414336,0.7612955572714665,18.35506339380614,8.371749892830849,25718.015670776367,0.004291946333225397,0.0010632006348287525,0e6e08559dbe6eaf,11630473a039827ea1d1ee5d1fe37f174e2b87b7,False,sha256:c2914767605584b6d8f45686b82de173ecc99e781897aa3d0a66dacd72c51ae1,fd68bfc8b9be9964,52.51200124621391,graph,187.28092181992517,7.767673185554115,,
130d40021c6a,gdn_warm,gdn,triton,warm,ok,,,,2026-09-22T00:22:18+00:00,warm,64,1,1024,532.6719880104065,509.75677371025085,555.0368189811707,501.21599435806274,532.8371179103851,50,10,False,53.39200049638748,,False,532.6719880104065,479.279987514019,407896064.0,9834496,6414336,0.76575467300907,18.462574006816123,8.322999812662601,25568.25542449951,0.004317085433613725,0.0010694280909562869,0e6e08559dbe6eaf,11630473a039827ea1d1ee5d1fe37f174e2b87b7,False,sha256:c2914767605584b6d8f45686b82de173ecc99e781897aa3d0a66dacd72c51ae1,fd68bfc8b9be9964,53.39200049638748,graph,184.19418468250512,7.639647516627484,,
c3d9bbbdce79,gdn_warm,gdn,triton,warm,ok,,,,2026-09-22T00:22:18+00:00,warm,64,1,65536,529.2640030384064,510.38079857826233,548.3423948287964,504.4800043106079,531.0028851032257,50,10,False,52.89600044488907,,False,529.2640030384064,476.3680025935173,407896064.0,9834496,6414336,0.7706854455590111,18.581456406522992,8.2697500474751,25404.672145843506,0.004344883587646749,0.0010763142476601074,0e6e08559dbe6eaf,11630473a039827ea1d1ee5d1fe37f174e2b87b7,False,sha256:c2914767605584b6d8f45686b82de173ecc99e781897aa3d0a66dacd72c51ae1,fd68bfc8b9be9964,52.89600044488907,graph,185.92135354820064,7.711283661700964,,
61f4138ccc9a,gdn_warm,gdn,triton,warm,ok,,,,2026-09-22T00:22:18+00:00,warm,64,8,0,536.8639826774597,518.7839925289154,559.1551780700684,505.66399097442627,538.6259198188782,50,10,False,152.73599326610565,,False,536.8639826774597,384.12798941135406,3263168512.0,78675968,51314688,6.0782034505757965,146.54730162307686,1.0485624661669135,25769.471168518066,0.034267010707110176,0.008488621410627941,0e6e08559dbe6eaf,11630473a039827ea1d1ee5d1fe37f174e2b87b7,False,sha256:c2914767605584b6d8f45686b82de173ecc99e781897aa3d0a66dacd72c51ae1,fd68bfc8b9be9964,152.73599326610565,graph,515.1108544724365,21.364764403075018,,
7663b97e90e7,gdn_warm,gdn,triton,warm,ok,,,,2026-09-22T00:22:18+00:00,warm,64,8,1024,540.6560003757477,516.3616240024567,556.9344222545624,508.4480047225952,539.4707214832306,50,10,False,153.26400101184845,,False,540.6560003757477,387.39199936389923,3263168512.0,78675968,51314688,6.0355725447089235,145.51945774267077,1.0559687507338822,25951.48801803589,0.03402667098836392,0.008429084472906365,0e6e08559dbe6eaf,11630473a039827ea1d1ee5d1fe37f174e2b87b7,False,sha256:c2914767605584b6d8f45686b82de173ecc99e781897aa3d0a66dacd72c51ae1,fd68bfc8b9be9964,153.26400101184845,graph,513.3362530051513,21.291160940968343,,
247c2c4a96b2,gdn_warm,gdn,triton,warm,ok,,,,2026-09-22T00:22:18+00:00,warm,64,8,65536,547.104001045227,525.5711793899536,560.665625333786,513.2799744606018,544.6784007549286,50,10,False,153.20000052452087,,False,547.104001045227,393.9040005207062,3263168512.0,78675968,51314688,5.964439129974935,143.8044098556979,1.068562502041459,26260.9920501709,0.033625643035919854,0.008329741857570775,0e6e08559dbe6eaf,11630473a039827ea1d1ee5d1fe37f174e2b87b7,False,sha256:c2914767605584b6d8f45686b82de173ecc99e781897aa3d0a66dacd72c51ae1,fd68bfc8b9be9964,153.20000052452087,graph,513.5507032025583,21.30005548843131,,
cd7dd6496dd7,gdn_warm,gdn,triton,warm,ok,,,,2026-09-22T00:22:18+00:00,warm,64,32,0,567.1840012073517,547.3503828048706,581.1296045780182,536.8959903717041,566.2246382236481,50,10,False,508.432000875473,,False,567.1840012073517,58.75200033187866,13052674048.0,314703872,205258752,23.013120998150633,554.8532245798489,0.2769453130895272,27224.83205795288,0.12974078114692683,0.0321393769094332,0e6e08559dbe6eaf,11630473a039827ea1d1ee5d1fe37f174e2b87b7,False,sha256:c2914767605584b6d8f45686b82de173ecc99e781897aa3d0a66dacd72c51ae1,fd68bfc8b9be9964,508.432000875473,graph,618.9694422422447,25.672408553207703,,
2ff194ff8659,gdn_warm,gdn,triton,warm,ok,,,,2026-09-22T00:22:18+00:00,warm,64,32,1024,562.7679824829102,546.0960149765015,584.1216266155243,532.1919918060303,565.6768023967743,50,10,False,508.30399990081787,,False,562.7679824829102,54.463982582092285,13052674048.0,314703872,205258752,23.193704073945565,559.2071365032867,0.2747890539467335,27012.863159179688,0.1307588520690513,0.032391573364529594,0e6e08559dbe6eaf,11630473a039827ea1d1ee5d1fe37f174e2b87b7,False,sha256:c2914767605584b6d8f45686b82de173ecc99e781897aa3d0a66dacd72c51ae1,fd68bfc8b9be9964,508.30399990081787,graph,619.1253109584151,25.678873372129445,,
2b50b3da61cc,gdn_warm,gdn,triton,warm,ok,,,,2026-09-22T00:22:18+00:00,warm,64,32,65536,558.5120022296906,541.8144047260284,576.9568145275116,530.5600166320801,561.9123244285583,50,10,False,508.7840259075165,,False,558.5120022296906,49.72797632217407,13052674048.0,314703872,205258752,23.37044503232006,563.4684138275271,0.2727109385887161,26808.576107025146,0.13175526233439538,0.032638404043297105,0e6e08559dbe6eaf,11630473a039827ea1d1ee5d1fe37f174e2b87b7,False,sha256:c2914767605584b6d8f45686b82de173ecc99e781897aa3d0a66dacd72c51ae1,fd68bfc8b9be9964,508.7840259075165,graph,618.5411804913955,25.654645946711845,,
b32072544857,gdn_warm,gdn,triton,warm,ok,,,,2026-09-22T00:22:18+00:00,warm,512,1,0,550.3680109977722,530.3679823875427,569.8336243629456,517.5999999046326,551.152001619339,50,10,False,117.98399686813354,,False,550.3680109977722,432.3840141296387,3263168512.0,33775616,6414336,5.929066455159962,61.36914814283549,1.0749375214800239,26417.664527893066,0.014349887259647939,0.008280341529459494,0e6e08559dbe6eaf,11630473a039827ea1d1ee5d1fe37f174e2b87b7,False,sha256:c2914767605584b6d8f45686b82de173ecc99e781897aa3d0a66dacd72c51ae1,fd68bfc8b9be9964,117.98399686813354,graph,286.27285815507497,27.657721374256592,,
b88fdc92e778,gdn_warm,gdn,triton,warm,ok,,,,2026-09-22T00:22:18+00:00,warm,512,1,1024,547.8399991989136,526.8224239349365,564.8991823196411,520.799994468689,547.4015986919403,50,10,False,117.2959990799427,,False,547.8399991989136,430.54400011897087,3263168512.0,33775616,6414336,5.956426176934164,61.65233653875009,1.069999998435378,26296.31996154785,0.01441610492239204,0.00831855122775765,0e6e08559dbe6eaf,11630473a039827ea1d1ee5d1fe37f174e2b87b7,False,sha256:c2914767605584b6d8f45686b82de173ecc99e781897aa3d0a66dacd72c51ae1,fd68bfc8b9be9964,117.2959990799427,graph,287.9519869810763,27.81994729228572,,
d9c9b6367ccd,gdn_warm,gdn,triton,warm,ok,,,,2026-09-22T00:22:18+00:00,warm,512,1,65536,545.2160239219666,519.8784172534943,562.0640099048615,515.4560208320618,544.2963254451752,50,10,False,117.34399944543839,,False,545.2160239219666,427.87202447652817,3263168512.0,33775616,6414336,5.985092823440269,61.949052335325526,1.064875046722591,26170.369148254395,0.014485485683863653,0.00835858613466416,0e6e08559dbe6eaf,11630473a039827ea1d1ee5d1fe37f174e2b87b7,False,sha256:c2914767605584b6d8f45686b82de173ecc99e781897aa3d0a66dacd72c51ae1,fd68bfc8b9be9964,117.34399944543839,graph,287.83419825148115,27.80856735258355,,
95659ce6f470,gdn_warm,gdn,triton,warm,ok,,,,2026-09-22T00:22:19+00:00,warm,512,8,0,674.1280257701874,671.923178434372,676.6400218009949,670.304000377655,677.4156856536865,50,10,False,654.992014169693,,False,674.1280257701874,19.136011600494385,26105348096.0,270204928,51314688,38.724614758709656,400.8213835810971,0.16458203754154965,32358.145236968994,0.09372366799450725,0.0540815385059152,0e6e08559dbe6eaf,11630473a039827ea1d1ee5d1fe37f174e2b87b7,False,sha256:c2914767605584b6d8f45686b82de173ecc99e781897aa3d0a66dacd72c51ae1,fd68bfc8b9be9964,654.992014169693,graph,412.53163726359,39.85597920471245,,
18f380e141e1,gdn_warm,gdn,triton,warm,ok,,,,2026-09-22T00:22:19+00:00,warm,512,8,1024,673.4560132026672,670.8800256252289,676.5312016010284,667.4240231513977,676.53440117836,50,10,False,654.992014169693,,False,673.4560132026672,18.463999032974243,26105348096.0,270204928,51314688,38.76325637342548,401.22134586789355,0.16441797197330743,32325.888633728027,0.09381719078074964,0.05413550412925854,0e6e08559dbe6eaf,11630473a039827ea1d1ee5d1fe37f174e2b87b7,False,sha256:c2914767605584b6d8f45686b82de173ecc99e781897aa3d0a66dacd72c51ae1,fd68bfc8b9be9964,654.992014169693,graph,412.53163726359,39.85597920471245,,
93e38fb15c36,gdn_warm,gdn,triton,warm,ok,,,,2026-09-22T00:22:19+00:00,warm,512,8,65536,672.5920140743256,670.7647979259491,674.6591746807098,667.6160097122192,675.7087993621826,50,10,False,655.135989189148,,False,672.5920140743256,17.456024885177612,26105348096.0,270204928,51314688,38.8130509279511,401.73674730866,0.16420703468611464,32284.416675567627,0.09393770659027732,0.05420504558589387,0e6e08559dbe6eaf,11630473a039827ea1d1ee5d1fe37f174e2b87b7,False,sha256:c2914767605584b6d8f45686b82de173ecc99e781897aa3d0a66dacd72c51ae1,fd68bfc8b9be9964,655.135989189148,graph,412.4409778409954,39.8472203127021,,
da82c8e411bb,gdn_warm,gdn,triton,warm,ok,,,,2026-09-22T00:22:19+00:00,warm,512,32,0,2553.2000064849854,2549.1167545318604,2557.420802116394,2546.8480587005615,2555.2947330474854,50,10,False,2526.4480113983154,,False,2553.2000064849854,26.751995086669922,104421392384.0,1080819712,205258752,40.89824225237956,423.3196417259825,0.1558349613333121,122553.6003112793,0.09898441346169444,0.05711715602538932,0e6e08559dbe6eaf,11630473a039827ea1d1ee5d1fe37f174e2b87b7,False,sha256:c2914767605584b6d8f45686b82de173ecc99e781897aa3d0a66dacd72c51ae1,fd68bfc8b9be9964,2526.4480113983154,graph,427.80207909435586,41.33130462724456,,
0b5a3028f646,gdn_warm,gdn,triton,warm,ok,,,,2026-09-22T00:22:19+00:00,warm,512,32,1024,2551.0560274124146,2548.1536149978638,2554.2336463928223,2546.7519760131836,2553.228144645691,50,10,False,2525.823950767517,,False,2551.0560274124146,25.23207664489746,104421392384.0,1080819712,205258752,40.93261428284531,423.675411431985,0.155704103235621,122450.6893157959,0.09906760274044493,0.05716515888612124,0e6e08559dbe6eaf,11630473a039827ea1d1ee5d1fe37f174e2b87b7,False,sha256:c2914767605584b6d8f45686b82de173ecc99e781897aa3d0a66dacd72c51ae1,fd68bfc8b9be9964,2525.823950767517,graph,427.9077770529389,41.34151643952448,,
ae4c620d119d,gdn_warm,gdn,triton,warm,ok,,,,2026-09-22T00:22:20+00:00,warm,512,32,65536,2549.872040748596,2546.8352556228638,2552.59211063385,2544.5759296417236,2551.868805885315,50,10,False,2525.887966156006,,False,2549.872040748596,23.984074592590332,104421392384.0,1080819712,205258752,40.95162059714329,423.8721373966244,0.15563183842459694,122393.85795593262,0.09911360297833402,0.05719170248700576,0e6e08559dbe6eaf,11630473a039827ea1d1ee5d1fe37f174e2b87b7,False,sha256:c2914767605584b6d8f45686b82de173ecc99e781897aa3d0a66dacd72c51ae1,fd68bfc8b9be9964,2525.887966156006,graph,427.8969322795553,41.34046869185276,,
9c3c39fff15e,gdn_warm,gdn,triton,warm,ok,,,,2026-09-22T00:22:20+00:00,warm,2048,1,0,563.8720095157623,544.2335844039917,580.710381269455,525.4719853401184,563.6371219158173,50,10,False,367.21599102020264,,False,563.8720095157623,196.6560184955597,13052674048.0,115859456,6414336,23.148292214769228,205.47119566991256,0.2753281296463683,27065.85645675659,0.04804512661811368,0.03232815263779098,0e6e08559dbe6eaf,11630473a039827ea1d1ee5d1fe37f174e2b87b7,False,sha256:c2914767605584b6d8f45686b82de173ecc99e781897aa3d0a66dacd72c51ae1,fd68bfc8b9be9964,367.21599102020264,graph,315.5076544409688,35.54495002174864,,
2c8edba59501,gdn_warm,gdn,triton,warm,ok,,,,2026-09-22T00:22:20+00:00,warm,2048,1,1024,558.0480098724365,537.1199905872345,573.6063718795776,524.2879986763,558.7008011341095,50,10,False,366.4959967136383,,False,558.0480098724365,191.55201315879822,13052674048.0,115859456,6414336,23.389876528694536,207.61557061458595,0.27248437982052565,26786.304473876953,0.04854654369215969,0.032665541439652154,0e6e08559dbe6eaf,11630473a039827ea1d1ee5d1fe37f174e2b87b7,False,sha256:c2914767605584b6d8f45686b82de173ecc99e781897aa3d0a66dacd72c51ae1,fd68bfc8b9be9964,366.4959967136383,graph,316.1274803515161,35.61477932922337,,
fc0fa3cdd0df,gdn_warm,gdn,triton,warm,ok,,,,2026-09-22T00:22:20+00:00,warm,2048,1,65536,552.6240170001984,536.8640005588531,573.8080203533173,527.5520086288452,555.848959684372,50,10,False,366.4639890193939,,False,552.6240170001984,186.16002798080444,13052674048.0,115859456,6414336,23.61944766507554,209.6533129865009,0.2698359458008781,26525.95281600952,0.04902302697710164,0.0329861530281572,0e6e08559dbe6eaf,11630473a039827ea1d1ee5d1fe37f174e2b87b7,False,sha256:c2914767605584b6d8f45686b82de173ecc99e781897aa3d0a66dacd72c51ae1,fd68bfc8b9be9964,366.4639890193939,graph,316.15509155489906,35.61788999494089,,
8a8ba0b6de11,gdn_warm,gdn,triton,warm,ok,,,,2026-09-22T00:22:20+00:00,warm,2048,8,0,2402.5120735168457,2399.2768049240112,2403.8848161697388,2397.7279663085938,2403.8694524765015,50,10,False,2378.7680864334106,,False,2402.5120735168457,23.74398708343506,104421392384.0,926875648,51314688,43.46342044855819,385.79437673469033,0.14663769979961216,115320.5795288086,0.09020991783467112,0.060699600531437414,0e6e08559dbe6eaf,11630473a039827ea1d1ee5d1fe37f174e2b87b7,False,sha256:c2914767605584b6d8f45686b82de173ecc99e781897aa3d0a66dacd72c51ae1,fd68bfc8b9be9964,2378.7680864334106,graph,389.64523413869426,43.89725630654626,,
262f7e0b61eb,gdn_warm,gdn,triton,warm,ok,,,,2026-09-22T00:22:21+00:00,warm,2048,8,1024,2403.0239582061768,2401.024103164673,2406.361484527588,2398.9439010620117,2405.402865409851,50,10,False,2377.4399757385254,,False,2403.0239582061768,25.583982467651367,104421392384.0,926875648,51314688,43.45416200592069,385.712196016514,0.14666894276160747,115345.14999389648,0.09019070159855844,0.06068667049132922,0e6e08559dbe6eaf,11630473a039827ea1d1ee5d1fe37f174e2b87b7,False,sha256:c2914767605584b6d8f45686b82de173ecc99e781897aa3d0a66dacd72c51ae1,fd68bfc8b9be9964,2377.4399757385254,graph,389.862901885494,43.921778656709364,,
7e5a4087ff9e,gdn_warm,gdn,triton,warm,ok,,,,2026-09-22T00:22:21+00:00,warm,2048,8,65536,2401.6159772872925,2399.4399785995483,2404.207968711853,2396.0959911346436,2403.896322250366,50,10,False,2377.2000074386597,,False,2401.6159772872925,24.415969848632812,104421392384.0,926875648,51314688,43.4796376154807,385.93832518008884,0.14658300642622635,115277.56690979004,0.09024357715739567,0.060722248899738596,0e6e08559dbe6eaf,11630473a039827ea1d1ee5d1fe37f174e2b87b7,False,sha256:c2914767605584b6d8f45686b82de173ecc99e781897aa3d0a66dacd72c51ae1,fd68bfc8b9be9964,2377.2000074386597,graph,389.90225689872534,43.926212374746704,,
27ad145c62bb,gdn_warm,gdn,triton,warm,ok,,,,2026-09-22T00:22:22+00:00,warm,2048,32,0,10244.400024414062,10237.657356262207,10251.699256896973,10234.496116638184,10248.728942871094,50,10,False,10223.023891448975,,False,10244.400024414062,21.37613296508789,417685569536.0,3707502592,205258752,40.77208704663892,361.9052929565833,0.15631713904440403,491731.201171875,0.0846239569842085,0.056940971764822865,0e6e08559dbe6eaf,11630473a039827ea1d1ee5d1fe37f174e2b87b7,False,sha256:c2914767605584b6d8f45686b82de173ecc99e781897aa3d0a66dacd72c51ae1,fd68bfc8b9be9964,10223.023891448975,graph,362.66202949023057,40.85734064315081,,
3255661b2bfd,gdn_warm,gdn,triton,warm,ok,,,,2026-09-22T00:22:23+00:00,warm,2048,32,1024,10246.495723724365,10239.542388916016,10252.163124084473,10234.560012817383,10250.090255737305,50,10,False,10229.39157485962,,False,10246.495723724365,17.104148864746094,417685569536.0,3707502592,205258752,40.76374799717195,361.8312730483831,0.15634911687811837,491831.79473876953,0.08460664898222728,0.05692932571933833,0e6e08559dbe6eaf,11630473a039827ea1d1ee5d1fe37f174e2b87b7,False,sha256:c2914767605584b6d8f45686b82de173ecc99e781897aa3d0a66dacd72c51ae1,fd68bfc8b9be9964,10229.39157485962,graph,362.43627637754975,40.8319073993149,,
218c28322d1a,gdn_warm,gdn,triton,warm,ok,,,,2026-09-22T00:22:25+00:00,warm,2048,32,65536,10250.144004821777,10242.91181564331,10259.77611541748,10241.408348083496,10255.431079864502,50,10,False,10235.264301300049,,False,10250.144004821777,14.879703521728516,417685569536.0,3707502592,205258752,40.74923916576355,361.70248830220834,0.15640478522982448,492006.9122314453,0.08457653537230607,0.056909063156898955,0e6e08559dbe6eaf,11630473a039827ea1d1ee5d1fe37f174e2b87b7,False,sha256:c2914767605584b6d8f45686b82de173ecc99e781897aa3d0a66dacd72c51ae1,fd68bfc8b9be9964,10235.264301300049,graph,362.22831993982663,40.80847912085152,,
5910eaaa53ee,gdn_warm,gdn,triton,warm,ok,,,,2026-09-22T00:22:25+00:00,warm,,1,1024,1314.191997051239,1309.7824335098267,1320.1664447784424,1309.0239763259888,1316.972804069519,50,10,False,1296.992003917694,,False,1314.191997051239,17.199993133544922,49967267840.0,425383936,6414336,38.0212845247237,323.6847712925273,0.16762653023612742,63081.21585845947,0.07568689017650888,0.053099290357839536,0e6e08559dbe6eaf,11630473a039827ea1d1ee5d1fe37f174e2b87b7,False,sha256:c2914767605584b6d8f45686b82de173ecc99e781897aa3d0a66dacd72c51ae1,fd68bfc8b9be9964,1296.992003917694,graph,327.97730033422357,38.52550184509147,7840,0.0
87b02407382c,gdn_warm,gdn,triton,warm,ok,,,,2026-09-22T00:22:26+00:00,warm,,8,1024,9667.952060699463,9662.460803985596,9674.348449707031,9657.82356262207,9672.344284057617,50,10,False,9652.560234069824,,False,9667.952060699463,15.391826629638672,399738142720.0,3403071488,51314688,41.346723712558365,351.99507265179716,0.15414464382492765,464061.6989135742,0.08230665996452423,0.057743490657999025,0e6e08559dbe6eaf,11630473a039827ea1d1ee5d1fe37f174e2b87b7,False,sha256:c2914767605584b6d8f45686b82de173ecc99e781897aa3d0a66dacd72c51ae1,fd68bfc8b9be9964,9652.560234069824,graph,352.5563586734706,41.41265457314404,7840,0.0
77a79b6eb670,gdn_warm,gdn,triton,warm,ok,,,,2026-09-22T00:22:26+00:00,warm,,1,1024,694.2560076713562,690.6176149845123,701.4080166816711,685.696005821228,699.8540759086609,50,10,False,676.5919923782349,,False,694.2560076713562,17.664015293121338,24983633920.0,215899136,6414336,35.98619766186689,310.9791397040404,0.17710612440595822,33324.2883682251,0.07271594489903735,0.05025715418108859,0e6e08559dbe6eaf,11630473a039827ea1d1ee5d1fe37f174e2b87b7,False,sha256:c2914767605584b6d8f45686b82de173ecc99e781897aa3d0a66dacd72c51ae1,fd68bfc8b9be9964,676.5919923782349,graph,319.0979769670493,36.925701458839335,7840,0.5
207ff98734ae,gdn_warm,gdn,triton,warm,ok,,,,2026-09-22T00:22:27+00:00,warm,,8,1024,4685.935974121094,4682.850980758667,4690.713787078857,4679.903984069824,4689.2620849609375,50,10,False,4675.024032592773,,False,4685.935974121094,10.911941528320312,199869071360.0,1727193088,51314688,42.65296676348378,368.5908423714554,0.1494239787666165,224924.9267578125,0.08618723239661814,0.05956774725285175,0e6e08559dbe6eaf,11630473a039827ea1d1ee5d1fe37f174e2b87b7,False,sha256:c2914767605584b6d8f45686b82de173ecc99e781897aa3d0a66dacd72c51ae1,fd68bfc8b9be9964,4675.024032592773,graph,369.45116772845705,42.752522760648226,7840,0.5
6d012da1129b,gdn_warm,gdn,triton,warm,ok,,,,2026-09-22T00:22:27+00:00,warm,,1,1024,548.8639771938324,527.7375757694244,572.3136067390442,517.4720287322998,548.7065589427948,50,10,False,169.5679947733879,,False,548.8639771938324,379.2959824204445,4996726784.0,48311296,6414336,9.10376157230555,88.02052604545183,0.7000816035635617,26345.470905303955,0.020581752615293502,0.012714017559350387,0e6e08559dbe6eaf,11630473a039827ea1d1ee5d1fe37f174e2b87b7,False,sha256:c2914767605584b6d8f45686b82de173ecc99e781897aa3d0a66dacd72c51ae1,fd68bfc8b9be9964,169.5679947733879,graph,284.90810464889694,29.467393246453543,7840,0.9
8ad579f7a9b8,gdn_warm,gdn,triton,warm,ok,,,,2026-09-22T00:22:27+00:00,warm,,8,1024,997.759997844696,996.2431967258453,1000.1311659812927,994.3040013313293,1000.0582361221313,50,10,False,979.5359969139099,,False,997.759997844696,18.224000930786133,39973814272.0,386490368,51314688,40.06355672541407,387.35805086882056,0.1590816323094222,47892.47989654541,0.09057555021208935,0.05595146134390093,0e6e08559dbe6eaf,11630473a039827ea1d1ee5d1fe37f174e2b87b7,False,sha256:c2914767605584b6d8f45686b82de173ecc99e781897aa3d0a66dacd72c51ae1,fd68bfc8b9be9964,979.5359969139099,graph,394.5647420999967,40.8089283068106,7840,0.9
0a2fafcea965,gdn_warm,gdn,triton,warm,ok,,,,2026-09-22T00:22:27+00:00,warm,,1,1024,545.199990272522,524.9823808670044,567.7439749240875,517.7279710769653,546.8921601772308,50,10,False,170.19200325012207,,False,545.199990272522,375.0079870223999,4996726784.0,48311296,6414336,9.164942907468417,88.6120632097797,0.6954081508578086,26169.599533081055,0.020720071165817294,0.012799461423777978,0e6e08559dbe6eaf,11630473a039827ea1d1ee5d1fe37f174e2b87b7,False,sha256:c2914767605584b6d8f45686b82de173ecc99e781897aa3d0a66dacd72c51ae1,fd68bfc8b9be9964,170.19200325012207,graph,283.86348992554883,29.359351136237457,7840,0.99
2a75c9b4e629,gdn_warm,gdn,triton,warm,ok,,,,2026-09-22T00:22:27+00:00,warm,,8,1024,997.5199997425079,994.6847796440125,999.6224164962769,993.8560128211975,999.2800009250641,50,10,False,979.1359901428223,,False,997.5199997425079,18.38400959968567,39973814272.0,386490368,51314688,40.07319580792218,387.4512471928038,0.15904336730588456,47880.95998764038,0.09059734221642125,0.05596492297328246,0e6e08559dbe6eaf,11630473a039827ea1d1ee5d1fe37f174e2b87b7,False,sha256:c2914767605584b6d8f45686b82de173ecc99e781897aa3d0a66dacd72c51ae1,fd68bfc8b9be9964,979.1359901428223,graph,394.7259337731262,40.82559999267231,7840,0.99
c820e25910ac,gdn_warm,gdn,triton,warm,ok,,,,2026-09-22T00:22:28+00:00,warm,,1,1024,2560.464024543762,2552.207922935486,2572.144055366516,2550.431966781616,2563.230085372925,50,10,False,2541.360020637512,,False,2560.464024543762,19.10400390625,99934535680.0,844353536,6414336,39.029853464864395,329.76582678229653,0.16329489952447462,122902.27317810059,0.07710881737182779,0.05450782496333413,0e6e08559dbe6eaf,11630473a039827ea1d1ee5d1fe37f174e2b87b7,False,sha256:c2914767605584b6d8f45686b82de173ecc99e781897aa3d0a66dacd72c51ae1,fd68bfc8b9be9964,2541.360020637512,graph,332.24475443986483,39.32325009776889,15680,0.0
45215a2ecbcd,gdn_warm,gdn,triton,warm,ok,,,,2026-09-22T00:22:30+00:00,warm,,8,1024,19234.75170135498,19223.0619430542,19257.3974609375,19217.76008605957,19241.974334716797,50,10,False,19219.343185424805,,False,19234.75170135498,15.408515930175781,799476285440.0,6754828288,51314688,41.564159384687116,351.17834598947076,0.15333826292534264,923268.0816650391,0.08211568557623626,0.05804715425150568,0e6e08559dbe6eaf,11630473a039827ea1d1ee5d1fe37f174e2b87b7,False,sha256:c2914767605584b6d8f45686b82de173ecc99e781897aa3d0a66dacd72c51ae1,fd68bfc8b9be9964,19219.343185424805,graph,351.4598924027017,41.59748216818832,15680,0.0
1068b5167306,gdn_warm,gdn,triton,warm,ok,,,,2026-09-22T00:22:30+00:00,warm,,1,1024,1316.096007823944,1311.8111729621887,1360.5151653289795,1303.5199642181396,1325.596809387207,50,10,False,1297.1999645233154,,False,1316.096007823944,18.896043300628662,49967267840.0,425383936,6414336,37.96627870835711,323.21649292389935,0.1678693887530541,63172.60837554932,0.07557739310836803,0.053022471022271846,0e6e08559dbe6eaf,11630473a039827ea1d1ee5d1fe37f174e2b87b7,False,sha256:c2914767605584b6d8f45686b82de173ecc99e781897aa3d0a66dacd72c51ae1,fd68bfc8b9be9964,1297.1999645233154,graph,327.92472065501227,38.51932562946189,15680,0.5
4d7d091fa51c,gdn_warm,gdn,triton,warm,ok,,,,2026-09-22T00:22:31+00:00,warm,,8,1024,9664.048194885254,9659.196949005127,9670.288276672363,9657.759666442871,9668.668746948242,50,10,False,9650.976181030273,,False,9664.048194885254,13.072013854980469,399738142720.0,3403071488,51314688,41.363426036261224,352.13726374016767,0.1540824010664103,463874.3133544922,0.0823399083661917,0.0577668165804931,0e6e08559dbe6eaf,11630473a039827ea1d1ee5d1fe37f174e2b87b7,False,sha256:c2914767605584b6d8f45686b82de173ecc99e781897aa3d0a66dacd72c51ae1,fd68bfc8b9be9964,9650.976181030273,graph,352.6142251484359,41.41945179656704,15680,0.5
44a04fb24cfc,gdn_warm,gdn,triton,warm,ok,,,,2026-09-22T00:22:31+00:00,warm,,1,1024,554.720014333725,535.6639981269836,571.4111924171448,525.056004524231,554.9382412433624,50,10,False,295.53599655628204,,False,554.720014333725,259.18401777744293,9993453568.0,90208256,6414336,18.01531098531419,162.61943623640346,0.35377551934548784,26626.5606880188,0.03802514205979455,0.02515959786350554,0e6e08559dbe6eaf,11630473a039827ea1d1ee5d1fe37f174e2b87b7,False,sha256:c2914767605584b6d8f45686b82de173ecc99e781897aa3d0a66dacd72c51ae1,fd68bfc8b9be9964,295.53599655628204,graph,305.2361033889173,33.81467464013928,15680,0.9
2a7d495e1d68,gdn_warm,gdn,triton,warm,ok,,,,2026-09-22T00:22:32+00:00,warm,,8,1024,1866.5600419044495,1864.9280190467834,1869.5552349090576,1862.3360395431519,1868.8460850715637,50,10,False,1846.2240099906921,,False,1866.5600419044495,20.336031913757324,79947628544.0,721666048,51314688,42.83153327467008,386.6288958289736,0.1488010237487603,89594.88201141357,0.09040505260973948,0.05981712743934971,0e6e08559dbe6eaf,11630473a039827ea1d1ee5d1fe37f174e2b87b7,False,sha256:c2914767605584b6d8f45686b82de173ecc99e781897aa3d0a66dacd72c51ae1,fd68bfc8b9be9964,1846.2240099906921,graph,390.8875868230304,43.303319700843375,15680,0.9
90c70a39d484,gdn_warm,gdn,triton,warm,ok,,,,2026-09-22T00:22:32+00:00,warm,,1,1024,555.2639961242676,530.9151887893677,571.7888176441193,524.0319967269897,553.3638393878937,50,10,False,169.50400173664093,,False,555.2639961242676,385.75999438762665,4996726784.0,48311296,6414336,8.998830860414254,87.00599415271286,0.7082448930156474,26652.671813964844,0.02034452562546733,0.01256747473714385,0e6e08559dbe6eaf,11630473a039827ea1d1ee5d1fe37f174e2b87b7,False,sha256:c2914767605584b6d8f45686b82de173ecc99e781897aa3d0a66dacd72c51ae1,fd68bfc8b9be9964,169.50400173664093,graph,285.0156663266361,29.478518104625255,15680,0.99
5f412a77dd6d,gdn_warm,gdn,triton,warm,ok,,,,2026-09-22T00:22:32+00:00,warm,,8,1024,998.304009437561,995.0944125652313,1000.4672408103943,994.4319725036621,1000.239999294281,50,10,False,979.4880151748657,,False,998.304009437561,18.815994262695312,39973814272.0,386490368,51314688,40.041724659125656,387.1469655999344,0.15916836885165195,47918.59245300293,0.09052619235227942,0.0559209713896174,0e6e08559dbe6eaf,11630473a039827ea1d1ee5d1fe37f174e2b87b7,False,sha256:c2914767605584b6d8f45686b82de173ecc99e781897aa3d0a66dacd72c51ae1,fd68bfc8b9be9964,979.4880151748657,graph,394.58407046563076,40.81092739543482,15680,0.99
6dae9dbd04a3,gdn_warm,gdn,triton,warm,ok,,,,2026-09-22T00:22:33+00:00,warm,,1,1024,5214.432001113892,5206.966304779053,5224.153518676758,5200.255870819092,5218.539524078369,50,10,False,5193.584203720093,,False,5214.432001113892,20.847797393798828,199869071360.0,1682292736,6414336,38.32997943348471,322.62243244146885,0.1662765306477644,250292.7360534668,0.07543848453286607,0.053530403635499296,0e6e08559dbe6eaf,11630473a039827ea1d1ee5d1fe37f174e2b87b7,False,sha256:c2914767605584b6d8f45686b82de173ecc99e781897aa3d0a66dacd72c51ae1,fd68bfc8b9be9964,5193.584203720093,graph,323.91748549970504,38.48384150907509,31360,0.0
a7e935cf22c3,gdn_warm,gdn,triton,warm,ok,,,,2026-09-22T00:22:33+00:00,warm,,1,1024,2558.2879781723022,2552.623963356018,2563.180732727051,2547.9679107666016,2560.2924728393555,50,10,False,2540.39990901947,,False,2558.2879781723022,17.88806915283203,99934535680.0,844353536,6414336,39.063051748926036,330.04632129148536,0.16315612105690702,122797.82295227051,0.07717440512570115,0.0545541886079823,0e6e08559dbe6eaf,11630473a039827ea1d1ee5d1fe37f174e2b87b7,False,sha256:c2914767605584b6d8f45686b82de173ecc99e781897aa3d0a66dacd72c51ae1,fd68bfc8b9be9964,2540.39990901947,graph,332.37032209070543,39.33811181664394,31360,0.5
80448fd353cb,gdn_warm,gdn,triton,warm,ok,,,,2026-09-22T00:22:35+00:00,warm,,8,1024,19238.63983154297,19221.02108001709,19257.914352416992,19214.01596069336,19243.368225097656,50,10,False,19212.8324508667,,False,19238.63983154297,25.80738067626953,799476285440.0,6754828288,51314688,41.55575926574643,351.10737282606806,0.1533692588611525,923454.7119140625,0.08209908999157996,0.05803542291837879,0e6e08559dbe6eaf,11630473a039827ea1d1ee5d1fe37f174e2b87b7,False,sha256:c2914767605584b6d8f45686b82de173ecc99e781897aa3d0a66dacd72c51ae1,fd68bfc8b9be9964,19212.8324508667,graph,351.5789931169304,41.611578484563076,31360,0.5
e671f3e4c26a,gdn_warm,gdn,triton,warm,ok,,,,2026-09-22T00:22:35+00:00,warm,,1,1024,577.5839984416962,561.4688098430634,583.3984136581421,558.9759945869446,578.6150407791138,50,10,False,543.8719987869263,,False,577.5839984416962,33.7119996547699,19986907136.0,174002176,6414336,34.60432974238216,301.2586506368814,0.18417857093166332,27724.031925201416,0.07044301254713771,0.04832728235245035,0e6e08559dbe6eaf,11630473a039827ea1d1ee5d1fe37f174e2b87b7,False,sha256:c2914767605584b6d8f45686b82de173ecc99e781897aa3d0a66dacd72c51ae1,fd68bfc8b9be9964,543.8719987869263,graph,319.932220059318,36.7492850902043,31360,0.9
3c23476fc5a3,gdn_warm,gdn,triton,warm,ok,,,,2026-09-22T00:22:36+00:00,warm,,8,1024,3693.21608543396,3690.4767274856567,3696.6081142425537,3686.2399578094482,3695.8867359161377,50,10,False,3679.6480417251587,,False,3693.21608543396,13.56804370880127,159895257088.0,1392017408,51314688,43.294314058315386,376.911985597083,0.14721046258904497,177274.37210083008,0.08813295709335373,0.0604634320424157,0e6e08559dbe6eaf,11630473a039827ea1d1ee5d1fe37f174e2b87b7,False,sha256:c2914767605584b6d8f45686b82de173ecc99e781897aa3d0a66dacd72c51ae1,fd68bfc8b9be9964,3679.6480417251587,graph,378.3017810984361,43.45395409421686,31360,0.9
73fa77c5c341,gdn_warm,gdn,triton,warm,ok,,,,2026-09-22T00:22:36+00:00,warm,,1,1024,550.464004278183,525.4239797592163,567.2800242900848,522.0800042152405,548.827520608902,50,10,False,169.64799910783768,,False,550.464004278183,380.8160051703453,4996726784.0,48311296,6414336,9.077299778306395,87.76467784364947,0.7021224544364579,26422.272205352783,0.02052192788311859,0.012677061877802154,0e6e08559dbe6eaf,11630473a039827ea1d1ee5d1fe37f174e2b87b7,False,sha256:c2914767605584b6d8f45686b82de173ecc99e781897aa3d0a66dacd72c51ae1,fd68bfc8b9be9964,169.64799910783768,graph,284.77374477780114,29.453496712471118,31360,0.99
143183c171f4,gdn_warm,gdn,triton,warm,ok,,,,2026-09-22T00:22:36+00:00,warm,,8,1024,999.2960095405579,997.6000249385834,1001.0719656944275,996.1280226707458,1002.0051229000092,50,10,False,979.4719815254211,,False,999.2960095405579,19.82402801513672,39973814272.0,386490368,51314688,40.001975280956636,386.7626452122981,0.15932653213337977,47966.20845794678,0.0904363270958589,0.05586545869983524,0e6e08559dbe6eaf,11630473a039827ea1d1ee5d1fe37f174e2b87b7,False,sha256:c2914767605584b6d8f45686b82de173ecc99e781897aa3d0a66dacd72c51ae1,fd68bfc8b9be9964,979.4719815254211,graph,394.59052968323124,40.8115954575292,31360,0.99
8adead933892,gdn_warm,gdn,triton,warm,ok,,,,2026-09-22T00:22:37+00:00,warm,,1,1024,10767.855644226074,10743.465900421143,10792.937755584717,10732.6078414917,10772.901763916016,50,10,False,10747.215747833252,,False,10767.855644226074,20.639896392822266,399738142720.0,3358171136,6414336,37.12328210253702,311.86999965036813,0.1716813718786045,516857.07092285156,0.07292425379985809,0.05184516935814719,0e6e08559dbe6eaf,11630473a039827ea1d1ee5d1fe37f174e2b87b7,False,sha256:c2914767605584b6d8f45686b82de173ecc99e781897aa3d0a66dacd72c51ae1,fd68bfc8b9be9964,10747.215747833252,graph,312.46894217016546,37.19457691175422,62720,0.0
529eee09c22b,gdn_warm,gdn,triton,warm,ok,,,,2026-09-22T00:22:38+00:00,warm,,1,1024,5217.759847640991,5208.147144317627,5226.921653747559,5197.6637840271,5220.936965942383,50,10,False,5192.208051681519,,False,5217.759847640991,25.551795959472656,199869071360.0,1682292736,6414336,38.30553287161407,322.41666637083415,0.16638264820283774,250452.47268676758,0.07539037045592636,0.053496262361651066,0e6e08559dbe6eaf,11630473a039827ea1d1ee5d1fe37f174e2b87b7,False,sha256:c2914767605584b6d8f45686b82de173ecc99e781897aa3d0a66dacd72c51ae1,fd68bfc8b9be9964,5192.208051681519,graph,324.0033371650395,38.494041334740345,62720,0.5
f0e0be43aa75,gdn_warm,gdn,triton,warm,ok,,,,2026-09-22T00:22:38+00:00,warm,,1,1024,1064.9120211601257,1060.3871703147888,1069.500756263733,1056.5760135650635,1067.4099230766296,50,10,False,1047.5839972496033,,False,1064.9120211601257,17.32802391052246,39973814272.0,341590016,6414336,37.53719882742251,320.76829748608577,0.169788268679867,51115.777015686035,0.07500493398867417,0.05242323200472529,0e6e08559dbe6eaf,11630473a039827ea1d1ee5d1fe37f174e2b87b7,False,sha256:c2914767605584b6d8f45686b82de173ecc99e781897aa3d0a66dacd72c51ae1,fd68bfc8b9be9964,1047.5839972496033,graph,326.0741066079982,38.15809937623133,62720,0.9
e7d84680a0ab,gdn_warm,gdn,triton,warm,ok,,,,2026-09-22T00:22:38+00:00,warm,,1,1024,546.4960038661957,530.3967773914337,568.2207882404327,520.1280117034912,548.0473601818085,50,10,False,169.16800290346146,,False,546.4960038661957,377.3280009627342,4996726784.0,48311296,6414336,9.143208273529117,88.40191997420088,0.697061229421168,26231.808185577393,0.020670933580724617,0.012769107540346877,0e6e08559dbe6eaf,11630473a039827ea1d1ee5d1fe37f174e2b87b7,False,sha256:c2914767605584b6d8f45686b82de173ecc99e781897aa3d0a66dacd72c51ae1,fd68bfc8b9be9964,169.16800290346146,graph,285.581759971297,29.537067874776923,62720,0.99
f5da60e5d611,gdn_warm,gdn,triton,warm,ok,,,,2026-09-22T00:22:41+00:00,warm,,1,1024,21479.84027862549,21439.045906066895,21531.27040863037,21413.5684967041,21485.975761413574,50,10,False,21470.56007385254,,False,21479.84027862549,9.280204772949219,799476285440.0,6709927936,6414336,37.219843121252445,312.38258054819084,0.17123597160894044,1031032.3333740234,0.07304411008461677,0.05198002333886121,0e6e08559dbe6eaf,11630473a039827ea1d1ee5d1fe37f174e2b87b7,False,sha256:c2914767605584b6d8f45686b82de173ecc99e781897aa3d0a66dacd72c51ae1,fd68bfc8b9be9964,21470.56007385254,graph,312.51760144680816,37.23593062733492,125440,0.0
78d35050a0f4,gdn_warm,gdn,triton,warm,ok,,,,2026-09-22T00:22:42+00:00,warm,,1,1024,10765.727996826172,10745.990467071533,10796.352005004883,10742.176055908203,10771.121234893799,50,10,False,10755.680084228516,,False,10765.727996826172,10.04791259765625,399738142720.0,3358171136,6414336,37.130618833937305,311.93163499858235,0.1716474489289887,516754.94384765625,0.07293866593241734,0.051855415598792955,0e6e08559dbe6eaf,11630473a039827ea1d1ee5d1fe37f174e2b87b7,False,sha256:c2914767605584b6d8f45686b82de173ecc99e781897aa3d0a66dacd72c51ae1,fd68bfc8b9be9964,10755.680084228516,graph,312.22304026355533,37.16530610706357,125440,0.5
5e16aa4e55a0,gdn_warm,gdn,triton,warm,ok,,,,2026-09-22T00:22:43+00:00,warm,,1,1024,2057.4079751968384,2051.433539390564,2063.548755645752,2049.6959686279297,2059.9430418014526,50,10,False,2039.0560626983643,,False,2057.4079751968384,18.35191249847412,79947628544.0,676765696,6414336,38.85842259182998,328.9409315793343,0.1640153041451561,98755.58280944824,0.07691593294175582,0.0542684101771863,0e6e08559dbe6eaf,11630473a039827ea1d1ee5d1fe37f174e2b87b7,False,sha256:c2914767605584b6d8f45686b82de173ecc99e781897aa3d0a66dacd72c51ae1,fd68bfc8b9be9964,2039.0560626983643,graph,331.90146577157316,39.208156169184534,125440,0.9
a50ede200157,gdn_warm,gdn,triton,warm,ok,,,,2026-09-22T00:22:43+00:00,warm,,1,1024,560.3359937667847,539.961588382721,577.4976074695587,525.3120064735413,558.8582408428192,50,10,False,295.0560003519058,,False,560.3359937667847,265.27999341487885,9993453568.0,90208256,6414336,17.834752147225686,160.98957947282116,0.357357138881878,26896.127700805664,0.03764403426353926,0.024907435258002264,0e6e08559dbe6eaf,11630473a039827ea1d1ee5d1fe37f174e2b87b7,False,sha256:c2914767605584b6d8f45686b82de173ecc99e781897aa3d0a66dacd72c51ae1,fd68bfc8b9be9964,295.0560003519058,graph,305.7326605539657,33.869684250044266,125440,0.99
