point_id,benchmark,kernel,backend,regime,status,error,numerics_ok,max_abs_err,ts_utc,op,tokens,median_us,p10_us,p90_us,min_us,mean_us,repeats,warmup,unstable,graph_median_us,graph_error,l2_flush,eager_median_us,launch_overhead_us,flops,bytes_moved,weight_bytes,achieved_tflops,achieved_gbps,us_per_token,per_step_us,per_step_count,bandwidth_util,compute_util,dtype,environment_hash,git_sha,git_dirty,image_digest,config_hash,kernel_us,kernel_time_source,kernel_gbps,kernel_tflops
87fb99ccacd5,ops_gemm,ops,engine,ops,ok,,,,2026-09-22T17:56:16+00:00,gate_up_proj,1,85.15200018882751,80.75199723243713,94.60799768567085,78.68800312280655,85.91551974415779,50,10,False,53.328000009059906,,False,85.15200018882751,31.82400017976761,356515840.0,178391872.0,178301440.0,4.186816976811041,2094.9815812242796,85.15200018882751,5449.728012084961,64,0.48986747268573655,0.002883286180971971,fp8,f64663495a1b4254,5fe3095cfb8a3825d1ed13d9fa8f996433463941,False,sha256:c2914767605584b6d8f45686b82de173ecc99e781897aa3d0a66dacd72c51ae1,97fe1389edd46f63,53.328000009059906,graph,3345.1821176435074,6.685340532917631
66f724ff10e5,ops_gemm,ops,engine,ops,ok,,,,2026-09-22T17:56:16+00:00,gate_up_proj,8,54.80000004172325,53.98080125451088,55.88800050318241,53.408000618219376,55.61023995280266,50,10,False,54.4000007212162,,False,54.80000004172325,0.39999932050704956,2852126720.0,179024896.0,178301440.0,52.04610798957057,3266.8776617462636,6.850000005215406,3507.200002670288,64,0.7638907750195659,0.03584198324666256,fp8,f64663495a1b4254,5fe3095cfb8a3825d1ed13d9fa8f996433463941,False,sha256:c2914767605584b6d8f45686b82de173ecc99e781897aa3d0a66dacd72c51ae1,97fe1389edd46f63,54.4000007212162,graph,3290.898779899825,52.42879930491729
cfeaa1cacda7,ops_gemm,ops,engine,ops,ok,,,,2026-09-22T17:56:18+00:00,gate_up_proj,32,114.54400047659874,111.74720153212547,126.11199915409088,108.92800241708755,116.93248003721237,50,10,False,53.84000018239021,,False,114.54400047659874,60.70400029420853,11408506880.0,181195264.0,178301440.0,99.59934027562404,1581.8834967006246,3.5795000148937106,7330.816030502319,64,0.36989025467191056,0.06858991043581805,fp8,f64663495a1b4254,5fe3095cfb8a3825d1ed13d9fa8f996433463941,False,sha256:c2914767605584b6d8f45686b82de173ecc99e781897aa3d0a66dacd72c51ae1,97fe1389edd46f63,53.84000018239021,graph,3365.439513116211,211.89648665215745
9edc2a579cb0,ops_gemm,ops,engine,ops,ok,,,,2026-09-22T17:56:21+00:00,gate_up_proj,64,113.72800171375275,111.00480332970619,122.45120108127594,109.0880036354065,116.04160040616989,50,10,False,53.63199859857559,,False,113.72800171375275,60.096003115177155,22817013760.0,184089088.0,178301440.0,200.6279316982039,1618.6786475273022,1.7770000267773867,7278.592109680176,64,0.3784940284253875,0.1381640865092267,fp8,f64663495a1b4254,5fe3095cfb8a3825d1ed13d9fa8f996433463941,False,sha256:c2914767605584b6d8f45686b82de173ecc99e781897aa3d0a66dacd72c51ae1,97fe1389edd46f63,53.63199859857559,graph,3432.4487770420183,425.4365743626417
63f6c923da0a,ops_gemm,ops,engine,ops,ok,,,,2026-09-22T17:56:24+00:00,gate_up_proj,256,140.51199704408646,136.86400651931763,151.5103980898857,135.45599579811096,142.73791998624802,50,10,False,79.28000018000603,,False,140.51199704408646,61.23199686408043,91268055040.0,201452032.0,178301440.0,649.539234798322,1433.6998707433734,0.5488749884534627,8992.767810821533,64,0.3352406238629054,0.4473105727013568,fp8,f64663495a1b4254,5fe3095cfb8a3825d1ed13d9fa8f996433463941,False,sha256:c2914767605584b6d8f45686b82de173ecc99e781897aa3d0a66dacd72c51ae1,97fe1389edd46f63,79.28000018000603,graph,2541.019570416261,1151.2115897171416
d218a48a4786,ops_gemm,ops,engine,ops,ok,,,,2026-09-22T17:56:24+00:00,gate_up_proj,784,257.9199969768524,257.02079236507416,259.04959738254547,256.25601410865784,259.46752071380615,50,10,False,265.392005443573,,False,257.9199969768524,-7.472008466720581,279508418560.0,249200128.0,178301440.0,1083.7020077395746,966.1915746004177,0.3289795879806791,16506.879806518555,64,0.22592362101014998,0.7463003614710229,fp8,f64663495a1b4254,5fe3095cfb8a3825d1ed13d9fa8f996433463941,False,sha256:c2914767605584b6d8f45686b82de173ecc99e781897aa3d0a66dacd72c51ae1,97fe1389edd46f63,265.392005443573,graph,938.9888274271484,1053.1908001253958
223bc36cd394,ops_gemm,ops,engine,ops,ok,,,,2026-09-22T17:56:27+00:00,gate_up_proj,2048,582.2720229625702,577.6351749897003,594.9631869792938,574.9120116233826,584.9625563621521,50,10,False,558.4959983825684,,False,582.2720229625702,23.77602458000183,730144440320.0,363506176.0,178301440.0,1253.9576203662723,624.2892697308367,0.2843125112121925,37265.40946960449,64,0.14597694296154742,0.8635482989467549,fp8,f64663495a1b4254,5fe3095cfb8a3825d1ed13d9fa8f996433463941,False,sha256:c2914767605584b6d8f45686b82de173ecc99e781897aa3d0a66dacd72c51ae1,97fe1389edd46f63,558.4959983825684,graph,650.866213997471,1307.3405045596278
817935cc3981,ops_gemm,ops,engine,ops,ok,,,,2026-09-22T17:56:28+00:00,gate_up_proj,8192,2447.6799964904785,2369.9232816696167,2462.265682220459,2367.136001586914,2432.043504714966,50,10,False,2378.3040046691895,,False,2447.6799964904785,69.37599182128906,2920577761280.0,919120384.0,178301440.0,1193.2024469977978,375.5067595918784,0.2987890620715916,156651.51977539062,64,0.08780437448532928,0.8217087457095118,fp8,f64663495a1b4254,5fe3095cfb8a3825d1ed13d9fa8f996433463941,False,sha256:c2914767605584b6d8f45686b82de173ecc99e781897aa3d0a66dacd72c51ae1,97fe1389edd46f63,2378.3040046691895,graph,386.4604281856075,1228.0085958507389
fd744d70c397,ops_gemm,ops,engine,ops,ok,,,,2026-09-22T17:56:29+00:00,down_proj,1,59.936000034213066,57.59359896183014,71.53920009732246,56.86400085687637,62.06079989671707,50,10,False,32.48000144958496,,False,59.936000034213066,27.455998584628105,178257920.0,89231680.0,89150720.0,2.974137745232342,1488.7827006984814,59.936000034213066,3835.9040021896362,64,0.34812058755343017,0.002048164586278873,fp8,f64663495a1b4254,5fe3095cfb8a3825d1ed13d9fa8f996433463941,False,sha256:c2914767605584b6d8f45686b82de173ecc99e781897aa3d0a66dacd72c51ae1,97fe1389edd46f63,32.48000144958496,graph,2747.2806655659874,5.488236208261555
b8a7f54b0ade,ops_gemm,ops,engine,ops,ok,,,,2026-09-22T17:56:29+00:00,down_proj,8,43.42399910092354,41.145600378513336,56.038399785757086,40.09599983692169,46.19199991226196,100,10,True,32.416000962257385,,False,43.42399910092354,11.007998138666153,1426063360.0,89798400.0,89150720.0,32.84044283175362,2067.9440369205927,5.427999887615442,2779.1359424591064,64,0.4835453104221735,0.02261584289884967,fp8,f64663495a1b4254,5fe3095cfb8a3825d1ed13d9fa8f996433463941,False,sha256:c2914767605584b6d8f45686b82de173ecc99e781897aa3d0a66dacd72c51ae1,97fe1389edd46f63,32.416000962257385,graph,2770.187479465901,43.99257519952553
4c9b544e139f,ops_gemm,ops,engine,ops,ok,,,,2026-09-22T17:56:31+00:00,down_proj,32,95.85599973797798,93.08160096406937,111.64479851722717,90.62399715185165,99.1788800060749,50,10,False,35.58399900794029,,False,95.85599973797798,60.27200073003769,5704253440.0,91741440.0,89150720.0,59.508569683614546,957.075616036293,2.995499991811812,6134.783983230591,64,0.22379204542832268,0.040981069286878724,fp8,f64663495a1b4254,5fe3095cfb8a3825d1ed13d9fa8f996433463941,False,sha256:c2914767605584b6d8f45686b82de173ecc99e781897aa3d0a66dacd72c51ae1,97fe1389edd46f63,35.58399900794029,graph,2578.1655395035455,160.3038893612587
ac023d59b91c,ops_gemm,ops,engine,ops,ok,,,,2026-09-22T17:56:33+00:00,down_proj,64,93.35999935865402,89.09760043025017,104.16960269212723,87.36000210046768,95.20832017064095,50,10,False,34.49600003659725,,False,93.35999935865402,58.86399932205677,11408506880.0,94332160.0,89150720.0,122.19908909995603,1010.4130317911776,1.458749989978969,5975.039958953857,64,0.23626388064138676,0.08415341460605893,fp8,f64663495a1b4254,5fe3095cfb8a3825d1ed13d9fa8f996433463941,False,sha256:c2914767605584b6d8f45686b82de173ecc99e781897aa3d0a66dacd72c51ae1,97fe1389edd46f63,34.49600003659725,graph,2734.582557395692,330.7197028031241
06f42c7b72bd,ops_gemm,ops,engine,ops,ok,,,,2026-09-22T17:56:35+00:00,down_proj,256,108.68800058960915,105.62239959836006,126.59839391708374,103.16800326108932,112.98111960291862,50,10,False,58.639999479055405,,False,108.68800058960915,50.04800111055374,45634027520.0,109876480.0,89150720.0,419.86260923418564,1010.9347803248161,0.4245625023031607,6956.032037734985,64,0.23638588058536797,0.2891418626170336,fp8,f64663495a1b4254,5fe3095cfb8a3825d1ed13d9fa8f996433463941,False,sha256:c2914767605584b6d8f45686b82de173ecc99e781897aa3d0a66dacd72c51ae1,97fe1389edd46f63,58.639999479055405,graph,1873.746264940621,778.2064789461539
c52d0f6cf63d,ops_gemm,ops,engine,ops,ok,,,,2026-09-22T17:56:37+00:00,down_proj,784,223.93599897623062,219.0655991435051,238.95680010318756,218.59200298786163,226.220161318779,50,10,False,182.51200020313263,,False,223.93599897623062,41.42399877309799,139754209280.0,152623360.0,89150720.0,624.0810317185046,681.5490171198425,0.2856326517553962,14331.90393447876,64,0.1593659331042121,0.42977857033799477,fp8,f64663495a1b4254,5fe3095cfb8a3825d1ed13d9fa8f996433463941,False,sha256:c2914767605584b6d8f45686b82de173ecc99e781897aa3d0a66dacd72c51ae1,97fe1389edd46f63,182.51200020313263,graph,836.2373971581754,765.7261392371793
756521f1c962,ops_gemm,ops,engine,ops,ok,,,,2026-09-22T17:56:39+00:00,down_proj,2048,425.9040057659149,420.88960111141205,435.80159544944763,419.6160137653351,426.96832180023193,50,10,False,385.8720064163208,,False,425.9040057659149,40.031999349594116,365072220160.0,254956800.0,89150720.0,857.1701961419232,598.6250341588221,0.20796094031538814,27257.856369018555,64,0.13997590012148234,0.5902973535660675,fp8,f64663495a1b4254,5fe3095cfb8a3825d1ed13d9fa8f996433463941,False,sha256:c2914767605584b6d8f45686b82de173ecc99e781897aa3d0a66dacd72c51ae1,97fe1389edd46f63,385.8720064163208,graph,660.7289353996953,946.0966695939077
cbfdab48e358,ops_gemm,ops,engine,ops,ok,,,,2026-09-22T17:56:42+00:00,down_proj,8192,1406.92800283432,1350.8288502693176,1461.846399307251,1347.2959995269775,1414.7942352294922,50,10,False,1439.2480254173279,,False,1406.92800283432,-32.32002258300781,1460288880640.0,752375040.0,89150720.0,1037.927227049417,534.7644218355925,0.17174414097098634,90043.39218139648,64,0.12504343625482506,0.7147771797002543,fp8,f64663495a1b4254,5fe3095cfb8a3825d1ed13d9fa8f996433463941,False,sha256:c2914767605584b6d8f45686b82de173ecc99e781897aa3d0a66dacd72c51ae1,97fe1389edd46f63,1439.2480254173279,graph,522.7556520578443,1014.6193393015573
e2f8a971f4f9,ops_gemm,ops,engine,ops,ok,,,,2026-09-22T17:56:44+00:00,qkv_proj,1,54.27199974656105,51.67999863624573,63.24160173535347,51.13599821925163,56.364799812436104,50,10,False,24.575999937951565,,False,54.27199974656105,29.695999808609486,146800640.0,73467712.0,73418240.0,2.7049056730087058,1353.6945817931703,54.27199974656105,868.3519959449768,16,0.3165330662162053,0.001862755690304605,fp8,f64663495a1b4254,5fe3095cfb8a3825d1ed13d9fa8f996433463941,False,sha256:c2914767605584b6d8f45686b82de173ecc99e781897aa3d0a66dacd72c51ae1,97fe1389edd46f63,24.575999937951565,graph,2989.408861714199,5.973333348414551
07f6d37aeed6,ops_gemm,ops,engine,ops,ok,,,,2026-09-22T17:56:44+00:00,qkv_proj,8,45.711999759078026,42.69760139286518,52.89279855787754,41.02399945259094,46.74496002495289,50,10,False,24.960000067949295,,False,45.711999759078026,20.75199969112873,1174405120.0,73814016.0,73418240.0,25.69139670523324,1614.7623466274006,5.713999969884753,731.3919961452484,16,0.37757828365640933,0.01769259308451758,fp8,f64663495a1b4254,5fe3095cfb8a3825d1ed13d9fa8f996433463941,False,sha256:c2914767605584b6d8f45686b82de173ecc99e781897aa3d0a66dacd72c51ae1,97fe1389edd46f63,24.960000067949295,graph,2957.29229964159,47.05148705139762
e0c9d46c0a7e,ops_gemm,ops,engine,ops,ok,,,,2026-09-22T17:56:46+00:00,qkv_proj,32,88.19200098514557,85.02079918980598,102.58239805698395,83.16799998283386,91.05407938361168,50,10,False,27.103999629616737,,False,88.19200098514557,61.08800135552883,4697620480.0,75001344.0,73418240.0,53.265833947811586,850.4325013856154,2.756000030785799,1411.072015762329,16,0.19885579132401032,0.03668195762802368,fp8,f64663495a1b4254,5fe3095cfb8a3825d1ed13d9fa8f996433463941,False,sha256:c2914767605584b6d8f45686b82de173ecc99e781897aa3d0a66dacd72c51ae1,97fe1389edd46f63,27.103999629616737,graph,2767.168868982919,173.31834947587868
d022a25f1e20,ops_gemm,ops,engine,ops,ok,,,,2026-09-22T17:56:48+00:00,qkv_proj,64,87.91999891400337,83.35040137171745,99.69280287623405,81.91999793052673,90.2105601131916,50,10,False,27.408000081777573,,False,87.91999891400337,60.5119988322258,9395240960.0,76584448.0,73418240.0,106.86124972760416,871.0697104865649,1.3737499830313027,1406.719982624054,16,0.20368136953251245,0.07359088451381846,fp8,f64663495a1b4254,5fe3095cfb8a3825d1ed13d9fa8f996433463941,False,sha256:c2914767605584b6d8f45686b82de173ecc99e781897aa3d0a66dacd72c51ae1,97fe1389edd46f63,27.408000081777573,graph,2794.237002754455,342.7919195843298
19f80c83486d,ops_gemm,ops,engine,ops,ok,,,,2026-09-22T17:56:50+00:00,qkv_proj,256,104.15999963879585,101.37599781155586,118.37439984083176,99.35999661684036,107.34015971422195,50,10,False,45.504000037908554,,False,104.15999963879585,58.6559996008873,37580963840.0,86083072.0,73418240.0,360.8003453371984,826.4503868905272,0.4068749985890463,1666.5599942207336,16,0.19324807719293743,0.24846814550585244,fp8,f64663495a1b4254,5fe3095cfb8a3825d1ed13d9fa8f996433463941,False,sha256:c2914767605584b6d8f45686b82de173ecc99e781897aa3d0a66dacd72c51ae1,97fe1389edd46f63,45.504000037908554,graph,1891.769337383214,825.8826434751228
2ef76f9daf17,ops_gemm,ops,engine,ops,ok,,,,2026-09-22T17:56:54+00:00,qkv_proj,784,165.72800278663635,162.300805747509,181.72159790992737,159.19999778270721,169.24992054700851,50,10,False,113.53600025177002,,False,165.72800278663635,52.19200253486633,115091701760.0,112204288.0,73418240.0,694.4614055849862,677.0387991971126,0.21138775865642392,2651.6480445861816,16,0.158311313304749,0.47824659760185423,fp8,f64663495a1b4254,5fe3095cfb8a3825d1ed13d9fa8f996433463941,False,sha256:c2914767605584b6d8f45686b82de173ecc99e781897aa3d0a66dacd72c51ae1,97fe1389edd46f63,113.53600025177002,graph,988.2705727802908,1013.7022750914261
8c6ec5fc3490,ops_gemm,ops,engine,ops,ok,,,,2026-09-22T17:56:57+00:00,qkv_proj,2048,281.1359912157059,272.7040112018585,292.97598898410797,271.07200026512146,281.3465589284897,50,10,False,235.1359948515892,,False,281.1359912157059,45.99999636411667,300647710720.0,174736896.0,73418240.0,1069.4031362541675,621.5386910953371,0.13727343321079388,4498.175859451294,16,0.14533377787758128,0.736453325217537,fp8,f64663495a1b4254,5fe3095cfb8a3825d1ed13d9fa8f996433463941,False,sha256:c2914767605584b6d8f45686b82de173ecc99e781897aa3d0a66dacd72c51ae1,97fe1389edd46f63,235.1359948515892,graph,743.1312084323316,1278.6120258183348
b633775bad68,ops_gemm,ops,engine,ops,ok,,,,2026-09-22T17:56:57+00:00,qkv_proj,8192,962.8960192203522,934.4735980033875,1050.1216053962708,931.2000274658203,990.1817631721497,50,10,False,1047.8879809379578,,False,962.8960192203522,-84.99196171760559,1202590842880.0,478692864.0,73418240.0,1248.9311606602407,497.1386883368706,0.1175410179712344,15406.336307525635,16,0.11624544817600158,0.8600867858474525,fp8,f64663495a1b4254,5fe3095cfb8a3825d1ed13d9fa8f996433463941,False,sha256:c2914767605584b6d8f45686b82de173ecc99e781897aa3d0a66dacd72c51ae1,97fe1389edd46f63,1047.8879809379578,graph,456.816828428097,1147.6330149369292
b0110ad281af,ops_gemm,ops,engine,ops,ok,,,,2026-09-22T17:56:58+00:00,o_proj,1,40.09599983692169,38.43199834227562,49.020799994468696,37.88800165057182,42.80767984688282,100,10,True,15.135999768972397,,False,40.09599983692169,24.960000067949295,62914560.0,31500160.0,31464960.0,1.5690981707872573,785.6185187579144,40.09599983692169,641.5359973907471,16,0.18370040182126604,0.0010805724485872315,fp8,f64663495a1b4254,5fe3095cfb8a3825d1ed13d9fa8f996433463941,False,sha256:c2914767605584b6d8f45686b82de173ecc99e781897aa3d0a66dacd72c51ae1,97fe1389edd46f63,15.135999768972397,graph,2081.141680814031,4.1566173995965485
2777b4fb1439,ops_gemm,ops,engine,ops,ok,,,,2026-09-22T17:56:58+00:00,o_proj,8,38.60799968242645,38.07999938726425,46.48960009217262,37.43999823927879,40.753919929265976,100,10,False,14.671999961137772,,False,38.60799968242645,23.93599972128868,503316480.0,31746560.0,31464960.0,13.036585270930239,822.2793271118463,4.825999960303307,617.7279949188232,16,0.1922727624071103,0.008977752399238042,fp8,f64663495a1b4254,5fe3095cfb8a3825d1ed13d9fa8f996433463941,False,sha256:c2914767605584b6d8f45686b82de173ecc99e781897aa3d0a66dacd72c51ae1,97fe1389edd46f63,14.671999961137772,graph,2163.7513688718786,34.3045584332846
17ce35ec473e,ops_gemm,ops,engine,ops,ok,,,,2026-09-22T17:57:00+00:00,o_proj,32,74.8320035636425,71.55200093984604,89.80799838900566,68.7360018491745,77.69600048661232,100,10,False,15.647999942302704,,False,74.8320035636425,59.1840036213398,2013265920.0,32591360.0,31464960.0,26.903808853491068,435.527026511885,2.338500111363828,1197.31205701828,16,0.10183885418173064,0.018527530750070114,fp8,f64663495a1b4254,5fe3095cfb8a3825d1ed13d9fa8f996433463941,False,sha256:c2914767605584b6d8f45686b82de173ecc99e781897aa3d0a66dacd72c51ae1,97fe1389edd46f63,15.647999942302704,graph,2082.7811937736988,128.6596323762342
5165dc271601,ops_gemm,ops,engine,ops,ok,,,,2026-09-22T17:57:02+00:00,o_proj,64,79.40800115466118,76.00959837436676,93.24160143733025,73.5040009021759,82.16639965772629,50,10,False,14.015999622642994,,False,79.40800115466118,65.39200153201818,4026531840.0,33717760.0,31464960.0,50.706878166566796,424.6141384963044,1.240750018041581,1270.5280184745789,16,0.09928710436215901,0.0349197115392536,fp8,f64663495a1b4254,5fe3095cfb8a3825d1ed13d9fa8f996433463941,False,sha256:c2914767605584b6d8f45686b82de173ecc99e781897aa3d0a66dacd72c51ae1,97fe1389edd46f63,14.015999622642994,graph,2405.662165224991,287.281103624967
2f854df86eb5,ops_gemm,ops,engine,ops,ok,,,,2026-09-22T17:57:04+00:00,o_proj,256,85.16800031065941,80.56960254907608,97.35360220074654,79.42400127649307,87.24736034870148,50,10,False,24.447999894618988,,False,85.16800031065941,60.72000041604042,16106127360.0,40476160.0,31464960.0,189.1100800917149,475.25079668841437,0.3326875012135133,1362.6880049705505,16,0.11112742410345455,0.13023222262422596,fp8,f64663495a1b4254,5fe3095cfb8a3825d1ed13d9fa8f996433463941,False,sha256:c2914767605584b6d8f45686b82de173ecc99e781897aa3d0a66dacd72c51ae1,97fe1389edd46f63,24.447999894618988,graph,1655.602101377169,658.7912070281448
7f9edb35ad3a,ops_gemm,ops,engine,ops,ok,,,,2026-09-22T17:57:06+00:00,o_proj,784,122.14400246739388,118.78400295972824,134.22079980373383,117.21599847078323,124.40703973174095,50,10,False,70.28799876570702,,False,122.14400246739388,51.85600370168686,49325015040.0,59061760.0,31464960.0,403.82674583770273,483.5420389614827,0.155795921514533,1954.304039478302,16,0.11306615709000406,0.27809863250042843,fp8,f64663495a1b4254,5fe3095cfb8a3825d1ed13d9fa8f996433463941,False,sha256:c2914767605584b6d8f45686b82de173ecc99e781897aa3d0a66dacd72c51ae1,97fe1389edd46f63,70.28799876570702,graph,840.2822819991255,701.7558602630938
81bd79b92a43,ops_gemm,ops,engine,ops,ok,,,,2026-09-22T17:57:09+00:00,o_proj,2048,186.25599890947342,182.87680000066757,199.66400563716888,181.18399381637573,189.07904028892517,50,10,False,144.57599818706512,,False,186.25599890947342,41.680000722408295,128849018880.0,103554560.0,31464960.0,691.7845311528725,555.9797300828466,0.09094531196751632,2980.0959825515747,16,0.13000419081537726,0.47640314585771104,fp8,f64663495a1b4254,5fe3095cfb8a3825d1ed13d9fa8f996433463941,False,sha256:c2914767605584b6d8f45686b82de173ecc99e781897aa3d0a66dacd72c51ae1,97fe1389edd46f63,144.57599818706512,graph,716.2638425363801,891.2199846151767
a11f255d891d,ops_gemm,ops,engine,ops,ok,,,,2026-09-22T17:57:12+00:00,o_proj,8192,508.7519884109497,504.12479639053345,518.4384107589722,502.27200984954834,509.86559867858887,50,10,False,485.76000332832336,,False,508.7519884109497,22.991985082626343,515396075520.0,319823360.0,31464960.0,1013.0595796387994,628.6429680578651,0.06210351421032101,8140.031814575195,16,0.14699496393863457,0.6976518683887174,fp8,f64663495a1b4254,5fe3095cfb8a3825d1ed13d9fa8f996433463941,False,sha256:c2914767605584b6d8f45686b82de173ecc99e781897aa3d0a66dacd72c51ae1,97fe1389edd46f63,485.76000332832336,graph,658.3978874519082,1061.0097002400705
bed3161c05ba,ops_gemm,ops,engine,ops,ok,,,,2026-09-22T17:57:13+00:00,in_proj_qkvz,1,54.08000014722347,52.111998572945595,64.96000215411186,51.52000114321709,56.29760004580021,50,10,False,27.2000003606081,,False,54.08000014722347,26.87999978661537,167772160.0,83960128.0,83906560.0,3.1022958495427,1552.5171555368536,54.08000014722347,2595.8400070667267,48,0.3630235521400836,0.002136421726054557,fp8,f64663495a1b4254,5fe3095cfb8a3825d1ed13d9fa8f996433463941,False,sha256:c2914767605584b6d8f45686b82de173ecc99e781897aa3d0a66dacd72c51ae1,97fe1389edd46f63,27.2000003606081,graph,3086.7693708413954,6.168094035872622
33825c6744ce,ops_gemm,ops,engine,ops,ok,,,,2026-09-22T17:57:13+00:00,in_proj_qkvz,8,44.89599913358688,41.600000113248825,55.49440123140812,40.383998304605484,46.61791995167732,100,10,True,27.424000203609467,,False,44.89599913358688,17.471998929977417,1342177280.0,84335104.0,83906560.0,29.89525360614843,1878.4547760940363,5.61199989169836,2155.0079584121704,48,0.43923722383367564,0.020587613950326843,fp8,f64663495a1b4254,5fe3095cfb8a3825d1ed13d9fa8f996433463941,False,sha256:c2914767605584b6d8f45686b82de173ecc99e781897aa3d0a66dacd72c51ae1,97fe1389edd46f63,27.424000203609467,graph,3075.229848813233,48.941703253901906
6e873b88ee0b,ops_gemm,ops,engine,ops,ok,,,,2026-09-22T17:57:15+00:00,in_proj_qkvz,32,89.20000120997429,87.41440251469612,102.54719778895378,85.21600067615509,92.35135987401009,50,10,False,28.815999627113342,,False,89.20000120997429,60.38400158286095,5368709120.0,85620736.0,83906560.0,60.18732115666916,959.8737089526625,2.7875000378116965,4281.600058078766,48,0.2244463207296266,0.04144849710935386,fp8,f64663495a1b4254,5fe3095cfb8a3825d1ed13d9fa8f996433463941,False,sha256:c2914767605584b6d8f45686b82de173ecc99e781897aa3d0a66dacd72c51ae1,97fe1389edd46f63,28.815999627113342,graph,2971.2915431688984,186.3100079633716
8f1f0d19a0bf,ops_gemm,ops,engine,ops,ok,,,,2026-09-22T17:57:17+00:00,in_proj_qkvz,64,89.45600315928459,85.29600128531456,103.1168021261692,82.75199681520462,92.67007991671562,50,10,False,28.656000271439552,,False,89.45600315928459,60.80000288784504,10737418240.0,87334912.0,83906560.0,120.03015852252024,976.289001471396,1.3977500493638217,4293.88815164566,48,0.22828469235619234,0.0826597626035844,fp8,f64663495a1b4254,5fe3095cfb8a3825d1ed13d9fa8f996433463941,False,sha256:c2914767605584b6d8f45686b82de173ecc99e781897aa3d0a66dacd72c51ae1,97fe1389edd46f63,28.656000271439552,graph,3047.700696982604,374.7005212971615
2b0eddb3bb77,ops_gemm,ops,engine,ops,ok,,,,2026-09-22T17:57:20+00:00,in_proj_qkvz,256,98.96000102162361,96.48639783263206,112.0352029800415,93.53599697351456,101.75104022026062,50,10,False,41.6640006005764,,False,98.96000102162361,57.29600042104721,42949672960.0,97619968.0,83906560.0,434.01043367628023,986.458841877631,0.38656250399071723,4750.080049037933,48,0.23066269608761814,0.2988848790733629,fp8,f64663495a1b4254,5fe3095cfb8a3825d1ed13d9fa8f996433463941,False,sha256:c2914767605584b6d8f45686b82de173ecc99e781897aa3d0a66dacd72c51ae1,97fe1389edd46f63,41.6640006005764,graph,2343.0291520937017,1030.8581111004933
4a351a9baad9,ops_gemm,ops,engine,ops,ok,,,,2026-09-22T17:57:23+00:00,in_proj_qkvz,784,186.38399988412857,182.8799992799759,193.96800100803375,181.05599284172058,188.30207914113998,50,10,False,130.0160065293312,,False,186.38399988412857,56.36799335479736,131533373440.0,125903872.0,83906560.0,705.7117216165112,675.5079410157099,0.23773469372975584,8946.431994438171,48,0.15795335424912535,0.4859942208977668,fp8,f64663495a1b4254,5fe3095cfb8a3825d1ed13d9fa8f996433463941,False,sha256:c2914767605584b6d8f45686b82de173ecc99e781897aa3d0a66dacd72c51ae1,97fe1389edd46f63,130.0160065293312,graph,968.3720901825768,1011.6706161892959
370a85f02292,ops_gemm,ops,engine,ops,ok,,,,2026-09-22T17:57:23+00:00,in_proj_qkvz,2048,264.3520087003708,263.8367921113968,265.12639820575714,263.16800713539124,266.2169587612152,50,10,False,275.93599259853363,,False,264.3520087003708,-11.583983898162842,343597383680.0,193613824.0,83906560.0,1299.7721688184702,732.4091273293527,0.12907812924822792,12688.896417617798,48,0.17125850240990068,0.8950988671161585,fp8,f64663495a1b4254,5fe3095cfb8a3825d1ed13d9fa8f996433463941,False,sha256:c2914767605584b6d8f45686b82de173ecc99e781897aa3d0a66dacd72c51ae1,97fe1389edd46f63,275.93599259853363,graph,701.6620853869315,1245.2068338178292
6f908bdb44cd,ops_gemm,ops,engine,ops,ok,,,,2026-09-22T17:57:23+00:00,in_proj_qkvz,8192,1143.8239812850952,1120.793616771698,1214.8128271102905,1076.5119791030884,1148.684802055359,50,10,False,1181.5840005874634,,False,1143.8239812850952,-37.760019302368164,1374389534720.0,522735616.0,83906560.0,1201.5743306726815,457.0070435249158,0.13962695084046572,54903.55110168457,48,0.10686150533137505,0.827474112727509,fp8,f64663495a1b4254,5fe3095cfb8a3825d1ed13d9fa8f996433463941,False,sha256:c2914767605584b6d8f45686b82de173ecc99e781897aa3d0a66dacd72c51ae1,97fe1389edd46f63,1181.5840005874634,graph,442.4024155202718,1163.175478033451
f59542d5a3e2,ops_gemm,ops,engine,ops,ok,,,,2026-09-22T17:57:23+00:00,in_proj_ba,1,16.40000008046627,16.00000075995922,21.481599472463138,15.807999297976494,17.72991992533207,100,10,True,8.911999873816967,,False,16.40000008046627,7.488000206649303,983040.0,993472.0,983040.0,0.05994146312053257,60.57756067838718,16.40000008046627,787.200003862381,48,0.014164791145154945,8.37122994264229e-05,bf16,f64663495a1b4254,5fe3095cfb8a3825d1ed13d9fa8f996433463941,False,sha256:c2914767605584b6d8f45686b82de173ecc99e781897aa3d0a66dacd72c51ae1,97fe1389edd46f63,8.911999873816967,graph,111.47576459451864,0.11030520802498268
e4af286933a2,ops_gemm,ops,engine,ops,ok,,,,2026-09-22T17:57:23+00:00,in_proj_ba,8,16.656000167131424,16.220800578594208,18.038400635123253,16.063999384641647,17.553919926285744,50,10,False,8.895999751985073,,False,16.656000167131424,7.760000415146351,7864320.0,1066496.0,983040.0,0.47216137854749024,64.03073903088685,2.082000020891428,799.4880080223083,48,0.014972244426574039,0.0006594052370573656,bf16,f64663495a1b4254,5fe3095cfb8a3825d1ed13d9fa8f996433463941,False,sha256:c2914767605584b6d8f45686b82de173ecc99e781897aa3d0a66dacd72c51ae1,97fe1389edd46f63,8.895999751985073,graph,119.88489542864698,0.8840288016245885
53a015906cc2,ops_gemm,ops,engine,ops,ok,,,,2026-09-22T17:57:23+00:00,in_proj_ba,32,16.751999966800213,16.37759990990162,18.092799559235573,16.095999628305435,17.46751993894577,50,10,False,9.312000125646591,,False,16.751999966800213,7.439999841153622,31457280.0,1316864.0,983040.0,1.8778223532917444,78.60936023219998,0.5234999989625067,804.0959984064102,48,0.018381149014153518,0.0026225056734482982,bf16,f64663495a1b4254,5fe3095cfb8a3825d1ed13d9fa8f996433463941,False,sha256:c2914767605584b6d8f45686b82de173ecc99e781897aa3d0a66dacd72c51ae1,97fe1389edd46f63,9.312000125646591,graph,141.4158056520174,3.378144284315688
6f27aea95c81,ops_gemm,ops,engine,ops,ok,,,,2026-09-22T17:57:23+00:00,in_proj_ba,64,16.656000167131424,16.34879969060421,18.112000077962875,16.127999871969223,17.757440023124218,50,10,False,9.440000168979168,,False,16.656000167131424,7.215999998152256,62914560.0,1650688.0,983040.0,3.777291028379922,99.10470601804091,0.2602500026114285,799.4880080223083,48,0.02317355546388608,0.005275241896458924,bf16,f64663495a1b4254,5fe3095cfb8a3825d1ed13d9fa8f996433463941,False,sha256:c2914767605584b6d8f45686b82de173ecc99e781897aa3d0a66dacd72c51ae1,97fe1389edd46f63,9.440000168979168,graph,174.86101381908173,6.664677846801726
a08bcc4d2292,ops_gemm,ops,engine,ops,ok,,,,2026-09-22T17:57:23+00:00,in_proj_ba,256,16.672000288963318,16.252800822257996,19.056000374257565,16.16000011563301,17.708800248801708,50,10,False,9.759999811649323,,False,16.672000288963318,6.912000477313995,251658240.0,3653632.0,983040.0,15.094663845861076,219.14778890800912,0.06512500112876296,800.2560138702393,48,0.05124311089852056,0.02108071698325097,bf16,f64663495a1b4254,5fe3095cfb8a3825d1ed13d9fa8f996433463941,False,sha256:c2914767605584b6d8f45686b82de173ecc99e781897aa3d0a66dacd72c51ae1,97fe1389edd46f63,9.759999811649323,graph,374.34754820784985,25.784656235303018
fb281d58e017,ops_gemm,ops,engine,ops,ok,,,,2026-09-22T17:57:23+00:00,in_proj_ba,784,17.712000757455826,17.44000054895878,18.537599407136444,17.376000061631203,18.353280015289783,50,10,False,12.368000112473965,,False,17.712000757455826,5.344000644981861,770703360.0,9161728.0,983040.0,43.513060469782005,517.2610438232616,0.022591837700836514,850.1760363578796,48,0.12095063867263682,0.06076892617188543,bf16,f64663495a1b4254,5fe3095cfb8a3825d1ed13d9fa8f996433463941,False,sha256:c2914767605584b6d8f45686b82de173ecc99e781897aa3d0a66dacd72c51ae1,97fe1389edd46f63,12.368000112473965,graph,740.7606659673118,62.31430732464933
3f1dfe163e7c,ops_gemm,ops,engine,ops,ok,,,,2026-09-22T17:57:23+00:00,in_proj_ba,2048,17.823999747633934,17.59679988026619,19.337600097060204,17.343999817967415,18.86144008487463,50,10,False,11.296000331640244,,False,17.823999747633934,6.5279994159936905,2013265920.0,22347776.0,983040.0,112.95253301758227,1253.802531217303,0.008703124876774382,855.5519878864288,48,0.29317540675248843,0.15774583689969754,bf16,f64663495a1b4254,5fe3095cfb8a3825d1ed13d9fa8f996433463941,False,sha256:c2914767605584b6d8f45686b82de173ecc99e781897aa3d0a66dacd72c51ae1,97fe1389edd46f63,11.296000331640244,graph,1978.379545316017,178.22821006483298
76380a701243,ops_gemm,ops,engine,ops,ok,,,,2026-09-22T17:57:23+00:00,in_proj_ba,8192,26.863999664783478,26.27200074493885,27.904000133275986,26.11199952661991,27.226880006492138,50,10,False,26.623999699950218,,False,26.863999664783478,0.23999996483325958,8053063680.0,86441984.0,983040.0,299.7715820610627,3217.7629942915173,0.0032792968340800144,1289.471983909607,48,0.752406340868218,0.41865124957939504,bf16,f64663495a1b4254,5fe3095cfb8a3825d1ed13d9fa8f996433463941,False,sha256:c2914767605584b6d8f45686b82de173ecc99e781897aa3d0a66dacd72c51ae1,97fe1389edd46f63,26.623999699950218,graph,3246.7692673599913,302.4738495626958
9e99adb167cf,ops_gemm,ops,engine,ops,ok,,,,2026-09-22T17:57:23+00:00,out_proj,1,39.59999978542328,38.87680172920227,47.644799947738655,38.59199956059456,41.84128023684025,50,10,False,15.552000142633915,,False,39.59999978542328,24.047999642789364,62914560.0,31500160.0,31464960.0,1.5887515237603305,795.4585901688611,39.59999978542328,1900.7999897003174,48,0.18600129599443135,0.0010941068928562014,fp8,f64663495a1b4254,5fe3095cfb8a3825d1ed13d9fa8f996433463941,False,sha256:c2914767605584b6d8f45686b82de173ecc99e781897aa3d0a66dacd72c51ae1,97fe1389edd46f63,15.552000142633915,graph,2025.4732324523422,4.045432061663078
7eada20fffbb,ops_gemm,ops,engine,ops,ok,,,,2026-09-22T17:57:23+00:00,out_proj,8,38.416000083088875,37.50399872660637,46.59520052373409,37.43999823927879,40.5401598662138,50,10,False,14.879999682307243,,False,38.416000083088875,23.53600040078163,503316480.0,31746560.0,31464960.0,13.101740912937087,826.3890027940513,4.802000010386109,1843.968003988266,48,0.19323372381032383,0.009022622371642185,fp8,f64663495a1b4254,5fe3095cfb8a3825d1ed13d9fa8f996433463941,False,sha256:c2914767605584b6d8f45686b82de173ecc99e781897aa3d0a66dacd72c51ae1,97fe1389edd46f63,14.879999682307243,graph,2133.505421895109,33.82503298023978
97d4d6593484,ops_gemm,ops,engine,ops,ok,,,,2026-09-22T17:57:23+00:00,out_proj,32,73.99999722838402,70.68480178713799,87.967998534441,69.66400146484375,76.3148795068264,50,10,False,15.263999812304974,,False,73.99999722838402,58.735997416079044,2013265920.0,32591360.0,31464960.0,27.206297235208222,440.4238002795358,2.3124999133870006,3551.999866962433,48,0.10298386195238181,0.018735841878963534,fp8,f64663495a1b4254,5fe3095cfb8a3825d1ed13d9fa8f996433463941,False,sha256:c2914767605584b6d8f45686b82de173ecc99e781897aa3d0a66dacd72c51ae1,97fe1389edd46f63,15.263999812304974,graph,2135.178223320384,131.89635382313222
cb8f0a03f821,ops_gemm,ops,engine,ops,ok,,,,2026-09-22T17:57:23+00:00,out_proj,64,73.37599992752075,70.64960151910782,87.06559762358665,69.18399780988693,76.76223993301392,50,10,False,13.999999966472387,,False,73.37599992752075,59.375999961048365,4026531840.0,33717760.0,31464960.0,54.87532495607995,459.5202795642402,1.1464999988675117,3522.047996520996,48,0.10744917283064112,0.03779034693862436,fp8,f64663495a1b4254,5fe3095cfb8a3825d1ed13d9fa8f996433463941,False,sha256:c2914767605584b6d8f45686b82de173ecc99e781897aa3d0a66dacd72c51ae1,97fe1389edd46f63,13.999999966472387,graph,2408.4114343391634,287.6094178316327
5ab8bf70619e,ops_gemm,ops,engine,ops,ok,,,,2026-09-22T17:57:23+00:00,out_proj,256,76.78399980068207,74.29439947009087,88.33280056715012,72.60800153017044,79.31584030389786,50,10,False,24.752000346779823,,False,76.78399980068207,52.031999453902245,16106127360.0,40476160.0,31464960.0,209.75890031528328,527.1431561922938,0.2999374992214143,3685.6319904327393,48,0.12326136324148255,0.1444522036584426,fp8,f64663495a1b4254,5fe3095cfb8a3825d1ed13d9fa8f996433463941,False,sha256:c2914767605584b6d8f45686b82de173ecc99e781897aa3d0a66dacd72c51ae1,97fe1389edd46f63,24.752000346779823,graph,1635.268238240222,650.7000296683241
3540ff1faca3,ops_gemm,ops,engine,ops,ok,,,,2026-09-22T17:57:23+00:00,out_proj,784,81.40800148248672,78.44800129532814,96.63039743900299,76.64000242948532,85.29407992959023,50,10,False,71.55200093984604,,False,81.40800148248672,9.856000542640686,49325015040.0,59061760.0,31464960.0,605.89885689076,725.5031314422569,0.1038367365848045,3907.584071159363,48,0.16964368021675627,0.41725726508123084,fp8,f64663495a1b4254,5fe3095cfb8a3825d1ed13d9fa8f996433463941,False,sha256:c2914767605584b6d8f45686b82de173ecc99e781897aa3d0a66dacd72c51ae1,97fe1389edd46f63,71.55200093984604,graph,825.4382718053321,689.3589891562597
fb9d77b0c6e0,ops_gemm,ops,engine,ops,ok,,,,2026-09-22T17:57:23+00:00,out_proj,2048,145.74400335550308,145.20960301160812,146.43199741840363,144.6399986743927,147.02143996953964,50,10,False,145.29599994421005,,False,145.74400335550308,0.4480034112930298,128849018880.0,103554560.0,31464960.0,884.0776698421524,710.523641562162,0.07116406413842924,6995.712161064148,48,0.16614104090219226,0.6088274081431915,fp8,f64663495a1b4254,5fe3095cfb8a3825d1ed13d9fa8f996433463941,False,sha256:c2914767605584b6d8f45686b82de173ecc99e781897aa3d0a66dacd72c51ae1,97fe1389edd46f63,145.29599994421005,graph,712.7144590337126,886.8036210871237
c5fbe5e633b8,ops_gemm,ops,engine,ops,ok,,,,2026-09-22T17:57:23+00:00,out_proj,8192,471.903994679451,470.97599506378174,507.97760486602783,470.0160026550293,477.40928053855896,50,10,False,507.79202580451965,,False,471.903994679451,-35.888031125068665,515396075520.0,319823360.0,31464960.0,1092.1629851217763,677.7297153783272,0.05760546810051892,22651.391744613647,48,0.15847286955257603,0.7521270836083253,fp8,f64663495a1b4254,5fe3095cfb8a3825d1ed13d9fa8f996433463941,False,sha256:c2914767605584b6d8f45686b82de173ecc99e781897aa3d0a66dacd72c51ae1,97fe1389edd46f63,507.79202580451965,graph,629.8313950347848,1014.9747324279717
d1656de9675d,ops_gemm,ops,engine,ops,ok,,,,2026-09-22T17:57:23+00:00,lm_head,1,561.3439977169037,555.369621515274,575.4112005233765,553.2159805297852,564.9459171295166,50,10,False,563.3120238780975,,False,561.3439977169037,-1.9680261611938477,2542796800.0,2543303680.0,2542796800.0,4.529836981141785,4530.7399568608835,561.3439977169037,561.3439977169037,1,1.0594184464221874,0.006326223117972759,bf16,f64663495a1b4254,5fe3095cfb8a3825d1ed13d9fa8f996433463941,False,sha256:c2914767605584b6d8f45686b82de173ecc99e781897aa3d0a66dacd72c51ae1,97fe1389edd46f63,563.3120238780975,graph,4514.911047860713,4.514011226840543
d8ad98cd560c,ops_gemm,ops,engine,ops,ok,,,,2026-09-22T17:57:23+00:00,lm_head,8,560.4639947414398,557.6287806034088,567.7312016487122,555.2639961242676,562.2297596931458,50,10,False,561.6640150547028,,False,560.4639947414398,-1.2000203132629395,20342374400.0,2546851840.0,2542796800.0,36.2955954189075,4544.184575451533,70.05799934267998,560.4639947414398,1,1.0625621883000405,0.05068924903381459,bf16,f64663495a1b4254,5fe3095cfb8a3825d1ed13d9fa8f996433463941,False,sha256:c2914767605584b6d8f45686b82de173ecc99e781897aa3d0a66dacd72c51ae1,97fe1389edd46f63,561.6640150547028,graph,4534.475721667787,36.21804825437993
0d37c1040004,ops_gemm,ops,engine,ops,ok,,,,2026-09-22T17:57:23+00:00,lm_head,32,567.5999820232391,565.0144159793854,576.0544240474701,563.5200142860413,569.6710419654846,50,10,False,574.4320154190063,,False,567.5999820232391,-6.832033395767212,81369497600.0,2559016960.0,2542796800.0,143.3571180005226,4508.486682607448,17.737499438226223,567.5999820232391,1,1.0542149852962224,0.2002078922037191,bf16,f64663495a1b4254,5fe3095cfb8a3825d1ed13d9fa8f996433463941,False,sha256:c2914767605584b6d8f45686b82de173ecc99e781897aa3d0a66dacd72c51ae1,97fe1389edd46f63,574.4320154190063,graph,4454.864790454591,141.65209357393996
5be2e572cba2,ops_gemm,ops,engine,ops,ok,,,,2026-09-22T17:57:23+00:00,lm_head,64,571.9520151615143,569.5903897285461,575.4304111003876,568.1279897689819,572.5216007232666,50,10,False,571.4560151100159,,False,571.9520151615143,0.4960000514984131,162738995200.0,2575237120.0,2542796800.0,284.5326021869928,4502.5405134253715,8.93675023689866,571.9520151615143,1,1.0528245984329245,0.39736898552110594,bf16,f64663495a1b4254,5fe3095cfb8a3825d1ed13d9fa8f996433463941,False,sha256:c2914767605584b6d8f45686b82de173ecc99e781897aa3d0a66dacd72c51ae1,97fe1389edd46f63,571.4560151100159,graph,4506.448531308607,284.77956465060527
e5ed7f8c9b2d,ops_gemm,ops,engine,ops,ok,,,,2026-09-22T17:57:23+00:00,lm_head,256,876.255989074707,874.668824672699,957.046389579773,873.5679984092712,889.8284769058228,50,10,False,1029.5199751853943,,False,876.255989074707,-153.26398611068726,650955980800.0,2672558080.0,2542796800.0,742.8833456389665,3049.9741095317586,3.4228749573230743,876.255989074707,1,0.7131724317691279,1.0374867384197985,bf16,f64663495a1b4254,5fe3095cfb8a3825d1ed13d9fa8f996433463941,False,sha256:c2914767605584b6d8f45686b82de173ecc99e781897aa3d0a66dacd72c51ae1,97fe1389edd46f63,1029.5199751853943,graph,2595.9263971723617,632.2907728747826
760815781e68,ops_gemm,ops,engine,ops,ok,,,,2026-09-22T17:57:24+00:00,lm_head,784,2962.0479345321655,2872.995185852051,2964.678406715393,2871.9680309295654,2940.8819150924683,50,10,False,2961.6960287094116,,False,2962.0479345321655,0.35190582275390625,1993552691200.0,2940190720.0,2542796800.0,673.0318803955709,992.6209112697504,3.778122365474701,2962.0479345321655,1,0.23210356668365825,0.9399344520821882,bf16,f64663495a1b4254,5fe3095cfb8a3825d1ed13d9fa8f996433463941,False,sha256:c2914767605584b6d8f45686b82de173ecc99e781897aa3d0a66dacd72c51ae1,97fe1389edd46f63,2961.6960287094116,graph,992.7388535146929,673.1118493847292
82c6b3e68ae4,ops_gemm,ops,engine,ops,ok,,,,2026-09-22T17:57:25+00:00,lm_head,2048,8159.776210784912,7623.244905471802,8360.867404937744,7617.40779876709,8054.844207763672,50,10,False,7656.7041873931885,,False,8159.776210784912,503.07202339172363,5207647846400.0,3580887040.0,2542796800.0,638.2096410336555,438.84623150167806,3.9842657279223204,8159.776210784912,1,0.10261498060415274,0.8913028442366885,bf16,f64663495a1b4254,5fe3095cfb8a3825d1ed13d9fa8f996433463941,False,sha256:c2914767605584b6d8f45686b82de173ecc99e781897aa3d0a66dacd72c51ae1,97fe1389edd46f63,7656.7041873931885,graph,467.6799511068944,680.1422281631861
2646c7ef1333,ops_gemm,ops,bf16,ops,ok,,,,2026-09-22T17:57:25+00:00,gate_up_proj,1,95.72799876332283,91.9295996427536,98.90560060739517,89.72799777984619,95.87392017245293,50,10,False,95.08800134062767,,False,95.72799876332283,0.6399974226951599,356515840.0,178391872.0,178301440.0,3.7242587811894725,1863.5286886238448,95.72799876332283,6126.591920852661,64,0.4357470715518422,0.0025647416492387437,bf16,f64663495a1b4254,5fe3095cfb8a3825d1ed13d9fa8f996433463941,False,sha256:c2914767605584b6d8f45686b82de173ecc99e781897aa3d0a66dacd72c51ae1,97fe1389edd46f63,95.08800134062767,graph,1876.0713179884622,3.749325203743384
a7ae855718c1,ops_gemm,ops,bf16,ops,ok,,,,2026-09-22T17:57:25+00:00,gate_up_proj,8,89.56799656152725,86.03199943900108,92.40640252828598,82.65600353479385,89.75551962852478,50,10,False,89.4400030374527,,False,89.56799656152725,0.12799352407455444,2852126720.0,179024896.0,178301440.0,31.843145202435995,1998.7596337160655,11.195999570190907,5732.351779937744,64,0.4673679897951983,0.02192904562807005,bf16,f64663495a1b4254,5fe3095cfb8a3825d1ed13d9fa8f996433463941,False,sha256:c2914767605584b6d8f45686b82de173ecc99e781897aa3d0a66dacd72c51ae1,97fe1389edd46f63,89.4400030374527,graph,2001.6199678015882,31.888714480540457
b8dbfe4a2875,ops_gemm,ops,bf16,ops,ok,,,,2026-09-22T17:57:25+00:00,gate_up_proj,32,89.88799899816513,88.06079998612404,92.43840277194977,85.95199882984161,90.39999961853027,50,10,False,90.7679982483387,,False,89.88799899816513,-0.8799992501735687,11408506880.0,181195264.0,178301440.0,126.91913277803503,2015.7892713097185,2.8089999686926603,5752.831935882568,64,0.47135001312348057,0.08740391177036418,bf16,f64663495a1b4254,5fe3095cfb8a3825d1ed13d9fa8f996433463941,False,sha256:c2914767605584b6d8f45686b82de173ecc99e781897aa3d0a66dacd72c51ae1,97fe1389edd46f63,90.7679982483387,graph,1996.2461164369279,125.68864688176383
6ced0b25b575,ops_gemm,ops,bf16,ops,ok,,,,2026-09-22T17:57:25+00:00,gate_up_proj,64,90.81599861383438,89.63199704885483,91.46240279078484,88.92799913883209,91.00159972906113,50,10,False,90.46400338411331,,False,90.81599861383438,0.35199522972106934,22817013760.0,184089088.0,178301440.0,251.2444294867247,2027.055703949028,1.4189999783411622,5812.2239112854,64,0.47398443193301365,0.17302155685272363,bf16,f64663495a1b4254,5fe3095cfb8a3825d1ed13d9fa8f996433463941,False,sha256:c2914767605584b6d8f45686b82de173ecc99e781897aa3d0a66dacd72c51ae1,97fe1389edd46f63,90.46400338411331,graph,2034.9429730447737,252.2220209857192
80fd952269f6,ops_gemm,ops,bf16,ops,ok,,,,2026-09-22T17:57:25+00:00,gate_up_proj,256,133.00800323486328,132.34559446573257,133.92319977283478,131.6480040550232,133.6672008037567,50,10,False,133.15200060606003,,False,133.00800323486328,-0.14399737119674683,91268055040.0,201452032.0,178301440.0,686.1846867879101,1514.5857925878297,0.5195625126361847,8512.51220703125,64,0.3541540990289469,0.4725467666649937,bf16,f64663495a1b4254,5fe3095cfb8a3825d1ed13d9fa8f996433463941,False,sha256:c2914767605584b6d8f45686b82de173ecc99e781897aa3d0a66dacd72c51ae1,97fe1389edd46f63,133.15200060606003,graph,1512.9478421883468,685.4426116361799
af6b88161fe6,ops_gemm,ops,bf16,ops,ok,,,,2026-09-22T17:57:25+00:00,gate_up_proj,784,366.7519986629486,365.4943972826004,395.66080272197723,364.80000615119934,377.09119975566864,50,10,False,430.27201294898987,,False,366.7519986629486,-63.52001428604126,279508418560.0,249200128.0,178301440.0,762.1183240418359,679.4785820077268,0.46779591666192427,23472.12791442871,64,0.15888180530813895,0.5248390947456781,bf16,f64663495a1b4254,5fe3095cfb8a3825d1ed13d9fa8f996433463941,False,sha256:c2914767605584b6d8f45686b82de173ecc99e781897aa3d0a66dacd72c51ae1,97fe1389edd46f63,430.27201294898987,graph,579.1688060118925,649.6086432494428
56955adba2c4,ops_gemm,ops,bf16,ops,ok,,,,2026-09-22T17:57:25+00:00,gate_up_proj,2048,1094.9440002441406,1092.7583575248718,1102.3647665977478,1091.7439460754395,1097.8937482833862,50,10,False,1122.5599646568298,,False,1094.9440002441406,-27.61596441268921,730144440320.0,363506176.0,178301440.0,666.8326783444625,331.98608871225264,0.5346406251192093,70076.416015625,64,0.07762797902464401,0.45921984580170233,bf16,f64663495a1b4254,5fe3095cfb8a3825d1ed13d9fa8f996433463941,False,sha256:c2914767605584b6d8f45686b82de173ecc99e781897aa3d0a66dacd72c51ae1,97fe1389edd46f63,1122.5599646568298,graph,323.8189383594532,650.4280067953496
9a8bdff88a57,ops_gemm,ops,bf16,ops,ok,,,,2026-09-22T17:57:26+00:00,gate_up_proj,8192,4287.727832794189,4277.916955947876,4443.254470825195,4276.063919067383,4346.929931640625,50,10,False,4292.720079421997,,False,4287.727832794189,-4.992246627807617,2920577761280.0,919120384.0,178301440.0,681.1481220758229,214.36071034411611,0.5234042764641345,274414.5812988281,64,0.050123753048953244,0.4690782946695942,bf16,f64663495a1b4254,5fe3095cfb8a3825d1ed13d9fa8f996433463941,False,sha256:c2914767605584b6d8f45686b82de173ecc99e781897aa3d0a66dacd72c51ae1,97fe1389edd46f63,4292.720079421997,graph,214.1114181672328,680.3559764542691
e6b12d1af517,ops_gemm,ops,bf16,ops,ok,,,,2026-09-22T17:57:26+00:00,down_proj,1,51.35999992489815,50.492800772190094,52.70719900727272,50.20799860358238,51.765760108828545,50,10,False,52.09600180387497,,False,51.35999992489815,-0.7360018789768219,178257920.0,89231680.0,89150720.0,3.4707538991561537,1737.3769495810016,51.35999992489815,3287.0399951934814,64,0.4062491350861123,0.0023901634130216163,bf16,f64663495a1b4254,5fe3095cfb8a3825d1ed13d9fa8f996433463941,False,sha256:c2914767605584b6d8f45686b82de173ecc99e781897aa3d0a66dacd72c51ae1,97fe1389edd46f63,52.09600180387497,graph,1712.8316360232243,3.421719783239507
f0c70b39286c,ops_gemm,ops,bf16,ops,ok,,,,2026-09-22T17:57:26+00:00,down_proj,8,51.631998270750046,50.57600140571594,53.05920131504536,49.60000142455101,51.98335997760296,50,10,False,51.88800022006035,,False,51.631998270750046,-0.25600194931030273,1426063360.0,89798400.0,89150720.0,27.619759214469077,1739.2005540655503,6.453999783843756,3304.447889328003,64,0.406675546720482,0.019020575894747562,bf16,f64663495a1b4254,5fe3095cfb8a3825d1ed13d9fa8f996433463941,False,sha256:c2914767605584b6d8f45686b82de173ecc99e781897aa3d0a66dacd72c51ae1,97fe1389edd46f63,51.88800022006035,graph,1730.6197891450663,27.483490478568715
f70cf26d5cea,ops_gemm,ops,bf16,ops,ok,,,,2026-09-22T17:57:26+00:00,down_proj,32,50.52800104022026,49.91680011153221,51.72159895300865,49.855999648571014,50.962560176849365,50,10,False,49.775999039411545,,False,50.52800104022026,0.7520020008087158,5704253440.0,91741440.0,89150720.0,112.89291724522049,1815.6554407718181,1.5790000325068831,3233.7920665740967,64,0.4245529173193141,0.07774464229642085,bf16,f64663495a1b4254,5fe3095cfb8a3825d1ed13d9fa8f996433463941,False,sha256:c2914767605584b6d8f45686b82de173ecc99e781897aa3d0a66dacd72c51ae1,97fe1389edd46f63,49.775999039411545,graph,1843.085860062018,114.59847215690232
7ca2e0d771af,ops_gemm,ops,bf16,ops,ok,,,,2026-09-22T17:57:26+00:00,down_proj,64,53.90400066971779,52.82239988446236,55.0495982170105,52.25599929690361,54.099839851260185,50,10,False,52.86400020122528,,False,53.90400066971779,1.040000468492508,11408506880.0,94332160.0,89150720.0,211.64490090267225,1750.002946497327,0.8422500104643404,3449.8560428619385,64,0.40920145946689457,0.14575101358040518,bf16,f64663495a1b4254,5fe3095cfb8a3825d1ed13d9fa8f996433463941,False,sha256:c2914767605584b6d8f45686b82de173ecc99e781897aa3d0a66dacd72c51ae1,97fe1389edd46f63,52.86400020122528,graph,1784.4309859436926,215.8086190332523
b6dea1f1738d,ops_gemm,ops,bf16,ops,ok,,,,2026-09-22T17:57:26+00:00,down_proj,256,78.22399958968163,77.11679860949516,78.96319776773453,76.64000242948532,78.49663957953453,50,10,False,77.45600119233131,,False,78.22399958968163,0.7679983973503113,45634027520.0,109876480.0,89150720.0,583.376300871472,1404.638992845536,0.30556249839719385,5006.335973739624,64,0.328445347504665,0.4017469203753961,bf16,f64663495a1b4254,5fe3095cfb8a3825d1ed13d9fa8f996433463941,False,sha256:c2914767605584b6d8f45686b82de173ecc99e781897aa3d0a66dacd72c51ae1,97fe1389edd46f63,77.45600119233131,graph,1418.5663900614397,589.1606436883562
ea86b496d3e3,ops_gemm,ops,bf16,ops,ok,,,,2026-09-22T17:57:26+00:00,down_proj,784,186.36800348758698,185.8495995402336,186.9824007153511,185.5359971523285,187.03551977872849,50,10,False,202.09600031375885,,False,186.36800348758698,-15.727996826171875,139754209280.0,152623360.0,89150720.0,749.8830628901828,818.935424235338,0.23771429016273848,11927.552223205566,64,0.1914908609022463,0.5164131808367272,bf16,f64663495a1b4254,5fe3095cfb8a3825d1ed13d9fa8f996433463941,False,sha256:c2914767605584b6d8f45686b82de173ecc99e781897aa3d0a66dacd72c51ae1,97fe1389edd46f63,202.09600031375885,graph,755.2022789320353,691.5238751040508
e7fef784b5ce,ops_gemm,ops,bf16,ops,ok,,,,2026-09-22T17:57:26+00:00,down_proj,2048,510.2880001068115,467.57761240005493,510.97601652145386,466.94400906562805,496.0620766878128,50,10,False,557.3440194129944,,False,510.2880001068115,-47.05601930618286,365072220160.0,254956800.0,89150720.0,715.4238784442991,499.6331482351798,0.24916406255215406,32658.432006835938,64,0.11682872526877038,0.4926825781209484,bf16,f64663495a1b4254,5fe3095cfb8a3825d1ed13d9fa8f996433463941,False,sha256:c2914767605584b6d8f45686b82de173ecc99e781897aa3d0a66dacd72c51ae1,97fe1389edd46f63,557.3440194129944,graph,457.4496022555791,655.0213287378615
da0b3ec9621c,ops_gemm,ops,bf16,ops,ok,,,,2026-09-22T17:57:26+00:00,down_proj,8192,2161.328077316284,2134.3710899353027,2179.4496536254883,2132.4479579925537,2159.651207923889,50,10,False,2185.5039596557617,,False,2161.328077316284,-24.17588233947754,1460288880640.0,752375040.0,89150720.0,675.6442466861566,348.10774351954115,0.26383399381302297,138324.9969482422,64,0.08139768963534212,0.4652880053064075,bf16,f64663495a1b4254,5fe3095cfb8a3825d1ed13d9fa8f996433463941,False,sha256:c2914767605584b6d8f45686b82de173ecc99e781897aa3d0a66dacd72c51ae1,97fe1389edd46f63,2185.5039596557617,graph,344.2570015377627,668.1703202541943
f055819e103b,ops_gemm,ops,bf16,ops,ok,,,,2026-09-22T17:57:26+00:00,qkv_proj,1,44.51199993491173,44.096000492572784,45.398399233818054,43.83999854326248,44.89663988351822,50,10,False,44.624000787734985,,False,44.51199993491173,-0.11200085282325745,146800640.0,73467712.0,73418240.0,3.298001442637069,1650.5147400123371,44.51199993491173,712.1919989585876,16,0.385938230467832,0.0022711960033237077,bf16,f64663495a1b4254,5fe3095cfb8a3825d1ed13d9fa8f996433463941,False,sha256:c2914767605584b6d8f45686b82de173ecc99e781897aa3d0a66dacd72c51ae1,97fe1389edd46f63,44.624000787734985,graph,1646.3721473443677,3.2897238573092826
4d1e824bac23,ops_gemm,ops,bf16,ops,ok,,,,2026-09-22T17:57:26+00:00,qkv_proj,8,44.224001467227936,43.5199998319149,45.347198843955994,43.327998369932175,44.6035198867321,50,10,False,44.22399960458279,,False,44.224001467227936,1.862645149230957e-06,1174405120.0,73814016.0,73418240.0,26.555831246303875,1669.0940111943435,5.528000183403492,707.584023475647,16,0.39028260308658963,0.018287893089372866,bf16,f64663495a1b4254,5fe3095cfb8a3825d1ed13d9fa8f996433463941,False,sha256:c2914767605584b6d8f45686b82de173ecc99e781897aa3d0a66dacd72c51ae1,97fe1389edd46f63,44.22399960458279,graph,1669.0940814939522,26.555832364793623
cf0b6bc44d68,ops_gemm,ops,bf16,ops,ok,,,,2026-09-22T17:57:26+00:00,qkv_proj,32,41.999999433755875,41.596800088882446,43.459199368953705,41.31200164556503,42.586880177259445,50,10,False,42.11200028657913,,False,41.999999433755875,-0.11200085282325745,4697620480.0,75001344.0,73418240.0,111.8481081746032,1785.746309789723,1.312499982304871,671.999990940094,16,0.41755929478070286,0.0770251258781609,bf16,f64663495a1b4254,5fe3095cfb8a3825d1ed13d9fa8f996433463941,False,sha256:c2914767605584b6d8f45686b82de173ecc99e781897aa3d0a66dacd72c51ae1,97fe1389edd46f63,42.11200028657913,graph,1780.9969483663433,111.5506375387518
415c062fd308,ops_gemm,ops,bf16,ops,ok,,,,2026-09-22T17:57:26+00:00,qkv_proj,64,40.16000032424927,39.580799639225006,41.603200137615204,39.135999977588654,40.65855987370014,50,10,False,40.063999593257904,,False,40.16000032424927,0.09600073099136353,9395240960.0,76584448.0,73418240.0,233.94524113902952,1906.98325153541,0.6275000050663948,642.5600051879883,16,0.4459080090516898,0.16110832754721632,bf16,f64663495a1b4254,5fe3095cfb8a3825d1ed13d9fa8f996433463941,False,sha256:c2914767605584b6d8f45686b82de173ecc99e781897aa3d0a66dacd72c51ae1,97fe1389edd46f63,40.063999593257904,graph,1911.5527350616255,234.50581707726107
d87dc06ee482,ops_gemm,ops,bf16,ops,ok,,,,2026-09-22T17:57:26+00:00,qkv_proj,256,63.79200145602226,59.356801211833954,64.65280055999756,58.9120015501976,62.74559989571571,50,10,False,59.776000678539276,,False,63.79200145602226,4.0160007774829865,37580963840.0,86083072.0,73418240.0,589.1171774240074,1349.4336285928423,0.24918750568758696,1020.6720232963562,16,0.31553673174043534,0.4057004225519347,bf16,f64663495a1b4254,5fe3095cfb8a3825d1ed13d9fa8f996433463941,False,sha256:c2914767605584b6d8f45686b82de173ecc99e781897aa3d0a66dacd72c51ae1,97fe1389edd46f63,59.776000678539276,graph,1440.0942020683806,628.696523912686
28a36dab92f6,ops_gemm,ops,bf16,ops,ok,,,,2026-09-22T17:57:26+00:00,qkv_proj,784,155.59999644756317,153.65759432315826,158.80639553070068,152.51199901103973,156.4390406012535,50,10,False,154.4319987297058,,False,155.59999644756317,1.1679977178573608,115091701760.0,112204288.0,73418240.0,739.6639099460754,721.107265820617,0.19846938322393262,2489.5999431610107,16,0.1686157993028437,0.5093756765397454,bf16,f64663495a1b4254,5fe3095cfb8a3825d1ed13d9fa8f996433463941,False,sha256:c2914767605584b6d8f45686b82de173ecc99e781897aa3d0a66dacd72c51ae1,97fe1389edd46f63,154.4319987297058,graph,726.561133203911,745.2581246548453
557156b120c5,ops_gemm,ops,bf16,ops,ok,,,,2026-09-22T17:57:26+00:00,qkv_proj,2048,402.5920033454895,381.3088119029999,403.4912019968033,380.511999130249,395.5667197704315,50,10,False,446.57599925994873,,False,402.5920033454895,-43.98399591445923,300647710720.0,174736896.0,73418240.0,746.7801352775389,434.02972375993096,0.1965781266335398,6441.472053527832,16,0.10148874135901241,0.5142763240417815,bf16,f64663495a1b4254,5fe3095cfb8a3825d1ed13d9fa8f996433463941,False,sha256:c2914767605584b6d8f45686b82de173ecc99e781897aa3d0a66dacd72c51ae1,97fe1389edd46f63,446.57599925994873,graph,391.2814309088897,673.2285461337458
4c2df314c6f2,ops_gemm,ops,bf16,ops,ok,,,,2026-09-22T17:57:26+00:00,qkv_proj,8192,1729.8239469528198,1729.024052619934,1743.8047647476196,1728.5759449005127,1735.1539158821106,50,10,False,1742.896020412445,,False,1729.8239469528198,-13.072073459625244,1202590842880.0,478692864.0,73418240.0,695.2099634176242,276.72923874319343,0.21116014977451414,27677.183151245117,16,0.06470732440623947,0.4787620981519039,bf16,f64663495a1b4254,5fe3095cfb8a3825d1ed13d9fa8f996433463941,False,sha256:c2914767605584b6d8f45686b82de173ecc99e781897aa3d0a66dacd72c51ae1,97fe1389edd46f63,1742.896020412445,graph,274.6537133561877,689.995747764353
e9a6e05e3207,ops_gemm,ops,bf16,ops,ok,,,,2026-09-22T17:57:26+00:00,o_proj,1,22.752000018954277,22.431999444961548,24.3008004501462,22.336000576615334,23.374080136418343,50,10,False,22.752000018954277,,False,22.752000018954277,0.0,62914560.0,31500160.0,31464960.0,2.7652320652068845,1384.5007020814783,22.752000018954277,364.03200030326843,16,0.32373643087780163,0.0019042999598383036,bf16,f64663495a1b4254,5fe3095cfb8a3825d1ed13d9fa8f996433463941,False,sha256:c2914767605584b6d8f45686b82de173ecc99e781897aa3d0a66dacd72c51ae1,97fe1389edd46f63,22.752000018954277,graph,1384.5007020814783,2.7652320652068845
c14b6f577664,ops_gemm,ops,bf16,ops,ok,,,,2026-09-22T17:57:26+00:00,o_proj,8,23.360000923275948,22.784000262618065,24.53760039061308,22.624000906944275,23.965440057218075,50,10,False,23.19999970495701,,False,23.360000923275948,0.1600012183189392,503316480.0,31746560.0,31464960.0,21.546081340197833,1359.0136449167546,2.9200001154094934,373.76001477241516,16,0.31777681748960956,0.014837887332158442,bf16,f64663495a1b4254,5fe3095cfb8a3825d1ed13d9fa8f996433463941,False,sha256:c2914767605584b6d8f45686b82de173ecc99e781897aa3d0a66dacd72c51ae1,97fe1389edd46f63,23.19999970495701,graph,1368.3862242988262,21.694676137968198
842d355e3390,ops_gemm,ops,bf16,ops,ok,,,,2026-09-22T17:57:26+00:00,o_proj,32,21.99999988079071,21.532800048589706,23.02080001682043,21.344000473618507,22.421119958162308,50,10,False,21.983999758958817,,False,21.99999988079071,0.01600012183189392,2013265920.0,32591360.0,31464960.0,91.51208776859505,1481.4254625727126,0.6874999962747097,351.99999809265137,16,0.3464002518335756,0.06302055702851721,bf16,f64663495a1b4254,5fe3095cfb8a3825d1ed13d9fa8f996433463941,False,sha256:c2914767605584b6d8f45686b82de173ecc99e781897aa3d0a66dacd72c51ae1,97fe1389edd46f63,21.983999758958817,graph,1482.5036552649397,91.5786909604365
0f87342fcb13,ops_gemm,ops,bf16,ops,ok,,,,2026-09-22T17:57:26+00:00,o_proj,64,21.47199958562851,21.023999899625778,22.66879938542843,20.927999168634415,21.93536002188921,50,10,False,21.215999498963356,,False,21.47199958562851,0.2560000866651535,4026531840.0,33717760.0,31464960.0,187.52477262038562,1570.3129960270558,0.33549999352544546,343.55199337005615,16,0.36718473593443435,0.12914048750659565,bf16,f64663495a1b4254,5fe3095cfb8a3825d1ed13d9fa8f996433463941,False,sha256:c2914767605584b6d8f45686b82de173ecc99e781897aa3d0a66dacd72c51ae1,97fe1389edd46f63,21.215999498963356,graph,1589.2609726752446,189.7875157942355
84c3937b241d,ops_gemm,ops,bf16,ops,ok,,,,2026-09-22T17:57:26+00:00,o_proj,256,31.679999083280563,31.036799773573875,32.39680081605911,30.559999868273735,31.982079930603504,50,10,False,31.440000981092453,,False,31.679999083280563,0.23999810218811035,16106127360.0,40476160.0,31464960.0,508.40049955999433,1277.6566026279243,0.1237499964190647,506.879985332489,16,0.29875318069566426,0.35011421394805703,bf16,f64663495a1b4254,5fe3095cfb8a3825d1ed13d9fa8f996433463941,False,sha256:c2914767605584b6d8f45686b82de173ecc99e781897aa3d0a66dacd72c51ae1,97fe1389edd46f63,31.440000981092453,graph,1287.4096290372815,512.2813885942938
74cd51e55180,ops_gemm,ops,bf16,ops,ok,,,,2026-09-22T17:57:26+00:00,o_proj,784,76.57600194215775,76.25599950551987,77.16479897499084,75.87199658155441,77.03232064843178,50,10,False,76.1759988963604,,False,76.57600194215775,0.400003045797348,49325015040.0,59061760.0,31464960.0,644.1315005875864,771.2828889214239,0.09767347186499713,1225.216031074524,16,0.18034831566437678,0.4435864917571596,bf16,f64663495a1b4254,5fe3095cfb8a3825d1ed13d9fa8f996433463941,False,sha256:c2914767605584b6d8f45686b82de173ecc99e781897aa3d0a66dacd72c51ae1,97fe1389edd46f63,76.1759988963604,graph,775.3329244865591,647.5138594127013
95cc56745ab5,ops_gemm,ops,bf16,ops,ok,,,,2026-09-22T17:57:26+00:00,o_proj,2048,165.072001516819,164.41600024700165,165.61280190944672,164.19200599193573,165.54111927747726,50,10,False,165.072001516819,,False,165.072001516819,0.0,128849018880.0,103554560.0,31464960.0,780.5625284483615,627.3296443276538,0.08060156324063428,2641.152024269104,16,0.14668787074874556,0.5375408488416652,bf16,f64663495a1b4254,5fe3095cfb8a3825d1ed13d9fa8f996433463941,False,sha256:c2914767605584b6d8f45686b82de173ecc99e781897aa3d0a66dacd72c51ae1,97fe1389edd46f63,165.072001516819,graph,627.3296443276538,780.5625284483615
29d03a6c3bc0,ops_gemm,ops,bf16,ops,ok,,,,2026-09-22T17:57:26+00:00,o_proj,8192,689.8560225963593,688.8223886489868,741.3152039051056,688.256025314331,711.2115204334259,50,10,False,746.9920217990875,,False,689.8560225963593,-57.13599920272827,515396075520.0,319823360.0,31464960.0,747.1067275461951,463.6088539117262,0.08421094025834464,11037.696361541748,16,0.10840520012961158,0.5145012345120131,bf16,f64663495a1b4254,5fe3095cfb8a3825d1ed13d9fa8f996433463941,False,sha256:c2914767605584b6d8f45686b82de173ecc99e781897aa3d0a66dacd72c51ae1,97fe1389edd46f63,746.9920217990875,graph,428.14829431474215,689.961954719005
3c7985da4336,ops_gemm,ops,bf16,ops,ok,,,,2026-09-22T17:57:26+00:00,in_proj_qkvz,1,43.68000105023384,43.39199885725975,44.995199888944626,43.07200014591217,44.457599967718124,50,10,False,43.5199998319149,,False,43.68000105023384,0.1600012183189392,167772160.0,83960128.0,83906560.0,3.840937636586935,1922.1640563479457,43.68000105023384,2096.6400504112244,48,0.44945772163794867,0.002645093509194029,bf16,f64663495a1b4254,5fe3095cfb8a3825d1ed13d9fa8f996433463941,False,sha256:c2914767605584b6d8f45686b82de173ecc99e781897aa3d0a66dacd72c51ae1,97fe1389edd46f63,43.5199998319149,graph,1929.2308898041124,3.8550588384186106
ced5a8830bdd,ops_gemm,ops,bf16,ops,ok,,,,2026-09-22T17:57:26+00:00,in_proj_qkvz,8,43.136000633239746,42.59200021624565,44.58240047097206,42.33599826693535,43.76511983573437,50,10,False,43.088000267744064,,False,43.136000633239746,0.04800036549568176,1342177280.0,84335104.0,83906560.0,31.115014380024483,1955.0978941476797,5.392000079154968,2070.528030395508,48,0.4571586083824372,0.021427612307763334,bf16,f64663495a1b4254,5fe3095cfb8a3825d1ed13d9fa8f996433463941,False,sha256:c2914767605584b6d8f45686b82de173ecc99e781897aa3d0a66dacd72c51ae1,97fe1389edd46f63,43.088000267744064,graph,1957.2758883204372,31.14967674665473
3100381563b6,ops_gemm,ops,bf16,ops,ok,,,,2026-09-22T17:57:26+00:00,in_proj_qkvz,32,44.28800009191036,43.776001781225204,45.41119933128357,43.455999344587326,44.703359976410866,50,10,False,44.11200061440468,,False,44.28800009191036,0.1759994775056839,5368709120.0,85620736.0,83906560.0,121.22265870796562,1933.2716722884825,1.3840000028721988,2125.8240044116974,48,0.4520550044957649,0.08348098773106061,bf16,f64663495a1b4254,5fe3095cfb8a3825d1ed13d9fa8f996433463941,False,sha256:c2914767605584b6d8f45686b82de173ecc99e781897aa3d0a66dacd72c51ae1,97fe1389edd46f63,44.11200061440468,graph,1940.985101728547,121.70631676693573
4669c76399e3,ops_gemm,ops,bf16,ops,ok,,,,2026-09-22T17:57:26+00:00,in_proj_qkvz,64,45.32799869775772,44.79999840259552,46.79039865732193,44.51199993491173,45.8892797678709,50,10,False,45.21599970757961,,False,45.32799869775772,0.11199899017810822,10737418240.0,87334912.0,83906560.0,236.88268947402605,1926.7321414814696,0.7082499796524644,2175.7439374923706,48,0.45052587247012205,0.1631312256673213,bf16,f64663495a1b4254,5fe3095cfb8a3825d1ed13d9fa8f996433463941,False,sha256:c2914767605584b6d8f45686b82de173ecc99e781897aa3d0a66dacd72c51ae1,97fe1389edd46f63,45.21599970757961,graph,1931.504612632947,237.46944244163365
be81d6fb4f74,ops_gemm,ops,bf16,ops,ok,,,,2026-09-22T17:57:27+00:00,in_proj_qkvz,256,71.72800227999687,61.980798840522766,72.8096030652523,61.43999844789505,68.68607997894287,50,10,False,62.25600093603134,,False,71.72800227999687,9.47200134396553,42949672960.0,97619968.0,83906560.0,598.7852943727888,1360.9743042742423,0.2801875089062378,3442.94410943985,48,0.3182352765294684,0.4123584513477562,bf16,f64663495a1b4254,5fe3095cfb8a3825d1ed13d9fa8f996433463941,False,sha256:c2914767605584b6d8f45686b82de173ecc99e781897aa3d0a66dacd72c51ae1,97fe1389edd46f63,62.25600093603134,graph,1568.0410969587572,689.8880800925715
7c4db5d3c38d,ops_gemm,ops,bf16,ops,ok,,,,2026-09-22T17:57:27+00:00,in_proj_qkvz,784,178.52799594402313,178.14079374074936,179.6479970216751,177.5680035352707,179.3823990225792,50,10,False,178.3199980854988,,False,178.52799594402313,0.2079978585243225,131533373440.0,125903872.0,83906560.0,736.766089511484,705.2332119354364,0.22771428054084583,8569.34380531311,48,0.16490398497106026,0.5073800685014023,bf16,f64663495a1b4254,5fe3095cfb8a3825d1ed13d9fa8f996433463941,False,sha256:c2914767605584b6d8f45686b82de173ecc99e781897aa3d0a66dacd72c51ae1,97fe1389edd46f63,178.3199980854988,graph,706.0558173606141,737.6254758422211
561da02b4927,ops_gemm,ops,bf16,ops,ok,,,,2026-09-22T17:57:27+00:00,in_proj_qkvz,2048,444.4960057735443,442.05759167671204,484.35519337654114,441.4080083370209,460.83903789520264,50,10,False,492.7680045366287,,False,444.4960057735443,-48.27199876308441,343597383680.0,193613824.0,83906560.0,773.0044347238775,435.58057099536614,0.21703906531911343,21335.808277130127,48,0.10185137443538549,0.5323359050117837,bf16,f64663495a1b4254,5fe3095cfb8a3825d1ed13d9fa8f996433463941,False,sha256:c2914767605584b6d8f45686b82de173ecc99e781897aa3d0a66dacd72c51ae1,97fe1389edd46f63,492.7680045366287,graph,392.91070487026354,697.280222166818
a76779254413,ops_gemm,ops,bf16,ops,ok,,,,2026-09-22T17:57:27+00:00,in_proj_qkvz,8192,2106.46390914917,2062.2847080230713,2107.1104526519775,2058.1440925598145,2101.1500883102417,50,10,False,2057.5679540634155,,False,2106.46390914917,48.895955085754395,1374389534720.0,522735616.0,83906560.0,652.4628923147015,248.15787905482807,0.2571367076598108,101110.26763916016,48,0.05802651160713338,0.44932397366002313,bf16,f64663495a1b4254,5fe3095cfb8a3825d1ed13d9fa8f996433463941,False,sha256:c2914767605584b6d8f45686b82de173ecc99e781897aa3d0a66dacd72c51ae1,97fe1389edd46f63,2057.5679540634155,graph,254.05509206520674,667.9679920197866
c57d0305b390,ops_gemm,ops,bf16,ops,ok,,,,2026-09-22T17:57:27+00:00,in_proj_ba,1,16.607999801635742,16.28479938954115,17.651199735701084,15.552000142633915,17.227519918233156,50,10,False,10.832000058144331,,False,16.607999801635742,5.775999743491411,983040.0,993472.0,983040.0,0.059190752152055014,59.81888318075195,16.607999801635742,797.1839904785156,48,0.013987390335677221,8.266388088432751e-05,bf16,f64663495a1b4254,5fe3095cfb8a3825d1ed13d9fa8f996433463941,False,sha256:c2914767605584b6d8f45686b82de173ecc99e781897aa3d0a66dacd72c51ae1,97fe1389edd46f63,10.832000058144331,graph,91.71639537178838,0.09075332299881914
bbf32597cf8d,ops_gemm,ops,bf16,ops,ok,,,,2026-09-22T17:57:27+00:00,in_proj_ba,8,17.03999936580658,16.66880026459694,20.255999453365803,16.35199971497059,18.66303987801075,50,10,False,10.944000445306301,,False,17.03999936580658,6.0959989205002785,7864320.0,1066496.0,983040.0,0.46152114393742216,62.587795756617865,2.1299999207258224,817.9199695587158,48,0.014634842426799915,0.0006445454311855216,bf16,f64663495a1b4254,5fe3095cfb8a3825d1ed13d9fa8f996433463941,False,sha256:c2914767605584b6d8f45686b82de173ecc99e781897aa3d0a66dacd72c51ae1,97fe1389edd46f63,10.944000445306301,graph,97.45028843245365,0.7185964619887124
58baede8422b,ops_gemm,ops,bf16,ops,ok,,,,2026-09-22T17:57:27+00:00,in_proj_ba,32,17.216000705957413,16.921600326895714,18.97920034825802,16.704000532627106,18.026239946484566,50,10,False,11.359999887645245,,False,17.216000705957413,5.856000818312168,31457280.0,1316864.0,983040.0,1.8272118209843324,76.49070318313319,0.5380000220611691,826.3680338859558,48,0.017885745530220425,0.0025518246487604397,bf16,f64663495a1b4254,5fe3095cfb8a3825d1ed13d9fa8f996433463941,False,sha256:c2914767605584b6d8f45686b82de173ecc99e781897aa3d0a66dacd72c51ae1,97fe1389edd46f63,11.359999887645245,graph,115.92112790706778,2.769126787951106
6aa3a0f57c83,ops_gemm,ops,bf16,ops,ok,,,,2026-09-22T17:57:27+00:00,in_proj_ba,64,17.295999452471733,17.055999487638474,18.508799374103546,16.896000131964684,17.934079952538013,50,10,False,11.392000131309032,,False,17.295999452471733,5.903999321162701,62914560.0,1650688.0,983040.0,3.637520929211698,95.4375608380413,0.27024999144487083,830.2079737186432,48,0.022316070530654215,0.005080043518186052,bf16,f64663495a1b4254,5fe3095cfb8a3825d1ed13d9fa8f996433463941,False,sha256:c2914767605584b6d8f45686b82de173ecc99e781897aa3d0a66dacd72c51ae1,97fe1389edd46f63,11.392000131309032,graph,144.8988747343284,5.5226965655565365
9324a0661a75,ops_gemm,ops,bf16,ops,ok,,,,2026-09-22T17:57:27+00:00,in_proj_ba,256,17.855999991297722,17.46560074388981,19.311999529600143,17.27999933063984,18.76415990293026,50,10,False,10.56000031530857,,False,17.855999991297722,7.295999675989151,251658240.0,3653632.0,983040.0,14.093763447728934,204.61648755491876,0.06974999996600673,857.0879995822906,48,0.04784527106428522,0.019682892014314522,bf16,f64663495a1b4254,5fe3095cfb8a3825d1ed13d9fa8f996433463941,False,sha256:c2914767605584b6d8f45686b82de173ecc99e781897aa3d0a66dacd72c51ae1,97fe1389edd46f63,10.56000031530857,graph,345.98786845710794,23.831272015700346
50423bb750f6,ops_gemm,ops,bf16,ops,ok,,,,2026-09-22T17:57:27+00:00,in_proj_ba,784,17.855999991297722,17.628800123929977,18.80319956690073,17.44000054895878,18.353919945657253,50,10,False,11.42400037497282,,False,17.855999991297722,6.431999616324902,770703360.0,9161728.0,983040.0,43.16215055866986,513.0896059848258,0.02277551019298179,857.0879995822906,48,0.11997523548547082,0.060278856793838216,bf16,f64663495a1b4254,5fe3095cfb8a3825d1ed13d9fa8f996433463941,False,sha256:c2914767605584b6d8f45686b82de173ecc99e781897aa3d0a66dacd72c51ae1,97fe1389edd46f63,11.42400037497282,graph,801.9719624721912,67.46352719739241
8e4984a58f0c,ops_gemm,ops,bf16,ops,ok,,,,2026-09-22T17:57:27+00:00,in_proj_ba,2048,18.703999929130077,18.33599992096424,19.961600750684738,18.239999189972878,19.177599884569645,50,10,False,11.776000261306763,,False,18.703999929130077,6.927999667823315,2013265920.0,22347776.0,983040.0,107.638255326578,1194.8126649206738,0.009132812465395546,897.7919965982437,48,0.2793818646155155,0.15032408937895475,bf16,f64663495a1b4254,5fe3095cfb8a3825d1ed13d9fa8f996433463941,False,sha256:c2914767605584b6d8f45686b82de173ecc99e781897aa3d0a66dacd72c51ae1,97fe1389edd46f63,11.776000261306763,graph,1897.7390883243838,170.96347446722893
c7977f30edb6,ops_gemm,ops,bf16,ops,ok,,,,2026-09-22T17:57:27+00:00,in_proj_ba,8192,27.31199935078621,26.809599436819553,28.659200109541416,26.559999212622643,27.75807999074459,50,10,False,27.2000003606081,,False,27.31199935078621,0.11199899017810822,8053063680.0,86441984.0,983040.0,294.8544182565742,3164.9819147169706,0.0033339842957502697,1310.975968837738,48,0.7400645931943801,0.411784098407219,bf16,f64663495a1b4254,5fe3095cfb8a3825d1ed13d9fa8f996433463941,False,sha256:c2914767605584b6d8f45686b82de173ecc99e781897aa3d0a66dacd72c51ae1,97fe1389edd46f63,27.2000003606081,graph,3178.0140755140583,296.0685137218859
73fca4822e47,ops_gemm,ops,bf16,ops,ok,,,,2026-09-22T17:57:27+00:00,out_proj,1,21.91999927163124,21.62880077958107,23.110400699079037,21.536000072956085,22.62527994811535,50,10,False,21.99999988079071,,False,21.91999927163124,-0.0800006091594696,62914560.0,31500160.0,31464960.0,2.8701898763940075,1437.0511426415676,21.91999927163124,1052.1599650382996,48,0.3360242484588275,0.001976580025639364,bf16,f64663495a1b4254,5fe3095cfb8a3825d1ed13d9fa8f996433463941,False,sha256:c2914767605584b6d8f45686b82de173ecc99e781897aa3d0a66dacd72c51ae1,97fe1389edd46f63,21.99999988079071,graph,1431.82546230395,2.8597527427685954
cc461b2dc20f,ops_gemm,ops,bf16,ops,ok,,,,2026-09-22T17:57:27+00:00,out_proj,8,22.47999981045723,22.172799333930016,23.734399862587455,21.91999927163124,23.190400153398514,50,10,False,22.415999323129654,,False,22.47999981045723,0.06400048732757568,503316480.0,31746560.0,31464960.0,22.389523320452504,1412.2135350389174,2.8099999763071537,1079.039990901947,48,0.3302164952198897,0.015418730636174136,bf16,f64663495a1b4254,5fe3095cfb8a3825d1ed13d9fa8f996433463941,False,sha256:c2914767605584b6d8f45686b82de173ecc99e781897aa3d0a66dacd72c51ae1,97fe1389edd46f63,22.415999323129654,graph,1416.2455816655352,22.45344821547436
407028bb1326,ops_gemm,ops,bf16,ops,ok,,,,2026-09-22T17:57:27+00:00,out_proj,32,20.68800013512373,20.25279961526394,21.731199324131012,20.096000283956528,21.409920006990433,50,10,False,20.576000213623047,,False,20.68800013512373,0.11199992150068283,2013265920.0,32591360.0,31464960.0,97.31563741542674,1575.3750863848338,0.6465000042226166,993.024006485939,48,0.3683683995199741,0.0670172195504218,bf16,f64663495a1b4254,5fe3095cfb8a3825d1ed13d9fa8f996433463941,False,sha256:c2914767605584b6d8f45686b82de173ecc99e781897aa3d0a66dacd72c51ae1,97fe1389edd46f63,20.576000213623047,graph,1583.9502168366898,97.84534890639476
5b84d9712a21,ops_gemm,ops,bf16,ops,ok,,,,2026-09-22T17:57:27+00:00,out_proj,64,20.70399932563305,20.22079937160015,22.20479939132929,19.967999309301376,21.32607989013195,50,10,False,20.608000457286835,,False,20.70399932563305,0.0959988683462143,4026531840.0,33717760.0,31464960.0,194.48087186782615,1628.5626496449395,0.3234999894630164,993.7919676303864,48,0.3808051948722819,0.13393086285490885,bf16,f64663495a1b4254,5fe3095cfb8a3825d1ed13d9fa8f996433463941,False,sha256:c2914767605584b6d8f45686b82de173ecc99e781897aa3d0a66dacd72c51ae1,97fe1389edd46f63,20.608000457286835,graph,1636.1490320172065,195.3868279625474
929a185eb07c,ops_gemm,ops,bf16,ops,ok,,,,2026-09-22T17:57:27+00:00,out_proj,256,32.03200176358223,31.55200183391571,32.90240056812763,31.231999397277832,32.494720220565796,50,10,False,31.82400017976761,,False,32.03200176358223,0.20800158381462097,16106127360.0,40476160.0,31464960.0,502.81363865031227,1263.616314045602,0.12512500688899308,1537.536084651947,48,0.295470153892354,0.3462667759193309,bf16,f64663495a1b4254,5fe3095cfb8a3825d1ed13d9fa8f996433463941,False,sha256:c2914767605584b6d8f45686b82de173ecc99e781897aa3d0a66dacd72c51ae1,97fe1389edd46f63,31.82400017976761,graph,1271.8753070436783,506.1000273070515
2c97da5799e5,ops_gemm,ops,bf16,ops,ok,,,,2026-09-22T17:57:27+00:00,out_proj,784,77.47200131416321,77.05599814653397,77.76320278644562,76.86399668455124,77.89568066596985,50,10,False,76.84800028800964,,False,77.47200131416321,0.6240010261535645,49325015040.0,59061760.0,31464960.0,636.6818231528316,762.362647125814,0.09881632820684083,3718.656063079834,48,0.1782625043411061,0.4384562097029659,bf16,f64663495a1b4254,5fe3095cfb8a3825d1ed13d9fa8f996433463941,False,sha256:c2914767605584b6d8f45686b82de173ecc99e781897aa3d0a66dacd72c51ae1,97fe1389edd46f63,76.84800028800964,graph,768.5529848356408,641.8516403177771
6837cc9f59e6,ops_gemm,ops,bf16,ops,ok,,,,2026-09-22T17:57:27+00:00,out_proj,2048,165.93600064516068,164.9888038635254,174.12160634994507,164.76799547672272,169.76960092782974,50,10,False,176.4480024576187,,False,165.93600064516068,-10.512001812458038,128849018880.0,103554560.0,31464960.0,776.4982787281473,624.0632508761145,0.08102343781501986,7964.928030967712,48,0.14592409319612015,0.5347419696168947,bf16,f64663495a1b4254,5fe3095cfb8a3825d1ed13d9fa8f996433463941,False,sha256:c2914767605584b6d8f45686b82de173ecc99e781897aa3d0a66dacd72c51ae1,97fe1389edd46f63,176.4480024576187,graph,586.8842863487384,730.2379006016145
1256f19ec4a2,ops_gemm,ops,bf16,ops,ok,,,,2026-09-22T17:57:27+00:00,out_proj,8192,689.6159946918488,688.4736180305481,691.7791783809662,688.0000233650208,690.5951988697052,50,10,False,784.3999862670898,,False,689.6159946918488,-94.78399157524109,515396075520.0,319823360.0,31464960.0,747.3667656886381,463.7702177179219,0.08418163997703232,33101.56774520874,48,0.1084429316689399,0.5146803119321116,bf16,f64663495a1b4254,5fe3095cfb8a3825d1ed13d9fa8f996433463941,False,sha256:c2914767605584b6d8f45686b82de173ecc99e781897aa3d0a66dacd72c51ae1,97fe1389edd46f63,784.3999862670898,graph,407.7299408456383,657.0577314422677
257831d5d26d,ops_gemm,ops,bf16,ops,ok,,,,2026-09-22T17:57:27+00:00,lm_head,1,574.4799971580505,556.0512185096741,598.9183962345123,552.4160265922546,575.5008018016815,50,10,False,563.9999806880951,,False,574.4799971580505,10.480016469955444,2542796800.0,2543303680.0,2542796800.0,4.42625820320847,4427.140531579358,574.4799971580505,574.4799971580505,1,1.0351938951950124,0.006181568362797014,bf16,f64663495a1b4254,5fe3095cfb8a3825d1ed13d9fa8f996433463941,False,sha256:c2914767605584b6d8f45686b82de173ecc99e781897aa3d0a66dacd72c51ae1,97fe1389edd46f63,563.9999806880951,graph,4509.403842349607,4.508505118914578
cf0a93eaa83f,ops_gemm,ops,bf16,ops,ok,,,,2026-09-22T17:57:27+00:00,lm_head,8,561.4239871501923,557.4111819267273,571.071982383728,555.7439923286438,563.27103972435,50,10,False,560.1119995117188,,False,561.4239871501923,1.3119876384735107,20342374400.0,2546851840.0,2542796800.0,36.23353270539544,4536.414364708407,70.17799839377403,561.4239871501923,1,1.0607452876012065,0.05060257426502739,bf16,f64663495a1b4254,5fe3095cfb8a3825d1ed13d9fa8f996433463941,False,sha256:c2914767605584b6d8f45686b82de173ecc99e781897aa3d0a66dacd72c51ae1,97fe1389edd46f63,560.1119995117188,graph,4547.040310188382,36.31840492211129
d484f83e3da4,ops_gemm,ops,bf16,ops,ok,,,,2026-09-22T17:57:27+00:00,lm_head,32,567.6479935646057,565.2000069618225,576.4287889003754,563.1359815597534,569.1264009475708,50,10,False,568.2080090045929,,False,567.6479935646057,-0.5600154399871826,81369497600.0,2559016960.0,2542796800.0,143.344992887285,4508.105355804012,17.73899979889393,567.6479935646057,1,1.054125820026637,0.20019095866461137,bf16,f64663495a1b4254,5fe3095cfb8a3825d1ed13d9fa8f996433463941,False,sha256:c2914767605584b6d8f45686b82de173ecc99e781897aa3d0a66dacd72c51ae1,97fe1389edd46f63,568.2080090045929,graph,4503.662249469129,143.20371467932316
debb7b159e75,ops_gemm,ops,bf16,ops,ok,,,,2026-09-22T17:57:27+00:00,lm_head,64,572.6880133152008,570.195209980011,575.5199730396271,567.8719878196716,573.1398391723633,50,10,False,571.8719959259033,,False,572.6880133152008,0.8160173892974854,162738995200.0,2575237120.0,2542796800.0,284.1669310623939,4496.754009381754,8.948250208050013,572.6880133152008,1,1.0514715459111568,0.39685830111201065,bf16,f64663495a1b4254,5fe3095cfb8a3825d1ed13d9fa8f996433463941,False,sha256:c2914767605584b6d8f45686b82de173ecc99e781897aa3d0a66dacd72c51ae1,97fe1389edd46f63,571.8719959259033,graph,4503.1705317734595,284.57241543453
456a084cff81,ops_gemm,ops,bf16,ops,ok,,,,2026-09-22T17:57:27+00:00,lm_head,256,947.0880031585693,889.4304096698761,1010.0544333457947,883.3280205726624,949.7414457798004,50,10,False,1001.9360184669495,,False,947.0880031585693,-54.84801530838013,650955980800.0,2672558080.0,2542796800.0,687.3236474636365,2821.8687926432726,3.6995625123381615,947.0880031585693,1,0.659834790955579,0.9598938695179762,bf16,f64663495a1b4254,5fe3095cfb8a3825d1ed13d9fa8f996433463941,False,sha256:c2914767605584b6d8f45686b82de173ecc99e781897aa3d0a66dacd72c51ae1,97fe1389edd46f63,1001.9360184669495,graph,2667.3939560424724,649.6981531775053
b2461d695aff,ops_gemm,ops,bf16,ops,ok,,,,2026-09-22T17:57:28+00:00,lm_head,784,2998.0640411376953,2931.2096118927,3033.401584625244,2926.464080810547,2984.9702405929565,50,10,False,2971.8719720840454,,False,2998.0640411376953,26.192069053649902,1993552691200.0,2940190720.0,2542796800.0,664.9466668642252,980.6964359854923,3.8240612769613462,2998.0640411376953,1,0.2293152784127946,0.9286429056162374,bf16,f64663495a1b4254,5fe3095cfb8a3825d1ed13d9fa8f996433463941,False,sha256:c2914767605584b6d8f45686b82de173ecc99e781897aa3d0a66dacd72c51ae1,97fe1389edd46f63,2971.8719720840454,graph,989.3396309189494,670.807056941288
4cab0ca5f4b9,ops_gemm,ops,bf16,ops,ok,,,,2026-09-22T17:57:29+00:00,lm_head,2048,7968.208074569702,7702.044630050659,8359.449291229248,7700.064182281494,7982.942714691162,50,10,False,7703.920125961304,,False,7968.208074569702,264.28794860839844,5207647846400.0,3580887040.0,2542796800.0,653.5531951054406,449.39677860927026,3.8907265989109874,7968.208074569702,1,0.10508200460730778,0.9127311532210717,bf16,f64663495a1b4254,5fe3095cfb8a3825d1ed13d9fa8f996433463941,False,sha256:c2914767605584b6d8f45686b82de173ecc99e781897aa3d0a66dacd72c51ae1,97fe1389edd46f63,7703.920125961304,graph,464.81362494048096,675.9737589763996
