mode,caching,concurrency,step,prefill_sequences,prefill_tokens,decode_sequences,decode_tokens,tokens,duration_us
compiled,on,1,0,0,0,1,1,1,13565.6
compiled,on,1,1,0,0,1,1,1,9732.2
compiled,on,1,2,0,0,1,1,1,9733.9
compiled,on,1,3,0,0,1,1,1,9727.2
compiled,on,1,4,0,0,1,1,1,9708.9
compiled,on,1,5,0,0,1,1,1,9716.0
compiled,on,1,6,0,0,1,1,1,9710.6
compiled,on,1,7,0,0,1,1,1,9699.4
compiled,on,1,8,0,0,1,1,1,9697.3
compiled,on,1,9,0,0,1,1,1,9697.1
compiled,on,1,10,0,0,1,1,1,9698.9
compiled,on,1,11,0,0,1,1,1,9707.1
compiled,on,1,12,0,0,1,1,1,9697.1
compiled,on,1,13,0,0,1,1,1,9706.2
compiled,on,1,14,0,0,1,1,1,9693.7
compiled,on,1,15,0,0,1,1,1,9700.1
compiled,on,1,16,0,0,1,1,1,9697.5
compiled,on,1,17,0,0,1,1,1,9697.7
compiled,on,1,18,0,0,1,1,1,9689.6
compiled,on,1,19,0,0,1,1,1,9700.0
compiled,on,1,20,0,0,1,1,1,9703.6
compiled,on,1,21,0,0,1,1,1,9697.3
compiled,on,1,22,0,0,1,1,1,9692.9
compiled,on,1,23,0,0,1,1,1,9712.1
compiled,on,1,24,0,0,1,1,1,9708.6
compiled,on,1,25,0,0,1,1,1,9720.5
compiled,on,1,26,0,0,1,1,1,9704.7
compiled,on,1,27,0,0,1,1,1,9698.5
compiled,on,1,28,1,371,0,0,371,92503.8
compiled,on,1,29,0,0,1,1,1,12897.0
compiled,on,1,30,0,0,1,1,1,9652.6
compiled,on,1,31,0,0,1,1,1,9654.3
compiled,on,1,32,0,0,1,1,1,9655.4
compiled,on,1,33,0,0,1,1,1,9665.1
compiled,on,1,34,0,0,1,1,1,9667.5
compiled,on,1,35,0,0,1,1,1,9664.2
compiled,on,1,36,0,0,1,1,1,9663.8
compiled,on,1,37,0,0,1,1,1,9657.5
compiled,on,1,38,0,0,1,1,1,9651.5
compiled,on,1,39,0,0,1,1,1,9664.9
compiled,on,1,40,0,0,1,1,1,9649.9
compiled,on,1,41,0,0,1,1,1,9667.8
compiled,on,1,42,0,0,1,1,1,9669.0
compiled,on,1,43,0,0,1,1,1,9657.8
compiled,on,1,44,0,0,1,1,1,9656.9
compiled,on,1,45,0,0,1,1,1,9650.0
compiled,on,1,46,0,0,1,1,1,9658.4
compiled,on,1,47,0,0,1,1,1,9664.8
compiled,on,1,48,0,0,1,1,1,9652.2
compiled,on,1,49,0,0,1,1,1,9669.3
compiled,on,1,50,0,0,1,1,1,9653.7
compiled,on,1,51,0,0,1,1,1,9652.7
compiled,on,1,52,0,0,1,1,1,9664.6
compiled,on,1,53,0,0,1,1,1,9641.8
compiled,on,1,54,0,0,1,1,1,9654.1
compiled,on,1,55,0,0,1,1,1,9652.1
compiled,on,1,56,0,0,1,1,1,9667.9
compiled,on,1,57,0,0,1,1,1,9664.7
compiled,on,1,58,0,0,1,1,1,9679.4
compiled,on,1,59,0,0,1,1,1,9683.8
compiled,on,1,60,0,0,1,1,1,9674.5
compiled,on,1,61,0,0,1,1,1,9666.7
compiled,on,1,62,0,0,1,1,1,9667.5
compiled,on,1,63,0,0,1,1,1,9677.1
compiled,on,1,64,0,0,1,1,1,9678.7
compiled,on,1,65,0,0,1,1,1,9666.4
compiled,on,1,66,0,0,1,1,1,9665.2
compiled,on,1,67,0,0,1,1,1,9677.4
compiled,on,1,68,0,0,1,1,1,9663.3
compiled,on,1,69,0,0,1,1,1,9667.9
compiled,on,1,70,0,0,1,1,1,9669.7
compiled,on,1,71,0,0,1,1,1,9665.5
compiled,on,1,72,0,0,1,1,1,9671.4
compiled,on,1,73,0,0,1,1,1,9670.1
compiled,on,1,74,0,0,1,1,1,9661.3
compiled,on,1,75,0,0,1,1,1,9669.3
compiled,on,1,76,0,0,1,1,1,9666.6
compiled,on,1,77,0,0,1,1,1,9672.3
compiled,on,1,78,0,0,1,1,1,9659.8
compiled,on,1,79,0,0,1,1,1,9678.7
compiled,on,1,80,0,0,1,1,1,9663.9
compiled,on,1,81,0,0,1,1,1,9673.4
compiled,on,1,82,0,0,1,1,1,9679.8
compiled,on,1,83,0,0,1,1,1,9680.2
compiled,on,1,84,0,0,1,1,1,9670.3
compiled,on,1,85,0,0,1,1,1,9659.0
compiled,on,1,86,0,0,1,1,1,9685.9
compiled,on,1,87,0,0,1,1,1,9669.4
compiled,on,1,88,0,0,1,1,1,9672.2
compiled,on,1,89,0,0,1,1,1,9670.2
compiled,on,1,90,0,0,1,1,1,9677.4
compiled,on,1,91,0,0,1,1,1,9672.4
compiled,on,1,92,0,0,1,1,1,9674.0
compiled,on,1,93,0,0,1,1,1,9656.3
compiled,on,1,94,0,0,1,1,1,9678.4
compiled,on,1,95,0,0,1,1,1,9664.4
compiled,on,1,96,0,0,1,1,1,9664.7
compiled,on,1,97,0,0,1,1,1,9675.3
compiled,on,1,98,0,0,1,1,1,9669.8
compiled,on,1,99,0,0,1,1,1,9675.1
compiled,on,1,100,0,0,1,1,1,9680.2
compiled,on,1,101,0,0,1,1,1,9664.5
compiled,on,1,102,0,0,1,1,1,9674.3
compiled,on,1,103,0,0,1,1,1,9671.0
compiled,on,1,104,0,0,1,1,1,9666.1
compiled,on,1,105,0,0,1,1,1,9673.3
compiled,on,1,106,0,0,1,1,1,9675.3
compiled,on,1,107,0,0,1,1,1,9679.4
compiled,on,1,108,0,0,1,1,1,9672.5
compiled,on,1,109,0,0,1,1,1,9673.5
compiled,on,1,110,0,0,1,1,1,9674.2
compiled,on,1,111,0,0,1,1,1,9676.2
compiled,on,1,112,0,0,1,1,1,9674.7
compiled,on,1,113,0,0,1,1,1,9669.3
compiled,on,1,114,0,0,1,1,1,9668.4
compiled,on,1,115,0,0,1,1,1,9661.4
compiled,on,1,116,0,0,1,1,1,9668.5
compiled,on,1,117,0,0,1,1,1,9663.1
compiled,on,1,118,0,0,1,1,1,9678.9
compiled,on,1,119,0,0,1,1,1,9676.5
compiled,on,1,120,0,0,1,1,1,9672.5
compiled,on,1,121,0,0,1,1,1,9682.2
compiled,on,1,122,0,0,1,1,1,9669.6
compiled,on,1,123,0,0,1,1,1,9673.8
compiled,on,1,124,0,0,1,1,1,9664.8
compiled,on,1,125,0,0,1,1,1,9670.7
compiled,on,1,126,0,0,1,1,1,9675.3
compiled,on,1,127,0,0,1,1,1,9672.7
compiled,on,1,128,0,0,1,1,1,9675.6
compiled,on,1,129,0,0,1,1,1,9664.2
compiled,on,1,130,0,0,1,1,1,9663.5
compiled,on,1,131,0,0,1,1,1,9663.7
compiled,on,1,132,0,0,1,1,1,9669.7
compiled,on,1,133,0,0,1,1,1,9660.3
compiled,on,1,134,0,0,1,1,1,9665.9
compiled,on,1,135,0,0,1,1,1,9679.8
compiled,on,1,136,0,0,1,1,1,9666.5
compiled,on,1,137,0,0,1,1,1,9671.4
compiled,on,1,138,0,0,1,1,1,9665.5
compiled,on,1,139,0,0,1,1,1,9678.5
compiled,on,1,140,0,0,1,1,1,9685.7
compiled,on,1,141,0,0,1,1,1,9681.2
compiled,on,1,142,0,0,1,1,1,9672.6
compiled,on,1,143,0,0,1,1,1,9673.0
compiled,on,1,144,0,0,1,1,1,9669.4
compiled,on,1,145,0,0,1,1,1,9671.9
compiled,on,1,146,0,0,1,1,1,9666.8
compiled,on,1,147,0,0,1,1,1,9667.0
compiled,on,1,148,0,0,1,1,1,9673.5
compiled,on,1,149,0,0,1,1,1,9676.4
compiled,on,1,150,0,0,1,1,1,9667.4
compiled,on,1,151,0,0,1,1,1,9661.2
compiled,on,1,152,0,0,1,1,1,9666.8
compiled,on,1,153,0,0,1,1,1,9675.1
compiled,on,1,154,0,0,1,1,1,9673.3
compiled,on,1,155,0,0,1,1,1,9671.4
compiled,on,1,156,1,723,0,0,723,167734.6
compiled,on,1,157,0,0,1,1,1,13019.9
compiled,on,1,158,0,0,1,1,1,9649.2
compiled,on,1,159,0,0,1,1,1,9657.7
compiled,on,1,160,0,0,1,1,1,9657.6
compiled,on,1,161,0,0,1,1,1,9655.9
compiled,on,1,162,0,0,1,1,1,9656.6
compiled,on,1,163,0,0,1,1,1,9651.5
compiled,on,1,164,0,0,1,1,1,9661.2
compiled,on,1,165,0,0,1,1,1,9659.3
compiled,on,1,166,0,0,1,1,1,9654.6
compiled,on,1,167,0,0,1,1,1,9658.0
compiled,on,1,168,0,0,1,1,1,9660.4
compiled,on,1,169,0,0,1,1,1,9667.3
compiled,on,1,170,0,0,1,1,1,9661.4
compiled,on,1,171,0,0,1,1,1,9662.9
compiled,on,1,172,0,0,1,1,1,9662.2
compiled,on,1,173,0,0,1,1,1,9655.4
compiled,on,1,174,0,0,1,1,1,9668.3
compiled,on,1,175,0,0,1,1,1,9690.3
compiled,on,1,176,0,0,1,1,1,9676.8
compiled,on,1,177,0,0,1,1,1,9669.1
compiled,on,1,178,0,0,1,1,1,9686.1
compiled,on,1,179,0,0,1,1,1,9682.0
compiled,on,1,180,0,0,1,1,1,9678.9
compiled,on,1,181,0,0,1,1,1,9691.7
compiled,on,1,182,0,0,1,1,1,9666.3
compiled,on,1,183,0,0,1,1,1,9667.2
compiled,on,1,184,0,0,1,1,1,9685.9
compiled,on,1,185,0,0,1,1,1,9679.3
compiled,on,1,186,0,0,1,1,1,9684.0
compiled,on,1,187,0,0,1,1,1,9680.7
compiled,on,1,188,0,0,1,1,1,9671.2
compiled,on,1,189,0,0,1,1,1,9672.7
compiled,on,1,190,0,0,1,1,1,9690.1
compiled,on,1,191,0,0,1,1,1,9676.1
compiled,on,1,192,0,0,1,1,1,9682.8
compiled,on,1,193,0,0,1,1,1,9690.7
compiled,on,1,194,0,0,1,1,1,9663.3
compiled,on,1,195,0,0,1,1,1,9675.3
compiled,on,1,196,0,0,1,1,1,9670.7
compiled,on,1,197,0,0,1,1,1,9687.2
compiled,on,1,198,0,0,1,1,1,9680.5
compiled,on,1,199,0,0,1,1,1,9683.4
compiled,on,1,200,0,0,1,1,1,9670.0
compiled,on,1,201,0,0,1,1,1,9681.4
compiled,on,1,202,0,0,1,1,1,9675.5
compiled,on,1,203,0,0,1,1,1,9675.6
compiled,on,1,204,0,0,1,1,1,9679.9
compiled,on,1,205,0,0,1,1,1,9690.7
compiled,on,1,206,0,0,1,1,1,9675.7
compiled,on,1,207,0,0,1,1,1,9682.8
compiled,on,1,208,0,0,1,1,1,9669.7
compiled,on,1,209,0,0,1,1,1,9684.0
compiled,on,1,210,0,0,1,1,1,9683.5
compiled,on,1,211,0,0,1,1,1,9676.6
compiled,on,1,212,0,0,1,1,1,9669.4
compiled,on,1,213,0,0,1,1,1,9682.5
compiled,on,1,214,0,0,1,1,1,9660.8
compiled,on,1,215,0,0,1,1,1,9673.4
compiled,on,1,216,0,0,1,1,1,9660.7
compiled,on,1,217,0,0,1,1,1,9670.0
compiled,on,1,218,0,0,1,1,1,9798.1
compiled,on,1,219,0,0,1,1,1,9670.5
compiled,on,1,220,0,0,1,1,1,9675.9
compiled,on,1,221,0,0,1,1,1,9663.6
compiled,on,1,222,0,0,1,1,1,9671.9
compiled,on,1,223,0,0,1,1,1,9670.5
compiled,on,1,224,0,0,1,1,1,9675.0
compiled,on,1,225,0,0,1,1,1,9683.1
compiled,on,1,226,0,0,1,1,1,9676.3
compiled,on,1,227,0,0,1,1,1,9680.2
compiled,on,1,228,0,0,1,1,1,9675.0
compiled,on,1,229,0,0,1,1,1,9672.9
compiled,on,1,230,0,0,1,1,1,9678.7
compiled,on,1,231,0,0,1,1,1,9673.3
compiled,on,1,232,0,0,1,1,1,9663.2
compiled,on,1,233,0,0,1,1,1,9677.5
compiled,on,1,234,0,0,1,1,1,9682.6
compiled,on,1,235,0,0,1,1,1,9683.3
compiled,on,1,236,0,0,1,1,1,9672.1
compiled,on,1,237,0,0,1,1,1,9680.9
compiled,on,1,238,0,0,1,1,1,9685.6
compiled,on,1,239,0,0,1,1,1,9670.5
compiled,on,1,240,0,0,1,1,1,9674.3
compiled,on,1,241,0,0,1,1,1,9679.8
compiled,on,1,242,0,0,1,1,1,9672.5
compiled,on,1,243,0,0,1,1,1,9670.0
compiled,on,1,244,0,0,1,1,1,9684.2
compiled,on,1,245,0,0,1,1,1,9682.0
compiled,on,1,246,0,0,1,1,1,9681.6
compiled,on,1,247,0,0,1,1,1,9683.8
compiled,on,1,248,0,0,1,1,1,9680.8
compiled,on,1,249,0,0,1,1,1,9677.6
compiled,on,1,250,0,0,1,1,1,9682.1
compiled,on,1,251,0,0,1,1,1,9674.1
compiled,on,1,252,0,0,1,1,1,9670.8
compiled,on,1,253,0,0,1,1,1,9679.8
compiled,on,1,254,0,0,1,1,1,9689.3
compiled,on,1,255,0,0,1,1,1,9689.5
compiled,on,1,256,0,0,1,1,1,9682.2
compiled,on,1,257,0,0,1,1,1,9673.7
compiled,on,1,258,0,0,1,1,1,9680.0
compiled,on,1,259,0,0,1,1,1,9674.0
compiled,on,1,260,0,0,1,1,1,9681.6
compiled,on,1,261,0,0,1,1,1,9683.0
compiled,on,1,262,0,0,1,1,1,9679.0
compiled,on,1,263,0,0,1,1,1,9686.3
compiled,on,1,264,0,0,1,1,1,9675.2
compiled,on,1,265,0,0,1,1,1,9677.5
compiled,on,1,266,0,0,1,1,1,9683.4
compiled,on,1,267,0,0,1,1,1,9682.5
compiled,on,1,268,0,0,1,1,1,9692.6
compiled,on,1,269,0,0,1,1,1,9681.4
compiled,on,1,270,0,0,1,1,1,9684.9
compiled,on,1,271,0,0,1,1,1,9688.8
compiled,on,1,272,0,0,1,1,1,9680.3
compiled,on,1,273,0,0,1,1,1,9683.0
compiled,on,1,274,0,0,1,1,1,9682.7
compiled,on,1,275,0,0,1,1,1,9673.1
compiled,on,1,276,0,0,1,1,1,9681.7
compiled,on,1,277,0,0,1,1,1,9674.0
compiled,on,1,278,0,0,1,1,1,9674.8
compiled,on,1,279,0,0,1,1,1,9674.0
compiled,on,1,280,0,0,1,1,1,9677.1
compiled,on,1,281,0,0,1,1,1,9674.1
compiled,on,1,282,0,0,1,1,1,9678.4
compiled,on,1,283,0,0,1,1,1,9672.2
compiled,on,1,284,1,627,0,0,627,162686.7
compiled,on,1,285,0,0,1,1,1,12878.9
compiled,on,1,286,0,0,1,1,1,9662.1
compiled,on,1,287,0,0,1,1,1,9653.7
compiled,on,1,288,0,0,1,1,1,9653.2
compiled,on,1,289,0,0,1,1,1,9655.0
compiled,on,1,290,0,0,1,1,1,9648.0
compiled,on,1,291,0,0,1,1,1,9660.0
compiled,on,1,292,0,0,1,1,1,9657.4
compiled,on,1,293,0,0,1,1,1,9661.4
compiled,on,1,294,0,0,1,1,1,9652.2
compiled,on,1,295,0,0,1,1,1,9661.3
compiled,on,1,296,0,0,1,1,1,9648.6
compiled,on,1,297,0,0,1,1,1,9656.1
compiled,on,1,298,0,0,1,1,1,9661.1
compiled,on,1,299,0,0,1,1,1,9664.0
compiled,on,1,300,0,0,1,1,1,9657.6
compiled,on,1,301,0,0,1,1,1,9653.5
compiled,on,1,302,0,0,1,1,1,9659.0
compiled,on,1,303,0,0,1,1,1,9669.0
compiled,on,1,304,0,0,1,1,1,9683.0
compiled,on,1,305,0,0,1,1,1,9675.4
compiled,on,1,306,0,0,1,1,1,9676.2
compiled,on,1,307,0,0,1,1,1,9685.2
compiled,on,1,308,0,0,1,1,1,9674.6
compiled,on,1,309,0,0,1,1,1,9679.9
compiled,on,1,310,0,0,1,1,1,9677.2
compiled,on,1,311,0,0,1,1,1,9681.0
compiled,on,1,312,0,0,1,1,1,9680.8
compiled,on,1,313,0,0,1,1,1,9668.6
compiled,on,1,314,0,0,1,1,1,9683.5
compiled,on,1,315,0,0,1,1,1,9683.9
compiled,on,1,316,0,0,1,1,1,9674.2
compiled,on,1,317,0,0,1,1,1,9683.1
compiled,on,1,318,0,0,1,1,1,9679.3
compiled,on,1,319,0,0,1,1,1,9672.5
compiled,on,1,320,0,0,1,1,1,9673.6
compiled,on,1,321,0,0,1,1,1,9675.8
compiled,on,1,322,0,0,1,1,1,9687.9
compiled,on,1,323,0,0,1,1,1,9680.7
compiled,on,1,324,0,0,1,1,1,9669.8
compiled,on,1,325,0,0,1,1,1,9682.9
compiled,on,1,326,0,0,1,1,1,9668.1
compiled,on,1,327,0,0,1,1,1,9676.5
compiled,on,1,328,0,0,1,1,1,9676.5
compiled,on,1,329,0,0,1,1,1,9677.4
compiled,on,1,330,0,0,1,1,1,9668.6
compiled,on,1,331,0,0,1,1,1,9677.2
compiled,on,1,332,0,0,1,1,1,9665.1
compiled,on,1,333,0,0,1,1,1,9675.6
compiled,on,1,334,0,0,1,1,1,9672.8
compiled,on,1,335,0,0,1,1,1,9675.0
compiled,on,1,336,0,0,1,1,1,9682.0
compiled,on,1,337,0,0,1,1,1,9673.4
compiled,on,1,338,0,0,1,1,1,9661.8
compiled,on,1,339,0,0,1,1,1,9671.2
compiled,on,1,340,0,0,1,1,1,9664.0
compiled,on,1,341,0,0,1,1,1,9678.9
compiled,on,1,342,0,0,1,1,1,9683.9
compiled,on,1,343,0,0,1,1,1,9673.7
compiled,on,1,344,0,0,1,1,1,9679.6
compiled,on,1,345,0,0,1,1,1,9686.2
compiled,on,1,346,0,0,1,1,1,9675.1
compiled,on,1,347,0,0,1,1,1,9670.1
compiled,on,1,348,0,0,1,1,1,9677.5
compiled,on,1,349,0,0,1,1,1,9670.8
compiled,on,1,350,0,0,1,1,1,9663.9
compiled,on,1,351,0,0,1,1,1,9671.0
compiled,on,1,352,0,0,1,1,1,9679.3
compiled,on,1,353,0,0,1,1,1,9687.7
compiled,on,1,354,0,0,1,1,1,9680.5
compiled,on,1,355,0,0,1,1,1,9689.7
compiled,on,1,356,0,0,1,1,1,9673.7
compiled,on,1,357,0,0,1,1,1,9685.2
compiled,on,1,358,0,0,1,1,1,9668.0
compiled,on,1,359,0,0,1,1,1,9675.9
compiled,on,1,360,0,0,1,1,1,9682.7
compiled,on,1,361,0,0,1,1,1,9678.2
compiled,on,1,362,0,0,1,1,1,9681.7
compiled,on,1,363,0,0,1,1,1,9680.3
compiled,on,1,364,0,0,1,1,1,9676.5
compiled,on,1,365,0,0,1,1,1,9675.5
compiled,on,1,366,0,0,1,1,1,9673.7
compiled,on,1,367,0,0,1,1,1,9670.2
compiled,on,1,368,0,0,1,1,1,9673.8
compiled,on,1,369,0,0,1,1,1,9664.0
compiled,on,1,370,0,0,1,1,1,9678.2
compiled,on,1,371,0,0,1,1,1,9676.0
compiled,on,1,372,0,0,1,1,1,9678.7
compiled,on,1,373,0,0,1,1,1,9661.5
compiled,on,1,374,0,0,1,1,1,9669.9
compiled,on,1,375,0,0,1,1,1,9683.1
compiled,on,1,376,0,0,1,1,1,9669.9
compiled,on,1,377,0,0,1,1,1,9668.5
compiled,on,1,378,0,0,1,1,1,9693.0
compiled,on,1,379,0,0,1,1,1,9676.0
compiled,on,1,380,0,0,1,1,1,9684.2
compiled,on,1,381,0,0,1,1,1,9680.0
compiled,on,1,382,0,0,1,1,1,9681.9
compiled,on,1,383,0,0,1,1,1,9677.5
compiled,on,1,384,0,0,1,1,1,9669.9
compiled,on,1,385,0,0,1,1,1,9679.7
compiled,on,1,386,0,0,1,1,1,9672.0
compiled,on,1,387,0,0,1,1,1,9681.0
compiled,on,1,388,0,0,1,1,1,9679.0
compiled,on,1,389,0,0,1,1,1,9671.3
compiled,on,1,390,0,0,1,1,1,9666.1
compiled,on,1,391,0,0,1,1,1,9686.6
compiled,on,1,392,0,0,1,1,1,9665.2
compiled,on,1,393,0,0,1,1,1,9675.5
compiled,on,1,394,0,0,1,1,1,9672.1
compiled,on,1,395,0,0,1,1,1,9675.7
compiled,on,1,396,0,0,1,1,1,9681.5
compiled,on,1,397,0,0,1,1,1,9681.8
compiled,on,1,398,0,0,1,1,1,9676.9
compiled,on,1,399,0,0,1,1,1,9678.9
compiled,on,1,400,0,0,1,1,1,9675.4
compiled,on,1,401,0,0,1,1,1,9675.5
compiled,on,1,402,0,0,1,1,1,9663.8
compiled,on,1,403,0,0,1,1,1,9670.0
compiled,on,1,404,0,0,1,1,1,9675.1
compiled,on,1,405,0,0,1,1,1,9669.0
compiled,on,1,406,0,0,1,1,1,9668.5
compiled,on,1,407,0,0,1,1,1,9683.5
compiled,on,1,408,0,0,1,1,1,9671.7
compiled,on,1,409,0,0,1,1,1,9677.5
compiled,on,1,410,0,0,1,1,1,9678.9
compiled,on,1,411,0,0,1,1,1,9672.9
compiled,on,1,412,1,348,0,0,348,90570.6
compiled,on,1,413,0,0,1,1,1,12915.0
compiled,on,1,414,0,0,1,1,1,9662.8
compiled,on,1,415,0,0,1,1,1,9668.1
compiled,on,1,416,0,0,1,1,1,9653.0
compiled,on,1,417,0,0,1,1,1,9654.2
compiled,on,1,418,0,0,1,1,1,9662.0
compiled,on,1,419,0,0,1,1,1,9669.3
compiled,on,1,420,0,0,1,1,1,9657.5
compiled,on,1,421,0,0,1,1,1,9656.5
compiled,on,1,422,0,0,1,1,1,9658.5
compiled,on,1,423,0,0,1,1,1,9653.5
compiled,on,1,424,0,0,1,1,1,9655.5
compiled,on,1,425,0,0,1,1,1,9661.5
compiled,on,1,426,0,0,1,1,1,9654.7
compiled,on,1,427,0,0,1,1,1,9648.2
compiled,on,1,428,0,0,1,1,1,9660.9
compiled,on,1,429,0,0,1,1,1,9646.8
compiled,on,1,430,0,0,1,1,1,9656.6
compiled,on,1,431,0,0,1,1,1,9674.7
compiled,on,1,432,0,0,1,1,1,9662.9
compiled,on,1,433,0,0,1,1,1,9680.9
compiled,on,1,434,0,0,1,1,1,9668.2
compiled,on,1,435,0,0,1,1,1,9663.4
compiled,on,1,436,0,0,1,1,1,9679.3
compiled,on,1,437,0,0,1,1,1,9668.2
compiled,on,1,438,0,0,1,1,1,9661.7
compiled,on,1,439,0,0,1,1,1,9675.1
compiled,on,1,440,0,0,1,1,1,9671.9
compiled,on,1,441,0,0,1,1,1,9669.6
compiled,on,1,442,0,0,1,1,1,9675.1
compiled,on,1,443,0,0,1,1,1,9676.7
compiled,on,1,444,0,0,1,1,1,9673.5
compiled,on,1,445,0,0,1,1,1,9671.8
compiled,on,1,446,0,0,1,1,1,9660.2
compiled,on,1,447,0,0,1,1,1,9665.5
compiled,on,1,448,0,0,1,1,1,9656.7
compiled,on,1,449,0,0,1,1,1,9655.8
compiled,on,1,450,0,0,1,1,1,9666.6
compiled,on,1,451,0,0,1,1,1,9670.8
compiled,on,1,452,0,0,1,1,1,9675.4
compiled,on,1,453,0,0,1,1,1,9680.1
compiled,on,1,454,0,0,1,1,1,9675.9
compiled,on,1,455,0,0,1,1,1,9668.0
compiled,on,1,456,0,0,1,1,1,9664.0
compiled,on,1,457,0,0,1,1,1,9678.8
compiled,on,1,458,0,0,1,1,1,9651.4
compiled,on,1,459,0,0,1,1,1,9688.7
compiled,on,1,460,0,0,1,1,1,9674.8
compiled,on,1,461,0,0,1,1,1,9672.2
compiled,on,1,462,0,0,1,1,1,9661.5
compiled,on,1,463,0,0,1,1,1,9678.4
compiled,on,1,464,0,0,1,1,1,9678.9
compiled,on,1,465,0,0,1,1,1,9662.3
compiled,on,1,466,0,0,1,1,1,9661.7
compiled,on,1,467,0,0,1,1,1,9653.8
compiled,on,1,468,0,0,1,1,1,9660.4
compiled,on,1,469,0,0,1,1,1,9678.6
compiled,on,1,470,0,0,1,1,1,9671.4
compiled,on,1,471,0,0,1,1,1,9681.4
compiled,on,1,472,0,0,1,1,1,9671.3
compiled,on,1,473,0,0,1,1,1,9672.5
compiled,on,1,474,0,0,1,1,1,9677.7
compiled,on,1,475,0,0,1,1,1,9668.0
compiled,on,1,476,0,0,1,1,1,9676.8
compiled,on,1,477,0,0,1,1,1,9683.0
compiled,on,1,478,0,0,1,1,1,9676.2
compiled,on,1,479,0,0,1,1,1,9676.2
compiled,on,1,480,0,0,1,1,1,9668.3
compiled,on,1,481,0,0,1,1,1,9668.5
compiled,on,1,482,0,0,1,1,1,9672.8
compiled,on,1,483,0,0,1,1,1,9655.7
compiled,on,1,484,0,0,1,1,1,9669.1
compiled,on,1,485,0,0,1,1,1,9670.8
compiled,on,1,486,0,0,1,1,1,9665.9
compiled,on,1,487,0,0,1,1,1,9676.4
compiled,on,1,488,0,0,1,1,1,9664.7
compiled,on,1,489,0,0,1,1,1,9662.9
compiled,on,1,490,0,0,1,1,1,9669.7
compiled,on,1,491,0,0,1,1,1,9677.1
compiled,on,1,492,0,0,1,1,1,9671.5
compiled,on,1,493,0,0,1,1,1,9665.7
compiled,on,1,494,0,0,1,1,1,9666.9
compiled,on,1,495,0,0,1,1,1,9679.4
compiled,on,1,496,0,0,1,1,1,9671.1
compiled,on,1,497,0,0,1,1,1,9672.2
compiled,on,1,498,0,0,1,1,1,9677.1
compiled,on,1,499,0,0,1,1,1,9674.2
compiled,on,1,500,0,0,1,1,1,9662.4
compiled,on,1,501,0,0,1,1,1,9662.5
compiled,on,1,502,0,0,1,1,1,9670.7
compiled,on,1,503,0,0,1,1,1,9673.1
compiled,on,1,504,0,0,1,1,1,9663.7
compiled,on,1,505,0,0,1,1,1,9674.6
compiled,on,1,506,0,0,1,1,1,9667.7
compiled,on,1,507,0,0,1,1,1,9680.0
compiled,on,1,508,0,0,1,1,1,9670.0
compiled,on,1,509,0,0,1,1,1,9662.6
compiled,on,1,510,0,0,1,1,1,9674.8
compiled,on,1,511,0,0,1,1,1,9665.2
compiled,on,1,512,0,0,1,1,1,9668.6
compiled,on,1,513,0,0,1,1,1,9677.3
compiled,on,1,514,0,0,1,1,1,9669.1
compiled,on,1,515,0,0,1,1,1,9666.6
compiled,on,1,516,0,0,1,1,1,9661.8
compiled,on,1,517,0,0,1,1,1,9663.1
compiled,on,1,518,0,0,1,1,1,9677.1
compiled,on,1,519,0,0,1,1,1,9677.1
compiled,on,1,520,0,0,1,1,1,9662.3
compiled,on,1,521,0,0,1,1,1,9659.1
compiled,on,1,522,0,0,1,1,1,9662.1
compiled,on,1,523,0,0,1,1,1,9679.0
compiled,on,1,524,0,0,1,1,1,9668.6
compiled,on,1,525,0,0,1,1,1,9685.7
compiled,on,1,526,0,0,1,1,1,9663.5
compiled,on,1,527,0,0,1,1,1,9664.0
compiled,on,1,528,0,0,1,1,1,9668.6
compiled,on,1,529,0,0,1,1,1,9666.8
compiled,on,1,530,0,0,1,1,1,9674.4
compiled,on,8,0,0,0,8,8,8,14823.5
compiled,on,8,1,0,0,8,8,8,10879.2
compiled,on,8,2,0,0,8,8,8,10862.8
compiled,on,8,3,0,0,8,8,8,10870.6
compiled,on,8,4,0,0,8,8,8,10868.7
compiled,on,8,5,0,0,8,8,8,10868.3
compiled,on,8,6,0,0,8,8,8,10888.5
compiled,on,8,7,0,0,8,8,8,10873.9
compiled,on,8,8,0,0,8,8,8,10879.5
compiled,on,8,9,0,0,8,8,8,10894.4
compiled,on,8,10,0,0,8,8,8,10870.6
compiled,on,8,11,0,0,8,8,8,10876.0
compiled,on,8,12,0,0,8,8,8,10873.2
compiled,on,8,13,0,0,8,8,8,10878.7
compiled,on,8,14,0,0,8,8,8,10882.4
compiled,on,8,15,0,0,8,8,8,10883.2
compiled,on,8,16,0,0,8,8,8,10874.0
compiled,on,8,17,0,0,8,8,8,10898.0
compiled,on,8,18,0,0,8,8,8,10892.7
compiled,on,8,19,0,0,8,8,8,10865.6
compiled,on,8,20,0,0,8,8,8,10892.7
compiled,on,8,21,0,0,8,8,8,10890.7
compiled,on,8,22,0,0,8,8,8,10889.2
compiled,on,8,23,0,0,8,8,8,10876.8
compiled,on,8,24,0,0,8,8,8,10875.6
compiled,on,8,25,0,0,8,8,8,10892.7
compiled,on,8,26,0,0,8,8,8,10883.9
compiled,on,8,27,0,0,8,8,8,10884.7
compiled,on,8,28,0,0,8,8,8,10881.6
compiled,on,8,29,0,0,8,8,8,10901.6
compiled,on,8,30,0,0,8,8,8,10892.9
compiled,on,8,31,0,0,8,8,8,10903.6
compiled,on,8,32,0,0,8,8,8,10898.8
compiled,on,8,33,0,0,8,8,8,10897.8
compiled,on,8,34,0,0,8,8,8,10890.4
compiled,on,8,35,0,0,8,8,8,10911.2
compiled,on,8,36,0,0,8,8,8,10897.7
compiled,on,8,37,0,0,8,8,8,10908.0
compiled,on,8,38,0,0,8,8,8,10904.0
compiled,on,8,39,0,0,8,8,8,10900.6
compiled,on,8,40,0,0,8,8,8,10896.3
compiled,on,8,41,0,0,8,8,8,10892.6
compiled,on,8,42,0,0,8,8,8,10876.3
compiled,on,8,43,0,0,8,8,8,10893.0
compiled,on,8,44,0,0,8,8,8,10894.8
compiled,on,8,45,0,0,8,8,8,10897.9
compiled,on,8,46,0,0,8,8,8,10896.5
compiled,on,8,47,0,0,8,8,8,10901.3
compiled,on,8,48,0,0,8,8,8,10890.8
compiled,on,8,49,0,0,8,8,8,10902.3
compiled,on,8,50,0,0,8,8,8,10902.5
compiled,on,8,51,0,0,8,8,8,10902.2
compiled,on,8,52,0,0,8,8,8,10890.8
compiled,on,8,53,0,0,8,8,8,10905.1
compiled,on,8,54,0,0,8,8,8,10898.9
compiled,on,8,55,0,0,8,8,8,10897.7
compiled,on,8,56,0,0,8,8,8,10899.7
compiled,on,8,57,0,0,8,8,8,10897.3
compiled,on,8,58,0,0,8,8,8,10895.6
compiled,on,8,59,0,0,8,8,8,10903.6
compiled,on,8,60,0,0,8,8,8,10908.4
compiled,on,8,61,0,0,8,8,8,10897.6
compiled,on,8,62,0,0,8,8,8,10914.4
compiled,on,8,63,0,0,8,8,8,10897.0
compiled,on,8,64,0,0,8,8,8,10883.0
compiled,on,8,65,0,0,8,8,8,10902.6
compiled,on,8,66,0,0,8,8,8,10894.6
compiled,on,8,67,0,0,8,8,8,10909.3
compiled,on,8,68,0,0,8,8,8,10893.8
compiled,on,8,69,0,0,8,8,8,10898.5
compiled,on,8,70,0,0,8,8,8,10893.6
compiled,on,8,71,0,0,8,8,8,10908.4
compiled,on,8,72,0,0,8,8,8,10902.1
compiled,on,8,73,0,0,8,8,8,10907.6
compiled,on,8,74,0,0,8,8,8,10911.1
compiled,on,8,75,0,0,8,8,8,10891.5
compiled,on,8,76,0,0,8,8,8,10901.9
compiled,on,8,77,0,0,8,8,8,10895.6
compiled,on,8,78,0,0,8,8,8,10906.9
compiled,on,8,79,0,0,8,8,8,10902.7
compiled,on,8,80,0,0,8,8,8,10902.6
compiled,on,8,81,0,0,8,8,8,10899.8
compiled,on,8,82,0,0,8,8,8,10902.9
compiled,on,8,83,0,0,8,8,8,10903.5
compiled,on,8,84,0,0,8,8,8,10891.2
compiled,on,8,85,0,0,8,8,8,10884.6
compiled,on,8,86,0,0,8,8,8,10900.0
compiled,on,8,87,0,0,8,8,8,10900.6
compiled,on,8,88,0,0,8,8,8,10902.4
compiled,on,8,89,0,0,8,8,8,10900.9
compiled,on,8,90,0,0,8,8,8,10904.4
compiled,on,8,91,0,0,8,8,8,10910.2
compiled,on,8,92,0,0,8,8,8,10908.1
compiled,on,8,93,0,0,8,8,8,10902.8
compiled,on,8,94,0,0,8,8,8,10897.9
compiled,on,8,95,0,0,8,8,8,10898.7
compiled,on,8,96,0,0,8,8,8,10914.2
compiled,on,8,97,0,0,8,8,8,10908.2
compiled,on,8,98,0,0,8,8,8,10900.1
compiled,on,8,99,0,0,8,8,8,10903.3
compiled,on,8,100,0,0,8,8,8,10913.7
compiled,on,8,101,0,0,8,8,8,10886.0
compiled,on,8,102,0,0,8,8,8,10896.0
compiled,on,8,103,0,0,8,8,8,10911.6
compiled,on,8,104,0,0,8,8,8,10905.9
compiled,on,8,105,0,0,8,8,8,10905.6
compiled,on,8,106,0,0,8,8,8,10900.3
compiled,on,8,107,0,0,8,8,8,10897.6
compiled,on,8,108,0,0,8,8,8,10898.4
compiled,on,8,109,0,0,8,8,8,10912.4
compiled,on,8,110,0,0,8,8,8,10903.2
compiled,on,8,111,0,0,8,8,8,10912.4
compiled,on,8,112,0,0,8,8,8,10910.2
compiled,on,8,113,0,0,8,8,8,10894.9
compiled,on,8,114,0,0,8,8,8,10891.9
compiled,on,8,115,0,0,8,8,8,10885.5
compiled,on,8,116,0,0,8,8,8,10890.9
compiled,on,8,117,0,0,8,8,8,10890.9
compiled,on,8,118,0,0,8,8,8,10900.7
compiled,on,8,119,0,0,6,6,6,10703.5
compiled,on,8,120,0,0,5,5,5,10505.6
compiled,on,8,121,2,1158,3,3,1161,174009.5
compiled,on,8,122,2,336,1,1,337,106534.9
compiled,on,8,123,2,939,3,3,942,183927.4
compiled,on,8,124,3,833,5,5,838,180306.1
compiled,on,8,125,0,0,8,8,8,14228.8
compiled,on,8,126,0,0,8,8,8,10847.2
compiled,on,8,127,0,0,8,8,8,10825.2
compiled,on,8,128,0,0,8,8,8,10845.8
compiled,on,8,129,0,0,8,8,8,10834.9
compiled,on,8,130,0,0,8,8,8,10846.9
compiled,on,8,131,0,0,8,8,8,10849.0
compiled,on,8,132,0,0,8,8,8,10847.8
compiled,on,8,133,0,0,8,8,8,10847.0
compiled,on,8,134,0,0,8,8,8,10833.0
compiled,on,8,135,0,0,8,8,8,10861.9
compiled,on,8,136,0,0,8,8,8,10850.1
compiled,on,8,137,0,0,8,8,8,10849.4
compiled,on,8,138,0,0,8,8,8,10860.5
compiled,on,8,139,0,0,8,8,8,10862.1
compiled,on,8,140,0,0,8,8,8,10862.2
compiled,on,8,141,0,0,8,8,8,10854.1
compiled,on,8,142,0,0,8,8,8,10855.0
compiled,on,8,143,0,0,8,8,8,10861.0
compiled,on,8,144,0,0,8,8,8,10864.7
compiled,on,8,145,0,0,8,8,8,10859.4
compiled,on,8,146,0,0,8,8,8,10859.3
compiled,on,8,147,0,0,8,8,8,10867.8
compiled,on,8,148,0,0,8,8,8,10849.0
compiled,on,8,149,0,0,8,8,8,10855.7
compiled,on,8,150,0,0,8,8,8,10872.3
compiled,on,8,151,0,0,8,8,8,10860.2
compiled,on,8,152,0,0,8,8,8,10869.1
compiled,on,8,153,0,0,8,8,8,10881.5
compiled,on,8,154,0,0,8,8,8,10873.7
compiled,on,8,155,0,0,8,8,8,10867.7
compiled,on,8,156,0,0,8,8,8,10870.8
compiled,on,8,157,0,0,8,8,8,10866.8
compiled,on,8,158,0,0,8,8,8,10858.3
compiled,on,8,159,0,0,8,8,8,10866.7
compiled,on,8,160,0,0,8,8,8,10863.4
compiled,on,8,161,0,0,8,8,8,10858.7
compiled,on,8,162,0,0,8,8,8,10859.7
compiled,on,8,163,0,0,8,8,8,10874.5
compiled,on,8,164,0,0,8,8,8,10877.0
compiled,on,8,165,0,0,8,8,8,10872.0
compiled,on,8,166,0,0,8,8,8,10857.1
compiled,on,8,167,0,0,8,8,8,10867.6
compiled,on,8,168,0,0,8,8,8,10874.6
compiled,on,8,169,0,0,8,8,8,10866.3
compiled,on,8,170,0,0,8,8,8,10862.1
compiled,on,8,171,0,0,8,8,8,10872.2
compiled,on,8,172,0,0,8,8,8,10868.3
compiled,on,8,173,0,0,8,8,8,10864.9
compiled,on,8,174,0,0,8,8,8,10875.3
compiled,on,8,175,0,0,8,8,8,10864.8
compiled,on,8,176,0,0,8,8,8,10863.9
compiled,on,8,177,0,0,8,8,8,10868.5
compiled,on,8,178,0,0,8,8,8,10872.4
compiled,on,8,179,0,0,8,8,8,10872.3
compiled,on,8,180,0,0,8,8,8,10862.9
compiled,on,8,181,0,0,8,8,8,10861.5
compiled,on,8,182,0,0,8,8,8,10877.9
compiled,on,8,183,0,0,8,8,8,10859.5
compiled,on,8,184,0,0,8,8,8,10858.8
compiled,on,8,185,0,0,8,8,8,10871.0
compiled,on,8,186,0,0,8,8,8,10884.1
compiled,on,8,187,0,0,8,8,8,10886.5
compiled,on,8,188,0,0,8,8,8,10859.9
compiled,on,8,189,0,0,8,8,8,10859.2
compiled,on,8,190,0,0,8,8,8,10868.7
compiled,on,8,191,0,0,8,8,8,10868.7
compiled,on,8,192,0,0,8,8,8,10871.5
compiled,on,8,193,0,0,8,8,8,10882.1
compiled,on,8,194,0,0,8,8,8,10870.8
compiled,on,8,195,0,0,8,8,8,10874.9
compiled,on,8,196,0,0,8,8,8,10875.2
compiled,on,8,197,0,0,8,8,8,10878.5
compiled,on,8,198,0,0,8,8,8,10872.9
compiled,on,8,199,0,0,8,8,8,10886.1
compiled,on,8,200,0,0,8,8,8,10872.8
compiled,on,8,201,0,0,8,8,8,10857.2
compiled,on,8,202,0,0,8,8,8,10864.9
compiled,on,8,203,0,0,8,8,8,10870.6
compiled,on,8,204,0,0,8,8,8,10871.9
compiled,on,8,205,0,0,8,8,8,10879.4
compiled,on,8,206,0,0,8,8,8,10886.6
compiled,on,8,207,0,0,8,8,8,10870.3
compiled,on,8,208,0,0,8,8,8,10880.6
compiled,on,8,209,0,0,8,8,8,10867.5
compiled,on,8,210,0,0,8,8,8,10884.8
compiled,on,8,211,0,0,8,8,8,10874.9
compiled,on,8,212,0,0,8,8,8,10882.2
compiled,on,8,213,0,0,8,8,8,10874.4
compiled,on,8,214,0,0,8,8,8,10875.1
compiled,on,8,215,0,0,8,8,8,10867.7
compiled,on,8,216,0,0,8,8,8,10880.0
compiled,on,8,217,0,0,8,8,8,10876.9
compiled,on,8,218,0,0,8,8,8,10870.4
compiled,on,8,219,0,0,8,8,8,10868.4
compiled,on,8,220,0,0,8,8,8,10872.9
compiled,on,8,221,0,0,8,8,8,10876.7
compiled,on,8,222,0,0,8,8,8,10880.1
compiled,on,8,223,0,0,8,8,8,10891.8
compiled,on,8,224,0,0,8,8,8,10875.2
compiled,on,8,225,0,0,8,8,8,10884.6
compiled,on,8,226,0,0,8,8,8,10876.3
compiled,on,8,227,0,0,8,8,8,10882.8
compiled,on,8,228,0,0,8,8,8,10871.4
compiled,on,8,229,0,0,8,8,8,10884.8
compiled,on,8,230,0,0,8,8,8,10887.8
compiled,on,8,231,0,0,8,8,8,10884.2
compiled,on,8,232,0,0,8,8,8,10876.6
compiled,on,8,233,0,0,8,8,8,10870.7
compiled,on,8,234,0,0,8,8,8,10890.9
compiled,on,8,235,0,0,8,8,8,10878.6
compiled,on,8,236,0,0,8,8,8,10884.2
compiled,on,8,237,0,0,8,8,8,10876.4
compiled,on,8,238,0,0,8,8,8,10892.3
compiled,on,8,239,0,0,8,8,8,10883.3
compiled,on,8,240,0,0,8,8,8,10877.7
compiled,on,8,241,0,0,8,8,8,10885.3
compiled,on,8,242,0,0,8,8,8,10876.3
compiled,on,8,243,0,0,8,8,8,10878.2
compiled,on,8,244,0,0,8,8,8,10891.2
compiled,on,8,245,0,0,8,8,8,10882.1
compiled,on,8,246,0,0,8,8,8,10870.2
compiled,on,8,247,0,0,8,8,8,10870.3
compiled,on,8,248,0,0,8,8,8,10896.5
compiled,on,8,249,0,0,7,7,7,10796.2
compiled,on,8,250,0,0,5,5,5,10490.2
compiled,on,8,251,1,259,3,3,262,94812.8
compiled,on,8,252,2,1992,1,1,1993,178692.7
compiled,on,8,253,3,1239,2,2,1241,184368.4
compiled,on,8,254,4,3879,4,4,3883,225011.5
compiled,on,8,255,2,77,6,6,83,60873.0
compiled,on,8,256,0,0,8,8,8,14375.2
compiled,on,8,257,0,0,8,8,8,11057.2
compiled,on,8,258,0,0,8,8,8,11065.3
compiled,on,8,259,0,0,8,8,8,11071.1
compiled,on,8,260,0,0,8,8,8,10977.1
compiled,on,8,261,0,0,8,8,8,10973.4
compiled,on,8,262,0,0,8,8,8,10970.7
compiled,on,8,263,0,0,8,8,8,10980.7
compiled,on,8,264,0,0,8,8,8,10987.8
compiled,on,8,265,0,0,8,8,8,10998.9
compiled,on,8,266,0,0,8,8,8,10991.6
compiled,on,8,267,0,0,8,8,8,10979.1
compiled,on,8,268,0,0,8,8,8,10975.6
compiled,on,8,269,0,0,8,8,8,10983.0
compiled,on,8,270,0,0,8,8,8,10990.3
compiled,on,8,271,0,0,8,8,8,10987.1
compiled,on,8,272,0,0,8,8,8,10985.0
compiled,on,8,273,0,0,8,8,8,10987.6
compiled,on,8,274,0,0,8,8,8,11002.1
compiled,on,8,275,0,0,8,8,8,10981.5
compiled,on,8,276,0,0,8,8,8,10993.1
compiled,on,8,277,0,0,8,8,8,11008.4
compiled,on,8,278,0,0,8,8,8,11000.3
compiled,on,8,279,0,0,8,8,8,10985.5
compiled,on,8,280,0,0,8,8,8,10993.0
compiled,on,8,281,0,0,8,8,8,10993.4
compiled,on,8,282,0,0,8,8,8,10987.9
compiled,on,8,283,0,0,8,8,8,10966.9
compiled,on,8,284,0,0,8,8,8,10975.0
compiled,on,8,285,0,0,8,8,8,10967.7
compiled,on,8,286,0,0,8,8,8,10975.3
compiled,on,8,287,0,0,8,8,8,10964.5
compiled,on,8,288,0,0,8,8,8,10954.9
compiled,on,8,289,0,0,8,8,8,10981.0
compiled,on,8,290,0,0,8,8,8,10984.4
compiled,on,8,291,0,0,8,8,8,10971.4
compiled,on,8,292,0,0,8,8,8,10965.3
compiled,on,8,293,0,0,8,8,8,10963.6
compiled,on,8,294,0,0,8,8,8,10969.9
compiled,on,8,295,0,0,8,8,8,10987.6
compiled,on,8,296,0,0,8,8,8,10974.7
compiled,on,8,297,0,0,8,8,8,10983.6
compiled,on,8,298,0,0,8,8,8,10978.3
compiled,on,8,299,0,0,8,8,8,10978.7
compiled,on,8,300,0,0,8,8,8,10966.9
compiled,on,8,301,0,0,8,8,8,10975.3
compiled,on,8,302,0,0,8,8,8,10975.4
compiled,on,8,303,0,0,8,8,8,10991.2
compiled,on,8,304,0,0,8,8,8,10987.2
compiled,on,8,305,0,0,8,8,8,10970.6
compiled,on,8,306,0,0,8,8,8,10979.2
compiled,on,8,307,0,0,8,8,8,10962.7
compiled,on,8,308,0,0,8,8,8,10984.7
compiled,on,8,309,0,0,8,8,8,10975.1
compiled,on,8,310,0,0,8,8,8,10983.2
compiled,on,8,311,0,0,8,8,8,10978.8
compiled,on,8,312,0,0,8,8,8,10998.8
compiled,on,8,313,0,0,8,8,8,10987.1
compiled,on,8,314,0,0,8,8,8,10978.6
compiled,on,8,315,0,0,8,8,8,10975.2
compiled,on,8,316,0,0,8,8,8,10986.0
compiled,on,8,317,0,0,8,8,8,10970.0
compiled,on,8,318,0,0,8,8,8,10972.5
compiled,on,8,319,0,0,8,8,8,10988.5
compiled,on,8,320,0,0,8,8,8,10974.6
compiled,on,8,321,0,0,8,8,8,10979.0
compiled,on,8,322,0,0,8,8,8,10974.0
compiled,on,8,323,0,0,8,8,8,10987.7
compiled,on,8,324,0,0,8,8,8,10981.3
compiled,on,8,325,0,0,8,8,8,10979.8
compiled,on,8,326,0,0,8,8,8,10988.4
compiled,on,8,327,0,0,8,8,8,10987.7
compiled,on,8,328,0,0,8,8,8,10992.5
compiled,on,8,329,0,0,8,8,8,10982.8
compiled,on,8,330,0,0,8,8,8,10975.1
compiled,on,8,331,0,0,8,8,8,10982.8
compiled,on,8,332,0,0,8,8,8,10985.1
compiled,on,8,333,0,0,8,8,8,10990.1
compiled,on,8,334,0,0,8,8,8,10966.9
compiled,on,8,335,0,0,8,8,8,10967.6
compiled,on,8,336,0,0,8,8,8,10989.4
compiled,on,8,337,0,0,8,8,8,10976.8
compiled,on,8,338,0,0,8,8,8,10987.5
compiled,on,8,339,0,0,8,8,8,10983.4
compiled,on,8,340,0,0,8,8,8,10981.0
compiled,on,8,341,0,0,8,8,8,10984.1
compiled,on,8,342,0,0,8,8,8,10974.6
compiled,on,8,343,0,0,8,8,8,10982.7
compiled,on,8,344,0,0,8,8,8,10980.4
compiled,on,8,345,0,0,8,8,8,10980.6
compiled,on,8,346,0,0,8,8,8,10983.8
compiled,on,8,347,0,0,8,8,8,10989.7
compiled,on,8,348,0,0,8,8,8,11003.0
compiled,on,8,349,0,0,8,8,8,10988.4
compiled,on,8,350,0,0,8,8,8,10989.6
compiled,on,8,351,0,0,8,8,8,10977.0
compiled,on,8,352,0,0,8,8,8,10980.5
compiled,on,8,353,0,0,8,8,8,10988.4
compiled,on,8,354,0,0,8,8,8,10981.6
compiled,on,8,355,0,0,8,8,8,10978.8
compiled,on,8,356,0,0,8,8,8,10976.9
compiled,on,8,357,0,0,8,8,8,10992.4
compiled,on,8,358,0,0,8,8,8,10992.2
compiled,on,8,359,0,0,8,8,8,10996.1
compiled,on,8,360,0,0,8,8,8,10981.7
compiled,on,8,361,0,0,8,8,8,10977.9
compiled,on,8,362,0,0,8,8,8,10989.8
compiled,on,8,363,0,0,8,8,8,10988.0
compiled,on,8,364,0,0,8,8,8,10985.4
compiled,on,8,365,0,0,8,8,8,10993.5
compiled,on,8,366,0,0,8,8,8,10980.4
compiled,on,8,367,0,0,8,8,8,10992.6
compiled,on,8,368,0,0,8,8,8,10988.2
compiled,on,8,369,0,0,8,8,8,10993.3
compiled,on,8,370,0,0,8,8,8,10993.4
compiled,on,8,371,0,0,8,8,8,10987.3
compiled,on,8,372,0,0,8,8,8,10979.1
compiled,on,8,373,0,0,8,8,8,10986.9
compiled,on,8,374,0,0,8,8,8,10988.8
compiled,on,8,375,0,0,8,8,8,10988.2
compiled,on,8,376,0,0,8,8,8,10990.0
compiled,on,8,377,0,0,8,8,8,10988.4
compiled,on,8,378,0,0,8,8,8,10991.3
compiled,on,8,379,0,0,7,7,7,10889.5
compiled,on,8,380,0,0,6,6,6,10776.1
compiled,on,8,381,1,1568,4,4,1572,160598.4
compiled,on,8,382,2,1069,2,2,1071,183241.6
compiled,on,32,0,9,2935,23,23,2958,194839.7
compiled,on,32,1,1,536,31,31,567,179640.5
compiled,on,32,2,0,0,32,32,32,17901.2
compiled,on,32,3,0,0,32,32,32,14025.8
compiled,on,32,4,0,0,32,32,32,14024.3
compiled,on,32,5,0,0,32,32,32,14040.8
compiled,on,32,6,0,0,32,32,32,14111.9
compiled,on,32,7,0,0,32,32,32,14018.4
compiled,on,32,8,0,0,32,32,32,14020.6
compiled,on,32,9,0,0,32,32,32,14044.1
compiled,on,32,10,0,0,32,32,32,14032.9
compiled,on,32,11,0,0,32,32,32,14036.1
compiled,on,32,12,0,0,32,32,32,14037.4
compiled,on,32,13,0,0,32,32,32,13998.9
compiled,on,32,14,0,0,32,32,32,14008.9
compiled,on,32,15,0,0,32,32,32,13996.5
compiled,on,32,16,0,0,32,32,32,13982.6
compiled,on,32,17,0,0,32,32,32,13989.8
compiled,on,32,18,0,0,32,32,32,13995.5
compiled,on,32,19,0,0,32,32,32,13980.1
compiled,on,32,20,0,0,32,32,32,13977.6
compiled,on,32,21,0,0,32,32,32,14004.6
compiled,on,32,22,0,0,32,32,32,13989.8
compiled,on,32,23,0,0,32,32,32,14001.7
compiled,on,32,24,0,0,32,32,32,13993.4
compiled,on,32,25,0,0,32,32,32,13992.5
compiled,on,32,26,0,0,32,32,32,14014.1
compiled,on,32,27,0,0,32,32,32,13984.7
compiled,on,32,28,0,0,32,32,32,14005.3
compiled,on,32,29,0,0,32,32,32,14032.0
compiled,on,32,30,0,0,32,32,32,13997.5
compiled,on,32,31,0,0,32,32,32,14012.7
compiled,on,32,32,0,0,32,32,32,14008.4
compiled,on,32,33,0,0,32,32,32,14016.7
compiled,on,32,34,0,0,32,32,32,14008.2
compiled,on,32,35,0,0,32,32,32,13996.9
compiled,on,32,36,0,0,32,32,32,14130.7
compiled,on,32,37,0,0,32,32,32,14028.4
compiled,on,32,38,0,0,32,32,32,14049.9
compiled,on,32,39,0,0,32,32,32,14029.5
compiled,on,32,40,0,0,32,32,32,14050.9
compiled,on,32,41,0,0,32,32,32,14055.4
compiled,on,32,42,0,0,32,32,32,14032.8
compiled,on,32,43,0,0,32,32,32,14029.7
compiled,on,32,44,0,0,32,32,32,14043.1
compiled,on,32,45,0,0,32,32,32,14036.3
compiled,on,32,46,0,0,32,32,32,14038.5
compiled,on,32,47,0,0,32,32,32,14018.6
compiled,on,32,48,0,0,32,32,32,14053.0
compiled,on,32,49,0,0,32,32,32,14037.3
compiled,on,32,50,0,0,32,32,32,14049.8
compiled,on,32,51,0,0,32,32,32,14040.2
compiled,on,32,52,0,0,32,32,32,14049.4
compiled,on,32,53,0,0,32,32,32,14037.1
compiled,on,32,54,0,0,32,32,32,14044.1
compiled,on,32,55,0,0,32,32,32,14053.7
compiled,on,32,56,0,0,32,32,32,14040.3
compiled,on,32,57,0,0,32,32,32,14046.1
compiled,on,32,58,0,0,32,32,32,14052.3
compiled,on,32,59,0,0,32,32,32,14056.9
compiled,on,32,60,0,0,32,32,32,14037.4
compiled,on,32,61,0,0,32,32,32,14029.4
compiled,on,32,62,0,0,32,32,32,14050.9
compiled,on,32,63,0,0,32,32,32,14062.3
compiled,on,32,64,0,0,32,32,32,14049.9
compiled,on,32,65,0,0,32,32,32,14060.3
compiled,on,32,66,0,0,32,32,32,14058.5
compiled,on,32,67,0,0,32,32,32,14056.8
compiled,on,32,68,0,0,32,32,32,14050.6
compiled,on,32,69,0,0,32,32,32,14059.3
compiled,on,32,70,0,0,32,32,32,14037.8
compiled,on,32,71,0,0,32,32,32,14028.9
compiled,on,32,72,0,0,32,32,32,14040.5
compiled,on,32,73,0,0,32,32,32,14051.4
compiled,on,32,74,0,0,32,32,32,14040.3
compiled,on,32,75,0,0,32,32,32,14049.8
compiled,on,32,76,0,0,32,32,32,14050.3
compiled,on,32,77,0,0,32,32,32,14158.2
compiled,on,32,78,0,0,32,32,32,14063.8
compiled,on,32,79,0,0,32,32,32,14064.6
compiled,on,32,80,0,0,32,32,32,14061.7
compiled,on,32,81,0,0,32,32,32,14050.2
compiled,on,32,82,0,0,32,32,32,14053.5
compiled,on,32,83,0,0,32,32,32,14048.3
compiled,on,32,84,0,0,32,32,32,14052.4
compiled,on,32,85,0,0,32,32,32,14040.3
compiled,on,32,86,0,0,32,32,32,14057.8
compiled,on,32,87,0,0,32,32,32,14050.2
compiled,on,32,88,0,0,32,32,32,14056.2
compiled,on,32,89,0,0,32,32,32,14067.2
compiled,on,32,90,0,0,32,32,32,14051.6
compiled,on,32,91,0,0,32,32,32,14071.3
compiled,on,32,92,0,0,32,32,32,14059.3
compiled,on,32,93,0,0,32,32,32,14057.5
compiled,on,32,94,0,0,32,32,32,14045.0
compiled,on,32,95,0,0,32,32,32,14040.8
compiled,on,32,96,0,0,32,32,32,14049.3
compiled,on,32,97,0,0,32,32,32,14068.6
compiled,on,32,98,0,0,32,32,32,14063.5
compiled,on,32,99,0,0,32,32,32,14058.1
compiled,on,32,100,0,0,32,32,32,14063.0
compiled,on,32,101,0,0,32,32,32,14066.8
compiled,on,32,102,0,0,32,32,32,14067.0
compiled,on,32,103,0,0,32,32,32,14071.4
compiled,on,32,104,0,0,32,32,32,14068.2
compiled,on,32,105,0,0,32,32,32,14074.2
compiled,on,32,106,0,0,32,32,32,14061.6
compiled,on,32,107,0,0,32,32,32,14072.4
compiled,on,32,108,0,0,32,32,32,14075.3
compiled,on,32,109,0,0,32,32,32,14070.4
compiled,on,32,110,0,0,32,32,32,14061.6
compiled,on,32,111,0,0,32,32,32,14069.0
compiled,on,32,112,0,0,32,32,32,14066.4
compiled,on,32,113,0,0,32,32,32,14065.5
compiled,on,32,114,0,0,32,32,32,14049.4
compiled,on,32,115,0,0,32,32,32,14069.5
compiled,on,32,116,0,0,32,32,32,14077.4
compiled,on,32,117,0,0,32,32,32,14156.2
compiled,on,32,118,0,0,32,32,32,14095.2
compiled,on,32,119,0,0,32,32,32,14110.7
compiled,on,32,120,0,0,32,32,32,14117.4
compiled,on,32,121,0,0,32,32,32,14103.3
compiled,on,32,122,0,0,32,32,32,14109.6
compiled,on,32,123,0,0,29,29,29,13927.9
compiled,on,32,124,0,0,26,26,26,13666.9
compiled,on,32,125,2,1568,19,19,1587,174746.7
compiled,on,32,126,6,3267,13,13,3280,186114.0
compiled,on,32,127,10,7738,12,12,7750,432792.6
compiled,on,32,128,11,6842,9,9,6851,393116.1
compiled,on,32,129,7,2691,16,16,2707,165885.4
compiled,on,32,130,10,6133,21,21,6154,338386.0
compiled,on,32,131,4,1117,28,28,1145,99442.2
compiled,on,32,132,0,0,32,32,32,17770.3
compiled,on,32,133,0,0,32,32,32,14117.2
compiled,on,32,134,0,0,32,32,32,14028.3
compiled,on,32,135,0,0,32,32,32,14007.6
compiled,on,32,136,0,0,32,32,32,13982.5
compiled,on,32,137,0,0,32,32,32,13977.1
compiled,on,32,138,0,0,32,32,32,13980.4
compiled,on,32,139,0,0,32,32,32,13980.8
compiled,on,32,140,0,0,32,32,32,13993.1
compiled,on,32,141,0,0,32,32,32,13987.0
compiled,on,32,142,0,0,32,32,32,13989.9
compiled,on,32,143,0,0,32,32,32,14010.8
compiled,on,32,144,0,0,32,32,32,14000.5
compiled,on,32,145,0,0,32,32,32,14026.4
compiled,on,32,146,0,0,32,32,32,14004.8
compiled,on,32,147,0,0,32,32,32,14015.3
compiled,on,32,148,0,0,32,32,32,14025.9
compiled,on,32,149,0,0,32,32,32,14000.5
compiled,on,32,150,0,0,32,32,32,14013.2
compiled,on,32,151,0,0,32,32,32,14019.2
compiled,on,32,152,0,0,32,32,32,14096.2
compiled,on,32,153,0,0,32,32,32,14080.5
compiled,on,32,154,0,0,32,32,32,14053.3
compiled,on,32,155,0,0,32,32,32,14038.1
compiled,on,32,156,0,0,32,32,32,14029.4
compiled,on,32,157,0,0,32,32,32,14044.8
compiled,on,32,158,0,0,32,32,32,14036.0
compiled,on,32,159,0,0,32,32,32,14039.3
compiled,on,32,160,0,0,32,32,32,14140.0
compiled,on,32,161,0,0,32,32,32,14056.7
compiled,on,32,162,0,0,32,32,32,14052.3
compiled,on,32,163,0,0,32,32,32,14048.8
compiled,on,32,164,0,0,32,32,32,14035.5
compiled,on,32,165,0,0,32,32,32,14043.6
compiled,on,32,166,0,0,32,32,32,14035.2
compiled,on,32,167,0,0,32,32,32,14053.9
compiled,on,32,168,0,0,32,32,32,14052.6
compiled,on,32,169,0,0,32,32,32,14065.3
compiled,on,32,170,0,0,32,32,32,14060.0
compiled,on,32,171,0,0,32,32,32,14045.4
compiled,on,32,172,0,0,32,32,32,14053.6
compiled,on,32,173,0,0,32,32,32,14037.7
compiled,on,32,174,0,0,32,32,32,14053.2
compiled,on,32,175,0,0,32,32,32,14034.6
compiled,on,32,176,0,0,32,32,32,14051.0
compiled,on,32,177,0,0,32,32,32,14031.9
compiled,on,32,178,0,0,32,32,32,14050.3
compiled,on,32,179,0,0,32,32,32,14060.8
compiled,on,32,180,0,0,32,32,32,14051.2
compiled,on,32,181,0,0,32,32,32,14051.9
compiled,on,32,182,0,0,32,32,32,14060.1
compiled,on,32,183,0,0,32,32,32,14053.8
compiled,on,32,184,0,0,32,32,32,14048.7
compiled,on,32,185,0,0,32,32,32,14057.9
compiled,on,32,186,0,0,32,32,32,14043.8
compiled,on,32,187,0,0,32,32,32,14051.0
compiled,on,32,188,0,0,32,32,32,14043.6
compiled,on,32,189,0,0,32,32,32,14050.1
compiled,on,32,190,0,0,32,32,32,14068.4
compiled,on,32,191,0,0,32,32,32,14053.5
compiled,on,32,192,0,0,32,32,32,14051.9
compiled,on,32,193,0,0,32,32,32,14057.2
compiled,on,32,194,0,0,32,32,32,14043.8
compiled,on,32,195,0,0,32,32,32,14055.2
compiled,on,32,196,0,0,32,32,32,14011.5
compiled,on,32,197,0,0,32,32,32,13989.2
compiled,on,32,198,0,0,32,32,32,14010.1
compiled,on,32,199,0,0,32,32,32,13995.1
compiled,on,32,200,0,0,32,32,32,14029.8
compiled,on,32,201,0,0,32,32,32,14004.1
compiled,on,32,202,0,0,32,32,32,13990.8
compiled,on,32,203,0,0,32,32,32,14003.4
compiled,on,32,204,0,0,32,32,32,13999.1
compiled,on,32,205,0,0,32,32,32,14006.9
compiled,on,32,206,0,0,32,32,32,14009.2
compiled,on,32,207,0,0,32,32,32,14027.0
compiled,on,32,208,0,0,32,32,32,14008.7
compiled,on,32,209,0,0,32,32,32,14020.6
compiled,on,32,210,0,0,32,32,32,14012.0
compiled,on,32,211,0,0,32,32,32,14025.0
compiled,on,32,212,0,0,32,32,32,14016.4
compiled,on,32,213,0,0,32,32,32,14002.6
compiled,on,32,214,0,0,32,32,32,14005.7
compiled,on,32,215,0,0,32,32,32,14013.6
compiled,on,32,216,0,0,32,32,32,14022.8
compiled,on,32,217,0,0,32,32,32,14018.1
compiled,on,32,218,0,0,32,32,32,14028.6
compiled,on,32,219,0,0,32,32,32,14031.3
compiled,on,32,220,0,0,32,32,32,14025.4
compiled,on,32,221,0,0,32,32,32,14014.0
compiled,on,32,222,0,0,32,32,32,14011.4
compiled,on,32,223,0,0,32,32,32,13972.0
compiled,on,32,224,0,0,32,32,32,14059.2
compiled,on,32,225,0,0,32,32,32,14093.3
compiled,on,32,226,0,0,32,32,32,14090.4
compiled,on,32,227,0,0,32,32,32,14067.8
compiled,on,32,228,0,0,32,32,32,14081.3
compiled,on,32,229,0,0,32,32,32,14085.9
compiled,on,32,230,0,0,32,32,32,14095.5
compiled,on,32,231,0,0,32,32,32,14088.8
compiled,on,32,232,0,0,32,32,32,14094.8
compiled,on,32,233,0,0,32,32,32,14087.1
compiled,on,32,234,0,0,32,32,32,14089.4
compiled,on,32,235,0,0,32,32,32,14088.2
compiled,on,32,236,0,0,32,32,32,14088.6
compiled,on,32,237,0,0,32,32,32,14087.7
compiled,on,32,238,0,0,32,32,32,14077.2
compiled,on,32,239,0,0,32,32,32,14083.6
compiled,on,32,240,0,0,32,32,32,14099.7
compiled,on,32,241,0,0,32,32,32,14093.0
compiled,on,32,242,0,0,32,32,32,14089.2
compiled,on,32,243,0,0,32,32,32,14095.1
compiled,on,32,244,0,0,32,32,32,14096.7
compiled,on,32,245,0,0,32,32,32,14094.6
compiled,on,32,246,0,0,32,32,32,14093.1
compiled,on,32,247,0,0,32,32,32,14092.8
compiled,on,32,248,0,0,32,32,32,14089.2
compiled,on,32,249,0,0,32,32,32,14097.2
compiled,on,32,250,0,0,32,32,32,14172.6
compiled,on,32,251,0,0,32,32,32,14102.6
compiled,on,32,252,0,0,32,32,32,14104.0
compiled,on,32,253,0,0,32,32,32,14104.3
compiled,on,32,254,0,0,29,29,29,13770.7
compiled,on,32,255,0,0,24,24,24,13188.2
compiled,on,32,256,3,2517,16,16,2533,176411.0
compiled,on,128,0,9,8086,86,86,8172,453256.2
compiled,on,128,1,7,7849,93,93,7942,462099.9
compiled,on,128,2,13,7891,97,97,7988,454571.4
compiled,on,128,3,11,7946,106,106,8052,445074.9
compiled,on,128,4,11,7807,113,113,7920,452953.0
compiled,on,128,5,10,7141,118,118,7259,405101.3
compiled,on,128,6,3,452,125,125,577,106666.4
compiled,on,128,7,0,0,128,128,128,28524.7
compiled,on,128,8,0,0,128,128,128,24233.3
compiled,on,128,9,0,0,128,128,128,24236.6
compiled,on,128,10,0,0,128,128,128,24267.6
compiled,on,128,11,0,0,128,128,128,24284.0
compiled,on,128,12,0,0,128,128,128,24269.4
compiled,on,128,13,0,0,128,128,128,24307.7
compiled,on,128,14,0,0,128,128,128,24313.8
compiled,on,128,15,0,0,128,128,128,24319.1
compiled,on,128,16,0,0,128,128,128,24270.4
compiled,on,128,17,0,0,128,128,128,24273.5
compiled,on,128,18,0,0,128,128,128,24312.7
compiled,on,128,19,0,0,128,128,128,24299.8
compiled,on,128,20,0,0,128,128,128,24281.2
compiled,on,128,21,0,0,128,128,128,24340.8
compiled,on,128,22,0,0,128,128,128,24288.0
compiled,on,128,23,0,0,128,128,128,24291.1
compiled,on,128,24,0,0,128,128,128,24360.3
compiled,on,128,25,0,0,128,128,128,24323.2
compiled,on,128,26,0,0,128,128,128,24346.3
compiled,on,128,27,0,0,128,128,128,24284.4
compiled,on,128,28,0,0,128,128,128,24290.7
compiled,on,128,29,0,0,128,128,128,24384.6
compiled,on,128,30,0,0,128,128,128,24438.4
compiled,on,128,31,0,0,128,128,128,24414.5
compiled,on,128,32,0,0,128,128,128,24390.7
compiled,on,128,33,0,0,128,128,128,24365.7
compiled,on,128,34,0,0,128,128,128,24371.9
compiled,on,128,35,0,0,128,128,128,24374.6
compiled,on,128,36,0,0,128,128,128,24350.7
compiled,on,128,37,0,0,128,128,128,24343.3
compiled,on,128,38,0,0,128,128,128,24554.8
compiled,on,128,39,0,0,128,128,128,25102.0
compiled,on,128,40,0,0,128,128,128,26108.2
compiled,on,128,41,0,0,128,128,128,27204.7
compiled,on,128,42,0,0,128,128,128,27587.1
compiled,on,128,43,0,0,128,128,128,27186.1
compiled,on,128,44,0,0,128,128,128,27098.2
compiled,on,128,45,0,0,128,128,128,26697.6
compiled,on,128,46,0,0,128,128,128,25944.6
compiled,on,128,47,0,0,128,128,128,25409.6
compiled,on,128,48,0,0,128,128,128,25159.1
compiled,on,128,49,0,0,128,128,128,24910.5
compiled,on,128,50,0,0,128,128,128,24662.9
compiled,on,128,51,0,0,128,128,128,24510.5
compiled,on,128,52,0,0,128,128,128,24460.9
compiled,on,128,53,0,0,128,128,128,24455.3
compiled,on,128,54,0,0,128,128,128,24463.4
compiled,on,128,55,0,0,128,128,128,24419.7
compiled,on,128,56,0,0,128,128,128,24434.2
compiled,on,128,57,0,0,128,128,128,24449.1
compiled,on,128,58,0,0,128,128,128,24476.8
compiled,on,128,59,0,0,128,128,128,24533.0
compiled,on,128,60,0,0,128,128,128,24468.2
compiled,on,128,61,0,0,128,128,128,24465.9
compiled,on,128,62,0,0,128,128,128,24379.8
compiled,on,128,63,0,0,128,128,128,24477.0
compiled,on,128,64,0,0,128,128,128,24469.7
compiled,on,128,65,0,0,128,128,128,24435.3
compiled,on,128,66,0,0,128,128,128,24519.7
compiled,on,128,67,0,0,128,128,128,24463.7
compiled,on,128,68,0,0,128,128,128,24471.2
compiled,on,128,69,0,0,128,128,128,24466.6
compiled,on,128,70,0,0,128,128,128,24369.3
compiled,on,128,71,0,0,128,128,128,24369.5
compiled,on,128,72,0,0,128,128,128,24407.7
compiled,on,128,73,0,0,128,128,128,24448.4
compiled,on,128,74,0,0,128,128,128,24549.0
compiled,off,1,0,0,0,1,1,1,12569.4
compiled,off,1,1,0,0,1,1,1,9592.6
compiled,off,1,2,0,0,1,1,1,9588.4
compiled,off,1,3,0,0,1,1,1,9586.7
compiled,off,1,4,0,0,1,1,1,9578.4
compiled,off,1,5,0,0,1,1,1,9570.4
compiled,off,1,6,0,0,1,1,1,9579.2
compiled,off,1,7,0,0,1,1,1,9580.9
compiled,off,1,8,0,0,1,1,1,9576.8
compiled,off,1,9,0,0,1,1,1,9554.1
compiled,off,1,10,0,0,1,1,1,9564.0
compiled,off,1,11,0,0,1,1,1,9565.8
compiled,off,1,12,0,0,1,1,1,9558.1
compiled,off,1,13,0,0,1,1,1,9569.6
compiled,off,1,14,0,0,1,1,1,9569.9
compiled,off,1,15,0,0,1,1,1,9567.0
compiled,off,1,16,0,0,1,1,1,9575.5
compiled,off,1,17,0,0,1,1,1,9580.5
compiled,off,1,18,0,0,1,1,1,9574.8
compiled,off,1,19,0,0,1,1,1,9578.2
compiled,off,1,20,0,0,1,1,1,9583.9
compiled,off,1,21,0,0,1,1,1,9571.4
compiled,off,1,22,0,0,1,1,1,9587.0
compiled,off,1,23,0,0,1,1,1,9577.9
compiled,off,1,24,0,0,1,1,1,9575.7
compiled,off,1,25,0,0,1,1,1,9587.2
compiled,off,1,26,0,0,1,1,1,9581.2
compiled,off,1,27,0,0,1,1,1,9583.2
compiled,off,1,28,0,0,1,1,1,9582.8
compiled,off,1,29,0,0,1,1,1,9579.9
compiled,off,1,30,0,0,1,1,1,9569.0
compiled,off,1,31,0,0,1,1,1,9579.2
compiled,off,1,32,0,0,1,1,1,9571.8
compiled,off,1,33,0,0,1,1,1,9579.5
compiled,off,1,34,0,0,1,1,1,9571.3
compiled,off,1,35,0,0,1,1,1,9581.0
compiled,off,1,36,0,0,1,1,1,9592.9
compiled,off,1,37,0,0,1,1,1,9568.3
compiled,off,1,38,0,0,1,1,1,9589.1
compiled,off,1,39,0,0,1,1,1,9571.3
compiled,off,1,40,0,0,1,1,1,9571.8
compiled,off,1,41,0,0,1,1,1,9585.0
compiled,off,1,42,0,0,1,1,1,9572.0
compiled,off,1,43,0,0,1,1,1,9578.8
compiled,off,1,44,0,0,1,1,1,9583.8
compiled,off,1,45,0,0,1,1,1,9584.7
compiled,off,1,46,0,0,1,1,1,9585.6
compiled,off,1,47,0,0,1,1,1,9578.6
compiled,off,1,48,0,0,1,1,1,9581.0
compiled,off,1,49,0,0,1,1,1,9592.1
compiled,off,1,50,0,0,1,1,1,9577.8
compiled,off,1,51,0,0,1,1,1,9590.8
compiled,off,1,52,0,0,1,1,1,9575.4
compiled,off,1,53,0,0,1,1,1,9573.4
compiled,off,1,54,0,0,1,1,1,9577.3
compiled,off,1,55,0,0,1,1,1,9585.4
compiled,off,1,56,0,0,1,1,1,9582.2
compiled,off,1,57,0,0,1,1,1,9574.1
compiled,off,1,58,0,0,1,1,1,9591.2
compiled,off,1,59,0,0,1,1,1,9585.0
compiled,off,1,60,0,0,1,1,1,9581.2
compiled,off,1,61,0,0,1,1,1,9578.7
compiled,off,1,62,0,0,1,1,1,9573.9
compiled,off,1,63,0,0,1,1,1,9576.7
compiled,off,1,64,0,0,1,1,1,9576.0
compiled,off,1,65,0,0,1,1,1,9584.9
compiled,off,1,66,0,0,1,1,1,9579.0
compiled,off,1,67,0,0,1,1,1,9578.1
compiled,off,1,68,0,0,1,1,1,9581.1
compiled,off,1,69,0,0,1,1,1,9578.3
compiled,off,1,70,0,0,1,1,1,9579.7
compiled,off,1,71,0,0,1,1,1,9581.1
compiled,off,1,72,0,0,1,1,1,9588.2
compiled,off,1,73,0,0,1,1,1,9578.3
compiled,off,1,74,0,0,1,1,1,9582.4
compiled,off,1,75,0,0,1,1,1,9575.2
compiled,off,1,76,0,0,1,1,1,9568.8
compiled,off,1,77,0,0,1,1,1,9565.1
compiled,off,1,78,0,0,1,1,1,9578.9
compiled,off,1,79,0,0,1,1,1,9565.8
compiled,off,1,80,0,0,1,1,1,9571.8
compiled,off,1,81,0,0,1,1,1,9577.6
compiled,off,1,82,0,0,1,1,1,9575.7
compiled,off,1,83,0,0,1,1,1,9579.2
compiled,off,1,84,0,0,1,1,1,9589.8
compiled,off,1,85,0,0,1,1,1,9582.8
compiled,off,1,86,0,0,1,1,1,9581.1
compiled,off,1,87,0,0,1,1,1,9582.5
compiled,off,1,88,0,0,1,1,1,9579.3
compiled,off,1,89,0,0,1,1,1,9586.5
compiled,off,1,90,0,0,1,1,1,9580.7
compiled,off,1,91,0,0,1,1,1,9590.0
compiled,off,1,92,0,0,1,1,1,9584.0
compiled,off,1,93,0,0,1,1,1,9576.2
compiled,off,1,94,0,0,1,1,1,9569.2
compiled,off,1,95,0,0,1,1,1,9576.2
compiled,off,1,96,0,0,1,1,1,9580.2
compiled,off,1,97,0,0,1,1,1,9588.5
compiled,off,1,98,0,0,1,1,1,9575.7
compiled,off,1,99,0,0,1,1,1,9565.2
compiled,off,1,100,0,0,1,1,1,9587.7
compiled,off,1,101,0,0,1,1,1,9589.0
compiled,off,1,102,0,0,1,1,1,9587.1
compiled,off,1,103,0,0,1,1,1,9591.0
compiled,off,1,104,0,0,1,1,1,9591.5
compiled,off,1,105,0,0,1,1,1,9587.1
compiled,off,1,106,0,0,1,1,1,9584.3
compiled,off,1,107,0,0,1,1,1,9592.4
compiled,off,1,108,0,0,1,1,1,9587.4
compiled,off,1,109,0,0,1,1,1,9577.4
compiled,off,1,110,0,0,1,1,1,9589.4
compiled,off,1,111,0,0,1,1,1,9583.9
compiled,off,1,112,0,0,1,1,1,9574.6
compiled,off,1,113,0,0,1,1,1,9582.0
compiled,off,1,114,0,0,1,1,1,9585.2
compiled,off,1,115,0,0,1,1,1,9584.7
compiled,off,1,116,0,0,1,1,1,9581.4
compiled,off,1,117,0,0,1,1,1,9573.5
compiled,off,1,118,0,0,1,1,1,9574.1
compiled,off,1,119,0,0,1,1,1,9578.3
compiled,off,1,120,0,0,1,1,1,9590.4
compiled,off,1,121,0,0,1,1,1,9588.1
compiled,off,1,122,0,0,1,1,1,9580.2
compiled,off,1,123,0,0,1,1,1,9597.5
compiled,off,1,124,0,0,1,1,1,9581.1
compiled,off,1,125,0,0,1,1,1,9581.7
compiled,off,1,126,0,0,1,1,1,9578.4
compiled,off,1,127,1,723,0,0,723,164203.1
compiled,off,1,128,0,0,1,1,1,12104.1
compiled,off,1,129,0,0,1,1,1,9577.3
compiled,off,1,130,0,0,1,1,1,9569.4
compiled,off,1,131,0,0,1,1,1,9566.4
compiled,off,1,132,0,0,1,1,1,9577.1
compiled,off,1,133,0,0,1,1,1,9578.3
compiled,off,1,134,0,0,1,1,1,9573.9
compiled,off,1,135,0,0,1,1,1,9589.1
compiled,off,1,136,0,0,1,1,1,9582.5
compiled,off,1,137,0,0,1,1,1,9576.3
compiled,off,1,138,0,0,1,1,1,9586.7
compiled,off,1,139,0,0,1,1,1,9589.5
compiled,off,1,140,0,0,1,1,1,9585.8
compiled,off,1,141,0,0,1,1,1,9570.2
compiled,off,1,142,0,0,1,1,1,9578.4
compiled,off,1,143,0,0,1,1,1,9581.9
compiled,off,1,144,0,0,1,1,1,9590.5
compiled,off,1,145,0,0,1,1,1,9593.9
compiled,off,1,146,0,0,1,1,1,9595.6
compiled,off,1,147,0,0,1,1,1,9588.5
compiled,off,1,148,0,0,1,1,1,9584.6
compiled,off,1,149,0,0,1,1,1,9591.9
compiled,off,1,150,0,0,1,1,1,9579.2
compiled,off,1,151,0,0,1,1,1,9590.9
compiled,off,1,152,0,0,1,1,1,9600.2
compiled,off,1,153,0,0,1,1,1,9585.4
compiled,off,1,154,0,0,1,1,1,9585.9
compiled,off,1,155,0,0,1,1,1,9597.0
compiled,off,1,156,0,0,1,1,1,9578.7
compiled,off,1,157,0,0,1,1,1,9597.2
compiled,off,1,158,0,0,1,1,1,9597.5
compiled,off,1,159,0,0,1,1,1,9582.0
compiled,off,1,160,0,0,1,1,1,9597.7
compiled,off,1,161,0,0,1,1,1,9582.4
compiled,off,1,162,0,0,1,1,1,9585.0
compiled,off,1,163,0,0,1,1,1,9593.4
compiled,off,1,164,0,0,1,1,1,9581.1
compiled,off,1,165,0,0,1,1,1,9595.8
compiled,off,1,166,0,0,1,1,1,9589.8
compiled,off,1,167,0,0,1,1,1,9579.3
compiled,off,1,168,0,0,1,1,1,9601.8
compiled,off,1,169,0,0,1,1,1,9586.7
compiled,off,1,170,0,0,1,1,1,9584.6
compiled,off,1,171,0,0,1,1,1,9580.0
compiled,off,1,172,0,0,1,1,1,9604.2
compiled,off,1,173,0,0,1,1,1,9588.6
compiled,off,1,174,0,0,1,1,1,9587.8
compiled,off,1,175,0,0,1,1,1,9597.6
compiled,off,1,176,0,0,1,1,1,9595.4
compiled,off,1,177,0,0,1,1,1,9598.6
compiled,off,1,178,0,0,1,1,1,9593.7
compiled,off,1,179,0,0,1,1,1,9599.2
compiled,off,1,180,0,0,1,1,1,9588.6
compiled,off,1,181,0,0,1,1,1,9581.3
compiled,off,1,182,0,0,1,1,1,9583.1
compiled,off,1,183,0,0,1,1,1,9591.3
compiled,off,1,184,0,0,1,1,1,9599.7
compiled,off,1,185,0,0,1,1,1,9581.4
compiled,off,1,186,0,0,1,1,1,9589.1
compiled,off,1,187,0,0,1,1,1,9579.6
compiled,off,1,188,0,0,1,1,1,9576.3
compiled,off,1,189,0,0,1,1,1,9616.2
compiled,off,1,190,0,0,1,1,1,9584.3
compiled,off,1,191,0,0,1,1,1,9595.3
compiled,off,1,192,0,0,1,1,1,9578.7
compiled,off,1,193,0,0,1,1,1,9586.5
compiled,off,1,194,0,0,1,1,1,9586.2
compiled,off,1,195,0,0,1,1,1,9598.0
compiled,off,1,196,0,0,1,1,1,9608.1
compiled,off,1,197,0,0,1,1,1,9588.2
compiled,off,1,198,0,0,1,1,1,9584.9
compiled,off,1,199,0,0,1,1,1,9574.9
compiled,off,1,200,0,0,1,1,1,9586.1
compiled,off,1,201,0,0,1,1,1,9594.2
compiled,off,1,202,0,0,1,1,1,9597.0
compiled,off,1,203,0,0,1,1,1,9586.4
compiled,off,1,204,0,0,1,1,1,9599.4
compiled,off,1,205,0,0,1,1,1,9600.0
compiled,off,1,206,0,0,1,1,1,9587.2
compiled,off,1,207,0,0,1,1,1,9587.8
compiled,off,1,208,0,0,1,1,1,9592.0
compiled,off,1,209,0,0,1,1,1,9590.4
compiled,off,1,210,0,0,1,1,1,9596.4
compiled,off,1,211,0,0,1,1,1,9593.0
compiled,off,1,212,0,0,1,1,1,9599.6
compiled,off,1,213,0,0,1,1,1,9579.4
compiled,off,1,214,0,0,1,1,1,9585.2
compiled,off,1,215,0,0,1,1,1,9591.4
compiled,off,1,216,0,0,1,1,1,9581.8
compiled,off,1,217,0,0,1,1,1,9597.3
compiled,off,1,218,0,0,1,1,1,9589.0
compiled,off,1,219,0,0,1,1,1,9577.6
compiled,off,1,220,0,0,1,1,1,9583.2
compiled,off,1,221,0,0,1,1,1,9594.8
compiled,off,1,222,0,0,1,1,1,9595.6
compiled,off,1,223,0,0,1,1,1,9592.4
compiled,off,1,224,0,0,1,1,1,9584.9
compiled,off,1,225,0,0,1,1,1,9588.7
compiled,off,1,226,0,0,1,1,1,9582.4
compiled,off,1,227,0,0,1,1,1,9577.1
compiled,off,1,228,0,0,1,1,1,9576.1
compiled,off,1,229,0,0,1,1,1,9581.9
compiled,off,1,230,0,0,1,1,1,9588.3
compiled,off,1,231,0,0,1,1,1,9593.2
compiled,off,1,232,0,0,1,1,1,9599.4
compiled,off,1,233,0,0,1,1,1,9584.6
compiled,off,1,234,0,0,1,1,1,9601.2
compiled,off,1,235,0,0,1,1,1,9602.4
compiled,off,1,236,0,0,1,1,1,9594.5
compiled,off,1,237,0,0,1,1,1,9593.3
compiled,off,1,238,0,0,1,1,1,9594.0
compiled,off,1,239,0,0,1,1,1,9588.8
compiled,off,1,240,0,0,1,1,1,9594.5
compiled,off,1,241,0,0,1,1,1,9585.5
compiled,off,1,242,0,0,1,1,1,9580.9
compiled,off,1,243,0,0,1,1,1,9582.6
compiled,off,1,244,0,0,1,1,1,9594.2
compiled,off,1,245,0,0,1,1,1,9584.3
compiled,off,1,246,0,0,1,1,1,9584.5
compiled,off,1,247,0,0,1,1,1,9584.7
compiled,off,1,248,0,0,1,1,1,9585.3
compiled,off,1,249,0,0,1,1,1,9590.4
compiled,off,1,250,0,0,1,1,1,9598.7
compiled,off,1,251,0,0,1,1,1,9598.0
compiled,off,1,252,0,0,1,1,1,9591.5
compiled,off,1,253,0,0,1,1,1,9585.1
compiled,off,1,254,0,0,1,1,1,9601.2
compiled,off,1,255,1,627,0,0,627,162347.5
compiled,off,1,256,0,0,1,1,1,12200.7
compiled,off,1,257,0,0,1,1,1,9566.5
compiled,off,1,258,0,0,1,1,1,9583.6
compiled,off,1,259,0,0,1,1,1,9568.5
compiled,off,1,260,0,0,1,1,1,9566.0
compiled,off,1,261,0,0,1,1,1,9553.4
compiled,off,1,262,0,0,1,1,1,9570.3
compiled,off,1,263,0,0,1,1,1,9551.8
compiled,off,1,264,0,0,1,1,1,9572.6
compiled,off,1,265,0,0,1,1,1,9561.3
compiled,off,1,266,0,0,1,1,1,9579.3
compiled,off,1,267,0,0,1,1,1,9567.2
compiled,off,1,268,0,0,1,1,1,9556.5
compiled,off,1,269,0,0,1,1,1,9578.2
compiled,off,1,270,0,0,1,1,1,9567.0
compiled,off,1,271,0,0,1,1,1,9577.8
compiled,off,1,272,0,0,1,1,1,9577.2
compiled,off,1,273,0,0,1,1,1,9570.8
compiled,off,1,274,0,0,1,1,1,9565.1
compiled,off,1,275,0,0,1,1,1,9572.8
compiled,off,1,276,0,0,1,1,1,9563.5
compiled,off,1,277,0,0,1,1,1,9578.7
compiled,off,1,278,0,0,1,1,1,9590.9
compiled,off,1,279,0,0,1,1,1,9588.3
compiled,off,1,280,0,0,1,1,1,9573.4
compiled,off,1,281,0,0,1,1,1,9586.5
compiled,off,1,282,0,0,1,1,1,9572.4
compiled,off,1,283,0,0,1,1,1,9586.1
compiled,off,1,284,0,0,1,1,1,9587.2
compiled,off,1,285,0,0,1,1,1,9581.7
compiled,off,1,286,0,0,1,1,1,9588.6
compiled,off,1,287,0,0,1,1,1,9588.2
compiled,off,1,288,0,0,1,1,1,9587.2
compiled,off,1,289,0,0,1,1,1,9579.5
compiled,off,1,290,0,0,1,1,1,9595.2
compiled,off,1,291,0,0,1,1,1,9578.4
compiled,off,1,292,0,0,1,1,1,9582.2
compiled,off,1,293,0,0,1,1,1,9585.3
compiled,off,1,294,0,0,1,1,1,9577.3
compiled,off,1,295,0,0,1,1,1,9592.4
compiled,off,1,296,0,0,1,1,1,9572.8
compiled,off,1,297,0,0,1,1,1,9589.1
compiled,off,1,298,0,0,1,1,1,9581.7
compiled,off,1,299,0,0,1,1,1,9587.9
compiled,off,1,300,0,0,1,1,1,9579.8
compiled,off,1,301,0,0,1,1,1,9584.4
compiled,off,1,302,0,0,1,1,1,9599.6
compiled,off,1,303,0,0,1,1,1,9584.2
compiled,off,1,304,0,0,1,1,1,9584.0
compiled,off,1,305,0,0,1,1,1,9597.4
compiled,off,1,306,0,0,1,1,1,9588.9
compiled,off,1,307,0,0,1,1,1,9595.1
compiled,off,1,308,0,0,1,1,1,9592.1
compiled,off,1,309,0,0,1,1,1,9603.4
compiled,off,1,310,0,0,1,1,1,9591.0
compiled,off,1,311,0,0,1,1,1,9573.0
compiled,off,1,312,0,0,1,1,1,9587.8
compiled,off,1,313,0,0,1,1,1,9586.3
compiled,off,1,314,0,0,1,1,1,9590.8
compiled,off,1,315,0,0,1,1,1,9588.7
compiled,off,1,316,0,0,1,1,1,9602.7
compiled,off,1,317,0,0,1,1,1,9591.1
compiled,off,1,318,0,0,1,1,1,9583.9
compiled,off,1,319,0,0,1,1,1,9589.5
compiled,off,1,320,0,0,1,1,1,9585.5
compiled,off,1,321,0,0,1,1,1,9578.6
compiled,off,1,322,0,0,1,1,1,9587.1
compiled,off,1,323,0,0,1,1,1,9589.7
compiled,off,1,324,0,0,1,1,1,9577.3
compiled,off,1,325,0,0,1,1,1,9599.5
compiled,off,1,326,0,0,1,1,1,9585.9
compiled,off,1,327,0,0,1,1,1,9584.0
compiled,off,1,328,0,0,1,1,1,9582.9
compiled,off,1,329,0,0,1,1,1,9592.5
compiled,off,1,330,0,0,1,1,1,9598.3
compiled,off,1,331,0,0,1,1,1,9586.9
compiled,off,1,332,0,0,1,1,1,9593.5
compiled,off,1,333,0,0,1,1,1,9589.1
compiled,off,1,334,0,0,1,1,1,9579.0
compiled,off,1,335,0,0,1,1,1,9579.6
compiled,off,1,336,0,0,1,1,1,9570.2
compiled,off,1,337,0,0,1,1,1,9580.0
compiled,off,1,338,0,0,1,1,1,9583.5
compiled,off,1,339,0,0,1,1,1,9573.7
compiled,off,1,340,0,0,1,1,1,9593.1
compiled,off,1,341,0,0,1,1,1,9585.6
compiled,off,1,342,0,0,1,1,1,9591.5
compiled,off,1,343,0,0,1,1,1,9579.2
compiled,off,1,344,0,0,1,1,1,9599.4
compiled,off,1,345,0,0,1,1,1,9586.6
compiled,off,1,346,0,0,1,1,1,9582.9
compiled,off,1,347,0,0,1,1,1,9601.2
compiled,off,1,348,0,0,1,1,1,9589.0
compiled,off,1,349,0,0,1,1,1,9582.4
compiled,off,1,350,0,0,1,1,1,9597.2
compiled,off,1,351,0,0,1,1,1,9591.8
compiled,off,1,352,0,0,1,1,1,9578.7
compiled,off,1,353,0,0,1,1,1,9593.8
compiled,off,1,354,0,0,1,1,1,9581.1
compiled,off,1,355,0,0,1,1,1,9580.5
compiled,off,1,356,0,0,1,1,1,9578.9
compiled,off,1,357,0,0,1,1,1,9590.6
compiled,off,1,358,0,0,1,1,1,9588.7
compiled,off,1,359,0,0,1,1,1,9588.9
compiled,off,1,360,0,0,1,1,1,9595.8
compiled,off,1,361,0,0,1,1,1,9581.8
compiled,off,1,362,0,0,1,1,1,9586.0
compiled,off,1,363,0,0,1,1,1,9575.7
compiled,off,1,364,0,0,1,1,1,9586.9
compiled,off,1,365,0,0,1,1,1,9584.4
compiled,off,1,366,0,0,1,1,1,9575.1
compiled,off,1,367,0,0,1,1,1,9586.0
compiled,off,1,368,0,0,1,1,1,9588.4
compiled,off,1,369,0,0,1,1,1,9590.8
compiled,off,1,370,0,0,1,1,1,9577.6
compiled,off,1,371,0,0,1,1,1,9574.3
compiled,off,1,372,0,0,1,1,1,9594.9
compiled,off,1,373,0,0,1,1,1,9596.0
compiled,off,1,374,0,0,1,1,1,9587.1
compiled,off,1,375,0,0,1,1,1,9566.7
compiled,off,1,376,0,0,1,1,1,9586.7
compiled,off,1,377,0,0,1,1,1,9584.9
compiled,off,1,378,0,0,1,1,1,9590.2
compiled,off,1,379,0,0,1,1,1,9598.6
compiled,off,1,380,0,0,1,1,1,9583.2
compiled,off,1,381,0,0,1,1,1,9578.8
compiled,off,1,382,0,0,1,1,1,9584.7
compiled,off,1,383,1,348,0,0,348,89121.4
compiled,off,1,384,0,0,1,1,1,12304.3
compiled,off,1,385,0,0,1,1,1,9552.5
compiled,off,1,386,0,0,1,1,1,9561.0
compiled,off,1,387,0,0,1,1,1,9555.7
compiled,off,1,388,0,0,1,1,1,9559.0
compiled,off,1,389,0,0,1,1,1,9558.0
compiled,off,1,390,0,0,1,1,1,9567.3
compiled,off,1,391,0,0,1,1,1,9562.5
compiled,off,1,392,0,0,1,1,1,9558.7
compiled,off,1,393,0,0,1,1,1,9547.9
compiled,off,1,394,0,0,1,1,1,9562.6
compiled,off,1,395,0,0,1,1,1,9571.1
compiled,off,1,396,0,0,1,1,1,9578.4
compiled,off,1,397,0,0,1,1,1,9573.1
compiled,off,1,398,0,0,1,1,1,9570.9
compiled,off,1,399,0,0,1,1,1,9570.8
compiled,off,1,400,0,0,1,1,1,9585.9
compiled,off,1,401,0,0,1,1,1,9562.7
compiled,off,1,402,0,0,1,1,1,9562.1
compiled,off,1,403,0,0,1,1,1,9577.1
compiled,off,1,404,0,0,1,1,1,9564.6
compiled,off,1,405,0,0,1,1,1,9561.9
compiled,off,1,406,0,0,1,1,1,9569.3
compiled,off,1,407,0,0,1,1,1,9584.6
compiled,off,1,408,0,0,1,1,1,9588.7
compiled,off,1,409,0,0,1,1,1,9583.2
compiled,off,1,410,0,0,1,1,1,9577.9
compiled,off,1,411,0,0,1,1,1,9577.5
compiled,off,1,412,0,0,1,1,1,9586.0
compiled,off,1,413,0,0,1,1,1,9574.4
compiled,off,1,414,0,0,1,1,1,9586.8
compiled,off,1,415,0,0,1,1,1,9581.9
compiled,off,1,416,0,0,1,1,1,9594.4
compiled,off,1,417,0,0,1,1,1,9580.5
compiled,off,1,418,0,0,1,1,1,9578.9
compiled,off,1,419,0,0,1,1,1,9581.0
compiled,off,1,420,0,0,1,1,1,9572.1
compiled,off,1,421,0,0,1,1,1,9566.7
compiled,off,1,422,0,0,1,1,1,9587.8
compiled,off,1,423,0,0,1,1,1,9576.2
compiled,off,1,424,0,0,1,1,1,9583.5
compiled,off,1,425,0,0,1,1,1,9581.0
compiled,off,1,426,0,0,1,1,1,9579.3
compiled,off,1,427,0,0,1,1,1,9580.6
compiled,off,1,428,0,0,1,1,1,9567.5
compiled,off,1,429,0,0,1,1,1,9574.7
compiled,off,1,430,0,0,1,1,1,9585.2
compiled,off,1,431,0,0,1,1,1,9567.1
compiled,off,1,432,0,0,1,1,1,9575.2
compiled,off,1,433,0,0,1,1,1,9583.2
compiled,off,1,434,0,0,1,1,1,9580.0
compiled,off,1,435,0,0,1,1,1,9584.8
compiled,off,1,436,0,0,1,1,1,9579.7
compiled,off,1,437,0,0,1,1,1,9585.2
compiled,off,1,438,0,0,1,1,1,9573.8
compiled,off,1,439,0,0,1,1,1,9593.8
compiled,off,1,440,0,0,1,1,1,9578.2
compiled,off,1,441,0,0,1,1,1,9574.9
compiled,off,1,442,0,0,1,1,1,9586.9
compiled,off,1,443,0,0,1,1,1,9581.8
compiled,off,1,444,0,0,1,1,1,9566.0
compiled,off,1,445,0,0,1,1,1,9587.1
compiled,off,1,446,0,0,1,1,1,9586.8
compiled,off,1,447,0,0,1,1,1,9580.7
compiled,off,1,448,0,0,1,1,1,9576.0
compiled,off,1,449,0,0,1,1,1,9584.9
compiled,off,1,450,0,0,1,1,1,9581.4
compiled,off,1,451,0,0,1,1,1,9577.8
compiled,off,1,452,0,0,1,1,1,9579.3
compiled,off,1,453,0,0,1,1,1,9579.2
compiled,off,1,454,0,0,1,1,1,9577.9
compiled,off,1,455,0,0,1,1,1,9580.2
compiled,off,1,456,0,0,1,1,1,9588.9
compiled,off,1,457,0,0,1,1,1,9581.5
compiled,off,1,458,0,0,1,1,1,9575.9
compiled,off,1,459,0,0,1,1,1,9581.3
compiled,off,1,460,0,0,1,1,1,9586.5
compiled,off,1,461,0,0,1,1,1,9586.0
compiled,off,1,462,0,0,1,1,1,9580.6
compiled,off,1,463,0,0,1,1,1,9586.7
compiled,off,1,464,0,0,1,1,1,9574.3
compiled,off,1,465,0,0,1,1,1,9589.1
compiled,off,1,466,0,0,1,1,1,9584.7
compiled,off,1,467,0,0,1,1,1,9584.4
compiled,off,1,468,0,0,1,1,1,9581.4
compiled,off,1,469,0,0,1,1,1,9586.7
compiled,off,1,470,0,0,1,1,1,9580.1
compiled,off,1,471,0,0,1,1,1,9575.6
compiled,off,1,472,0,0,1,1,1,9592.1
compiled,off,1,473,0,0,1,1,1,9579.1
compiled,off,1,474,0,0,1,1,1,9576.9
compiled,off,1,475,0,0,1,1,1,9592.5
compiled,off,1,476,0,0,1,1,1,9589.0
compiled,off,1,477,0,0,1,1,1,9577.4
compiled,off,1,478,0,0,1,1,1,9587.3
compiled,off,1,479,0,0,1,1,1,9589.4
compiled,off,1,480,0,0,1,1,1,9583.2
compiled,off,1,481,0,0,1,1,1,9568.2
compiled,off,1,482,0,0,1,1,1,9584.7
compiled,off,1,483,0,0,1,1,1,9578.6
compiled,off,1,484,0,0,1,1,1,9571.3
compiled,off,1,485,0,0,1,1,1,9572.1
compiled,off,1,486,0,0,1,1,1,9573.1
compiled,off,1,487,0,0,1,1,1,9586.1
compiled,off,1,488,0,0,1,1,1,9578.4
compiled,off,1,489,0,0,1,1,1,9575.5
compiled,off,1,490,0,0,1,1,1,9577.8
compiled,off,1,491,0,0,1,1,1,9582.3
compiled,off,1,492,0,0,1,1,1,9588.9
compiled,off,1,493,0,0,1,1,1,9590.6
compiled,off,1,494,0,0,1,1,1,9573.5
compiled,off,1,495,0,0,1,1,1,9576.8
compiled,off,1,496,0,0,1,1,1,9576.3
compiled,off,1,497,0,0,1,1,1,9578.1
compiled,off,1,498,0,0,1,1,1,9585.7
compiled,off,1,499,0,0,1,1,1,9577.6
compiled,off,1,500,0,0,1,1,1,9585.8
compiled,off,1,501,0,0,1,1,1,9572.5
compiled,off,1,502,0,0,1,1,1,9579.1
compiled,off,1,503,0,0,1,1,1,9585.7
compiled,off,1,504,0,0,1,1,1,9581.8
compiled,off,1,505,0,0,1,1,1,9577.2
compiled,off,1,506,0,0,1,1,1,9580.5
compiled,off,1,507,0,0,1,1,1,9579.1
compiled,off,1,508,0,0,1,1,1,9584.4
compiled,off,1,509,0,0,1,1,1,9587.2
compiled,off,1,510,0,0,1,1,1,9581.1
compiled,off,1,511,1,153,0,0,153,89482.5
compiled,off,1,512,0,0,1,1,1,14624.1
compiled,off,1,513,0,0,1,1,1,9555.2
compiled,off,1,514,0,0,1,1,1,9545.9
compiled,off,1,515,0,0,1,1,1,9551.5
compiled,off,1,516,0,0,1,1,1,9554.1
compiled,off,1,517,0,0,1,1,1,9547.4
compiled,off,1,518,0,0,1,1,1,9545.2
compiled,off,1,519,0,0,1,1,1,9557.2
compiled,off,1,520,0,0,1,1,1,9554.1
compiled,off,1,521,0,0,1,1,1,9554.0
compiled,off,1,522,0,0,1,1,1,9576.5
compiled,off,1,523,0,0,1,1,1,9554.7
compiled,off,1,524,0,0,1,1,1,9558.5
compiled,off,1,525,0,0,1,1,1,9555.5
compiled,off,1,526,0,0,1,1,1,9566.0
compiled,off,1,527,0,0,1,1,1,9554.9
compiled,off,1,528,0,0,1,1,1,9561.3
compiled,off,1,529,0,0,1,1,1,9565.5
compiled,off,1,530,0,0,1,1,1,9565.4
compiled,off,1,531,0,0,1,1,1,9558.6
compiled,off,1,532,0,0,1,1,1,9572.6
compiled,off,1,533,0,0,1,1,1,9567.7
compiled,off,1,534,0,0,1,1,1,9569.5
compiled,off,1,535,0,0,1,1,1,9571.7
compiled,off,1,536,0,0,1,1,1,9571.6
compiled,off,1,537,0,0,1,1,1,9583.0
compiled,off,8,0,0,0,8,8,8,14022.0
compiled,off,8,1,0,0,8,8,8,10803.8
compiled,off,8,2,0,0,8,8,8,10784.4
compiled,off,8,3,0,0,8,8,8,10777.5
compiled,off,8,4,0,0,8,8,8,10786.4
compiled,off,8,5,0,0,8,8,8,10799.2
compiled,off,8,6,0,0,8,8,8,10782.9
compiled,off,8,7,0,0,8,8,8,10783.7
compiled,off,8,8,0,0,8,8,8,10794.0
compiled,off,8,9,0,0,8,8,8,10806.0
compiled,off,8,10,0,0,8,8,8,10776.3
compiled,off,8,11,0,0,8,8,8,10801.1
compiled,off,8,12,0,0,8,8,8,10801.7
compiled,off,8,13,0,0,8,8,8,10792.8
compiled,off,8,14,0,0,8,8,8,10800.0
compiled,off,8,15,0,0,8,8,8,10802.1
compiled,off,8,16,0,0,8,8,8,10817.0
compiled,off,8,17,0,0,8,8,8,10812.0
compiled,off,8,18,0,0,8,8,8,10806.0
compiled,off,8,19,0,0,8,8,8,10803.3
compiled,off,8,20,0,0,8,8,8,10804.2
compiled,off,8,21,0,0,8,8,8,10812.2
compiled,off,8,22,0,0,8,8,8,10802.4
compiled,off,8,23,0,0,8,8,8,10805.1
compiled,off,8,24,0,0,8,8,8,10809.5
compiled,off,8,25,0,0,8,8,8,10818.1
compiled,off,8,26,0,0,8,8,8,10812.0
compiled,off,8,27,0,0,8,8,8,10815.2
compiled,off,8,28,0,0,8,8,8,10800.8
compiled,off,8,29,0,0,8,8,8,10787.7
compiled,off,8,30,0,0,8,8,8,10799.4
compiled,off,8,31,0,0,8,8,8,10817.0
compiled,off,8,32,0,0,8,8,8,10805.0
compiled,off,8,33,0,0,8,8,8,10809.0
compiled,off,8,34,0,0,8,8,8,10829.4
compiled,off,8,35,0,0,8,8,8,10828.1
compiled,off,8,36,0,0,8,8,8,10818.3
compiled,off,8,37,0,0,8,8,8,10832.2
compiled,off,8,38,0,0,8,8,8,10832.5
compiled,off,8,39,0,0,8,8,8,10799.7
compiled,off,8,40,0,0,8,8,8,10820.6
compiled,off,8,41,0,0,8,8,8,10816.7
compiled,off,8,42,0,0,8,8,8,10811.0
compiled,off,8,43,0,0,8,8,8,10813.4
compiled,off,8,44,0,0,8,8,8,10824.9
compiled,off,8,45,0,0,8,8,8,10814.0
compiled,off,8,46,0,0,8,8,8,10842.5
compiled,off,8,47,0,0,8,8,8,10805.3
compiled,off,8,48,0,0,8,8,8,10808.4
compiled,off,8,49,0,0,8,8,8,10803.5
compiled,off,8,50,0,0,8,8,8,10830.5
compiled,off,8,51,0,0,8,8,8,10815.4
compiled,off,8,52,0,0,8,8,8,10820.7
compiled,off,8,53,0,0,8,8,8,10822.3
compiled,off,8,54,0,0,8,8,8,10823.5
compiled,off,8,55,0,0,8,8,8,10812.7
compiled,off,8,56,0,0,8,8,8,10825.4
compiled,off,8,57,0,0,8,8,8,10821.7
compiled,off,8,58,0,0,8,8,8,10808.9
compiled,off,8,59,0,0,8,8,8,10815.3
compiled,off,8,60,0,0,8,8,8,10812.4
compiled,off,8,61,0,0,8,8,8,10814.3
compiled,off,8,62,0,0,8,8,8,10812.7
compiled,off,8,63,0,0,8,8,8,10810.1
compiled,off,8,64,0,0,8,8,8,10814.7
compiled,off,8,65,0,0,8,8,8,10810.7
compiled,off,8,66,0,0,8,8,8,10829.1
compiled,off,8,67,0,0,8,8,8,10828.8
compiled,off,8,68,0,0,8,8,8,10832.0
compiled,off,8,69,0,0,8,8,8,10826.0
compiled,off,8,70,0,0,8,8,8,10829.8
compiled,off,8,71,0,0,8,8,8,10829.9
compiled,off,8,72,0,0,8,8,8,10825.7
compiled,off,8,73,0,0,8,8,8,10807.8
compiled,off,8,74,0,0,8,8,8,10826.6
compiled,off,8,75,0,0,8,8,8,10824.9
compiled,off,8,76,0,0,8,8,8,10811.1
compiled,off,8,77,0,0,8,8,8,10818.9
compiled,off,8,78,0,0,8,8,8,10826.2
compiled,off,8,79,0,0,8,8,8,10840.1
compiled,off,8,80,0,0,8,8,8,10814.6
compiled,off,8,81,0,0,8,8,8,10815.0
compiled,off,8,82,0,0,8,8,8,10809.4
compiled,off,8,83,0,0,8,8,8,10812.3
compiled,off,8,84,0,0,8,8,8,10826.8
compiled,off,8,85,0,0,8,8,8,10832.1
compiled,off,8,86,0,0,8,8,8,10816.8
compiled,off,8,87,0,0,8,8,8,10826.6
compiled,off,8,88,0,0,8,8,8,10802.3
compiled,off,8,89,0,0,8,8,8,10823.5
compiled,off,8,90,0,0,8,8,8,10825.3
compiled,off,8,91,0,0,8,8,8,10814.7
compiled,off,8,92,0,0,8,8,8,10826.9
compiled,off,8,93,0,0,8,8,8,10808.0
compiled,off,8,94,0,0,8,8,8,10815.1
compiled,off,8,95,0,0,8,8,8,10822.7
compiled,off,8,96,0,0,8,8,8,10810.2
compiled,off,8,97,0,0,8,8,8,10823.0
compiled,off,8,98,0,0,8,8,8,10823.8
compiled,off,8,99,0,0,8,8,8,10807.6
compiled,off,8,100,0,0,8,8,8,10817.0
compiled,off,8,101,0,0,8,8,8,10819.9
compiled,off,8,102,0,0,8,8,8,10803.4
compiled,off,8,103,0,0,8,8,8,10819.2
compiled,off,8,104,0,0,8,8,8,10829.4
compiled,off,8,105,0,0,8,8,8,10819.8
compiled,off,8,106,0,0,8,8,8,10822.3
compiled,off,8,107,0,0,8,8,8,10812.9
compiled,off,8,108,0,0,8,8,8,10823.8
compiled,off,8,109,0,0,8,8,8,10829.1
compiled,off,8,110,0,0,8,8,8,10820.1
compiled,off,8,111,0,0,8,8,8,10831.1
compiled,off,8,112,0,0,8,8,8,10819.0
compiled,off,8,113,0,0,8,8,8,10814.4
compiled,off,8,114,0,0,8,8,8,10817.3
compiled,off,8,115,0,0,8,8,8,10829.2
compiled,off,8,116,0,0,8,8,8,10818.8
compiled,off,8,117,0,0,8,8,8,10828.5
compiled,off,8,118,0,0,8,8,8,10826.0
compiled,off,8,119,0,0,8,8,8,10815.9
compiled,off,8,120,0,0,8,8,8,10838.3
compiled,off,8,121,0,0,8,8,8,10833.4
compiled,off,8,122,0,0,8,8,8,10833.3
compiled,off,8,123,0,0,8,8,8,10832.2
compiled,off,8,124,0,0,8,8,8,10825.4
compiled,off,8,125,0,0,7,7,7,10746.6
compiled,off,8,126,0,0,1,1,1,9568.2
compiled,off,8,127,1,374,0,0,374,78287.3
compiled,off,8,128,6,2646,1,1,2647,178314.0
compiled,off,8,129,1,246,7,7,253,104438.8
compiled,off,8,130,0,0,8,8,8,13470.5
compiled,off,8,131,0,0,8,8,8,10809.1
compiled,off,8,132,0,0,8,8,8,10797.2
compiled,off,8,133,0,0,8,8,8,10799.8
compiled,off,8,134,0,0,8,8,8,10801.6
compiled,off,8,135,0,0,8,8,8,10796.6
compiled,off,8,136,0,0,8,8,8,10802.4
compiled,off,8,137,0,0,8,8,8,10814.5
compiled,off,8,138,0,0,8,8,8,10797.9
compiled,off,8,139,0,0,8,8,8,10811.4
compiled,off,8,140,0,0,8,8,8,10797.5
compiled,off,8,141,0,0,8,8,8,10799.3
compiled,off,8,142,0,0,8,8,8,10825.0
compiled,off,8,143,0,0,8,8,8,10819.8
compiled,off,8,144,0,0,8,8,8,10813.7
compiled,off,8,145,0,0,8,8,8,10821.1
compiled,off,8,146,0,0,8,8,8,10812.4
compiled,off,8,147,0,0,8,8,8,10801.4
compiled,off,8,148,0,0,8,8,8,10801.6
compiled,off,8,149,0,0,8,8,8,10819.2
compiled,off,8,150,0,0,8,8,8,10821.8
compiled,off,8,151,0,0,8,8,8,10808.6
compiled,off,8,152,0,0,8,8,8,10787.8
compiled,off,8,153,0,0,8,8,8,10799.3
compiled,off,8,154,0,0,8,8,8,10785.0
compiled,off,8,155,0,0,8,8,8,10804.8
compiled,off,8,156,0,0,8,8,8,10791.1
compiled,off,8,157,0,0,8,8,8,10798.0
compiled,off,8,158,0,0,8,8,8,10794.9
compiled,off,8,159,0,0,8,8,8,10791.6
compiled,off,8,160,0,0,8,8,8,10797.4
compiled,off,8,161,0,0,8,8,8,10790.5
compiled,off,8,162,0,0,8,8,8,10785.3
compiled,off,8,163,0,0,8,8,8,10779.5
compiled,off,8,164,0,0,8,8,8,10784.7
compiled,off,8,165,0,0,8,8,8,10782.9
compiled,off,8,166,0,0,8,8,8,10792.3
compiled,off,8,167,0,0,8,8,8,10780.4
compiled,off,8,168,0,0,8,8,8,10796.6
compiled,off,8,169,0,0,8,8,8,10790.4
compiled,off,8,170,0,0,8,8,8,10782.0
compiled,off,8,171,0,0,8,8,8,10784.7
compiled,off,8,172,0,0,8,8,8,10811.0
compiled,off,8,173,0,0,8,8,8,10794.0
compiled,off,8,174,0,0,8,8,8,10788.2
compiled,off,8,175,0,0,8,8,8,10815.0
compiled,off,8,176,0,0,8,8,8,10783.3
compiled,off,8,177,0,0,8,8,8,10776.6
compiled,off,8,178,0,0,8,8,8,10781.8
compiled,off,8,179,0,0,8,8,8,10798.1
compiled,off,8,180,0,0,8,8,8,10793.0
compiled,off,8,181,0,0,8,8,8,10787.7
compiled,off,8,182,0,0,8,8,8,10780.1
compiled,off,8,183,0,0,8,8,8,10792.4
compiled,off,8,184,0,0,8,8,8,10789.2
compiled,off,8,185,0,0,8,8,8,10809.5
compiled,off,8,186,0,0,8,8,8,10799.3
compiled,off,8,187,0,0,8,8,8,10798.0
compiled,off,8,188,0,0,8,8,8,10804.7
compiled,off,8,189,0,0,8,8,8,10778.9
compiled,off,8,190,0,0,8,8,8,10792.9
compiled,off,8,191,0,0,8,8,8,10796.8
compiled,off,8,192,0,0,8,8,8,10788.9
compiled,off,8,193,0,0,8,8,8,10801.0
compiled,off,8,194,0,0,8,8,8,10800.1
compiled,off,8,195,0,0,8,8,8,10796.3
compiled,off,8,196,0,0,8,8,8,10789.5
compiled,off,8,197,0,0,8,8,8,10791.0
compiled,off,8,198,0,0,8,8,8,10790.9
compiled,off,8,199,0,0,8,8,8,10789.1
compiled,off,8,200,0,0,8,8,8,10793.0
compiled,off,8,201,0,0,8,8,8,10790.1
compiled,off,8,202,0,0,8,8,8,10793.0
compiled,off,8,203,0,0,8,8,8,10794.6
compiled,off,8,204,0,0,8,8,8,10795.0
compiled,off,8,205,0,0,8,8,8,10800.2
compiled,off,8,206,0,0,8,8,8,10811.4
compiled,off,8,207,0,0,8,8,8,10797.2
compiled,off,8,208,0,0,8,8,8,10790.8
compiled,off,8,209,0,0,8,8,8,10791.3
compiled,off,8,210,0,0,8,8,8,10794.5
compiled,off,8,211,0,0,8,8,8,10801.0
compiled,off,8,212,0,0,8,8,8,10805.7
compiled,off,8,213,0,0,8,8,8,10790.4
compiled,off,8,214,0,0,8,8,8,10800.5
compiled,off,8,215,0,0,8,8,8,10802.5
compiled,off,8,216,0,0,8,8,8,10792.4
compiled,off,8,217,0,0,8,8,8,10808.4
compiled,off,8,218,0,0,8,8,8,10788.6
compiled,off,8,219,0,0,8,8,8,10801.8
compiled,off,8,220,0,0,8,8,8,10806.2
compiled,off,8,221,0,0,8,8,8,10789.1
compiled,off,8,222,0,0,8,8,8,10800.4
compiled,off,8,223,0,0,8,8,8,10793.5
compiled,off,8,224,0,0,8,8,8,10775.4
compiled,off,8,225,0,0,8,8,8,10804.3
compiled,off,8,226,0,0,8,8,8,10805.2
compiled,off,8,227,0,0,8,8,8,10782.7
compiled,off,8,228,0,0,8,8,8,10815.1
compiled,off,8,229,0,0,8,8,8,10805.7
compiled,off,8,230,0,0,8,8,8,10794.9
compiled,off,8,231,0,0,8,8,8,10803.8
compiled,off,8,232,0,0,8,8,8,10798.3
compiled,off,8,233,0,0,8,8,8,10804.4
compiled,off,8,234,0,0,8,8,8,10801.0
compiled,off,8,235,0,0,8,8,8,10794.2
compiled,off,8,236,0,0,8,8,8,10789.5
compiled,off,8,237,0,0,8,8,8,10798.9
compiled,off,8,238,0,0,8,8,8,10811.1
compiled,off,8,239,0,0,8,8,8,10792.3
compiled,off,8,240,0,0,8,8,8,10812.8
compiled,off,8,241,0,0,8,8,8,10809.3
compiled,off,8,242,0,0,8,8,8,10814.4
compiled,off,8,243,0,0,8,8,8,10801.9
compiled,off,8,244,0,0,8,8,8,10798.1
compiled,off,8,245,0,0,8,8,8,10806.2
compiled,off,8,246,0,0,8,8,8,10808.5
compiled,off,8,247,0,0,8,8,8,10799.9
compiled,off,8,248,0,0,8,8,8,10786.1
compiled,off,8,249,0,0,8,8,8,10805.0
compiled,off,8,250,0,0,8,8,8,10796.4
compiled,off,8,251,0,0,8,8,8,10798.7
compiled,off,8,252,0,0,8,8,8,10806.1
compiled,off,8,253,0,0,8,8,8,10802.8
compiled,off,8,254,0,0,8,8,8,10801.4
compiled,off,8,255,0,0,7,7,7,10721.0
compiled,off,8,256,0,0,1,1,1,9567.3
compiled,off,8,257,1,259,0,0,259,76880.7
compiled,off,8,258,6,7111,1,1,7112,385132.9
compiled,off,8,259,1,2428,7,7,2435,145991.7
compiled,off,8,260,0,0,8,8,8,11567.6
compiled,off,8,261,0,0,8,8,8,11574.9
compiled,off,8,262,0,0,8,8,8,11314.4
compiled,off,8,263,0,0,8,8,8,11064.4
compiled,off,8,264,0,0,8,8,8,11045.7
compiled,off,8,265,0,0,8,8,8,10956.0
compiled,off,8,266,0,0,8,8,8,10962.6
compiled,off,8,267,0,0,8,8,8,10972.1
compiled,off,8,268,0,0,8,8,8,10955.2
compiled,off,8,269,0,0,8,8,8,10917.0
compiled,off,8,270,0,0,8,8,8,10922.4
compiled,off,8,271,0,0,8,8,8,10918.1
compiled,off,8,272,0,0,8,8,8,10891.7
compiled,off,8,273,0,0,8,8,8,10918.2
compiled,off,8,274,0,0,8,8,8,10908.7
compiled,off,8,275,0,0,8,8,8,10900.3
compiled,off,8,276,0,0,8,8,8,10922.3
compiled,off,8,277,0,0,8,8,8,10921.9
compiled,off,8,278,0,0,8,8,8,10921.1
compiled,off,8,279,0,0,8,8,8,10926.4
compiled,off,8,280,0,0,8,8,8,10905.2
compiled,off,8,281,0,0,8,8,8,10911.1
compiled,off,8,282,0,0,8,8,8,10919.7
compiled,off,8,283,0,0,8,8,8,10926.9
compiled,off,8,284,0,0,8,8,8,10925.1
compiled,off,8,285,0,0,8,8,8,10922.1
compiled,off,8,286,0,0,8,8,8,10930.4
compiled,off,8,287,0,0,8,8,8,10913.3
compiled,off,8,288,0,0,8,8,8,10917.9
compiled,off,8,289,0,0,8,8,8,10916.0
compiled,off,8,290,0,0,8,8,8,10909.3
compiled,off,8,291,0,0,8,8,8,10913.4
compiled,off,8,292,0,0,8,8,8,10912.8
compiled,off,8,293,0,0,8,8,8,10902.2
compiled,off,8,294,0,0,8,8,8,10909.8
compiled,off,8,295,0,0,8,8,8,10907.6
compiled,off,8,296,0,0,8,8,8,10897.0
compiled,off,8,297,0,0,8,8,8,10905.2
compiled,off,8,298,0,0,8,8,8,10905.0
compiled,off,8,299,0,0,8,8,8,10908.2
compiled,off,8,300,0,0,8,8,8,10897.7
compiled,off,8,301,0,0,8,8,8,10891.3
compiled,off,8,302,0,0,8,8,8,10902.6
compiled,off,8,303,0,0,8,8,8,10899.0
compiled,off,8,304,0,0,8,8,8,10889.4
compiled,off,8,305,0,0,8,8,8,10894.7
compiled,off,8,306,0,0,8,8,8,10896.5
compiled,off,8,307,0,0,8,8,8,10899.4
compiled,off,8,308,0,0,8,8,8,10895.7
compiled,off,8,309,0,0,8,8,8,10895.9
compiled,off,8,310,0,0,8,8,8,10898.0
compiled,off,8,311,0,0,8,8,8,10905.9
compiled,off,8,312,0,0,8,8,8,10906.1
compiled,off,8,313,0,0,8,8,8,10901.2
compiled,off,8,314,0,0,8,8,8,10899.5
compiled,off,8,315,0,0,8,8,8,10899.3
compiled,off,8,316,0,0,8,8,8,10892.7
compiled,off,8,317,0,0,8,8,8,10916.2
compiled,off,8,318,0,0,8,8,8,10891.9
compiled,off,8,319,0,0,8,8,8,10898.9
compiled,off,8,320,0,0,8,8,8,10901.9
compiled,off,8,321,0,0,8,8,8,10903.5
compiled,off,8,322,0,0,8,8,8,10894.8
compiled,off,8,323,0,0,8,8,8,10908.3
compiled,off,8,324,0,0,8,8,8,10894.9
compiled,off,8,325,0,0,8,8,8,10913.9
compiled,off,8,326,0,0,8,8,8,10890.8
compiled,off,8,327,0,0,8,8,8,10903.2
compiled,off,8,328,0,0,8,8,8,10906.9
compiled,off,8,329,0,0,8,8,8,10900.9
compiled,off,8,330,0,0,8,8,8,10897.4
compiled,off,8,331,0,0,8,8,8,10896.5
compiled,off,8,332,0,0,8,8,8,10913.5
compiled,off,8,333,0,0,8,8,8,10893.9
compiled,off,8,334,0,0,8,8,8,10898.6
compiled,off,8,335,0,0,8,8,8,10898.5
compiled,off,8,336,0,0,8,8,8,10892.2
compiled,off,8,337,0,0,8,8,8,10914.3
compiled,off,8,338,0,0,8,8,8,10913.9
compiled,off,8,339,0,0,8,8,8,10906.3
compiled,off,8,340,0,0,8,8,8,10902.5
compiled,off,8,341,0,0,8,8,8,10900.3
compiled,off,8,342,0,0,8,8,8,10893.0
compiled,off,8,343,0,0,8,8,8,10899.3
compiled,off,8,344,0,0,8,8,8,10902.0
compiled,off,8,345,0,0,8,8,8,10908.4
compiled,off,8,346,0,0,8,8,8,10909.3
compiled,off,8,347,0,0,8,8,8,10899.3
compiled,off,8,348,0,0,8,8,8,10918.7
compiled,off,8,349,0,0,8,8,8,10911.3
compiled,off,8,350,0,0,8,8,8,10899.9
compiled,off,8,351,0,0,8,8,8,10898.6
compiled,off,8,352,0,0,8,8,8,10911.1
compiled,off,8,353,0,0,8,8,8,10916.5
compiled,off,8,354,0,0,8,8,8,10901.4
compiled,off,8,355,0,0,8,8,8,10914.5
compiled,off,8,356,0,0,8,8,8,10906.5
compiled,off,8,357,0,0,8,8,8,10913.1
compiled,off,8,358,0,0,8,8,8,10905.9
compiled,off,8,359,0,0,8,8,8,10917.1
compiled,off,8,360,0,0,8,8,8,10913.1
compiled,off,8,361,0,0,8,8,8,10895.5
compiled,off,8,362,0,0,8,8,8,10893.2
compiled,off,8,363,0,0,8,8,8,10893.6
compiled,off,8,364,0,0,8,8,8,10893.7
compiled,off,8,365,0,0,8,8,8,10910.3
compiled,off,8,366,0,0,8,8,8,10905.6
compiled,off,8,367,0,0,8,8,8,10900.8
compiled,off,8,368,0,0,8,8,8,10899.7
compiled,off,8,369,0,0,8,8,8,10911.2
compiled,off,8,370,0,0,8,8,8,10905.3
compiled,off,8,371,0,0,8,8,8,10917.1
compiled,off,8,372,0,0,8,8,8,10896.4
compiled,off,8,373,0,0,8,8,8,10911.1
compiled,off,8,374,0,0,8,8,8,10908.5
compiled,off,8,375,0,0,8,8,8,10915.9
compiled,off,8,376,0,0,8,8,8,10905.5
compiled,off,8,377,0,0,8,8,8,10907.5
compiled,off,8,378,0,0,8,8,8,10896.2
compiled,off,8,379,0,0,8,8,8,10903.4
compiled,off,8,380,0,0,8,8,8,10907.2
compiled,off,8,381,0,0,8,8,8,10921.4
compiled,off,8,382,0,0,8,8,8,10915.8
compiled,off,8,383,0,0,8,8,8,10897.9
compiled,off,8,384,0,0,8,8,8,10919.1
compiled,off,8,385,0,0,7,7,7,10832.0
compiled,off,8,386,0,0,1,1,1,9628.2
compiled,off,8,387,1,4299,0,0,4299,241486.1
compiled,off,8,388,6,3805,1,1,3806,205321.2
compiled,off,8,389,1,676,7,7,683,98484.5
compiled,off,8,390,0,0,8,8,8,13687.3
compiled,off,8,391,0,0,8,8,8,10996.1
compiled,off,8,392,0,0,8,8,8,10986.1
compiled,off,8,393,0,0,8,8,8,10914.6
compiled,off,8,394,0,0,8,8,8,10894.4
compiled,off,8,395,0,0,8,8,8,10893.2
compiled,off,8,396,0,0,8,8,8,10899.1
compiled,off,8,397,0,0,8,8,8,10892.1
compiled,off,32,0,5,8174,18,18,8192,443288.2
compiled,off,32,1,10,8170,22,22,8192,432334.2
compiled,off,32,2,1,41,31,31,72,26248.5
compiled,off,32,3,0,0,32,32,32,18904.5
compiled,off,32,4,0,0,32,32,32,16019.7
compiled,off,32,5,0,0,32,32,32,14621.5
compiled,off,32,6,0,0,32,32,32,14118.5
compiled,off,32,7,0,0,32,32,32,14064.4
compiled,off,32,8,0,0,32,32,32,14125.4
compiled,off,32,9,0,0,32,32,32,14104.1
compiled,off,32,10,0,0,32,32,32,14010.6
compiled,off,32,11,0,0,32,32,32,13902.4
compiled,off,32,12,0,0,32,32,32,13903.0
compiled,off,32,13,0,0,32,32,32,13894.1
compiled,off,32,14,0,0,32,32,32,13909.4
compiled,off,32,15,0,0,32,32,32,13907.1
compiled,off,32,16,0,0,32,32,32,13909.4
compiled,off,32,17,0,0,32,32,32,13919.9
compiled,off,32,18,0,0,32,32,32,13918.0
compiled,off,32,19,0,0,32,32,32,13917.7
compiled,off,32,20,0,0,32,32,32,13938.6
compiled,off,32,21,0,0,32,32,32,13941.0
compiled,off,32,22,0,0,32,32,32,13920.9
compiled,off,32,23,0,0,32,32,32,13930.0
compiled,off,32,24,0,0,32,32,32,13912.2
compiled,off,32,25,0,0,32,32,32,13914.8
compiled,off,32,26,0,0,32,32,32,13926.9
compiled,off,32,27,0,0,32,32,32,13918.0
compiled,off,32,28,0,0,32,32,32,13914.6
compiled,off,32,29,0,0,32,32,32,13897.8
compiled,off,32,30,0,0,32,32,32,13907.8
compiled,off,32,31,0,0,32,32,32,13901.0
compiled,off,32,32,0,0,32,32,32,13901.1
compiled,off,32,33,0,0,32,32,32,13878.0
compiled,off,32,34,0,0,32,32,32,13909.4
compiled,off,32,35,0,0,32,32,32,13901.2
compiled,off,32,36,0,0,32,32,32,13899.7
compiled,off,32,37,0,0,32,32,32,13916.2
compiled,off,32,38,0,0,32,32,32,13907.9
compiled,off,32,39,0,0,32,32,32,13895.4
compiled,off,32,40,0,0,32,32,32,13909.0
compiled,off,32,41,0,0,32,32,32,13925.7
compiled,off,32,42,0,0,32,32,32,13908.8
compiled,off,32,43,0,0,32,32,32,13912.7
compiled,off,32,44,0,0,32,32,32,13915.5
compiled,off,32,45,0,0,32,32,32,13905.4
compiled,off,32,46,0,0,32,32,32,13911.5
compiled,off,32,47,0,0,32,32,32,13899.3
compiled,off,32,48,0,0,32,32,32,13929.1
compiled,off,32,49,0,0,32,32,32,13911.9
compiled,off,32,50,0,0,32,32,32,13926.5
compiled,off,32,51,0,0,32,32,32,13907.5
compiled,off,32,52,0,0,32,32,32,13902.8
compiled,off,32,53,0,0,32,32,32,13904.0
compiled,off,32,54,0,0,32,32,32,13898.1
compiled,off,32,55,0,0,32,32,32,13911.7
compiled,off,32,56,0,0,32,32,32,13901.7
compiled,off,32,57,0,0,32,32,32,13928.3
compiled,off,32,58,0,0,32,32,32,13889.2
compiled,off,32,59,0,0,32,32,32,13891.6
compiled,off,32,60,0,0,32,32,32,13927.9
compiled,off,32,61,0,0,32,32,32,13908.5
compiled,off,32,62,0,0,32,32,32,13915.4
compiled,off,32,63,0,0,32,32,32,13905.8
compiled,off,32,64,0,0,32,32,32,13919.0
compiled,off,32,65,0,0,32,32,32,13900.9
compiled,off,32,66,0,0,32,32,32,13925.8
compiled,off,32,67,0,0,32,32,32,13923.0
compiled,off,32,68,0,0,32,32,32,13898.5
compiled,off,32,69,0,0,32,32,32,13921.4
compiled,off,32,70,0,0,32,32,32,13925.0
compiled,off,32,71,0,0,32,32,32,13917.7
compiled,off,32,72,0,0,32,32,32,13906.6
compiled,off,32,73,0,0,32,32,32,13929.2
compiled,off,32,74,0,0,32,32,32,13909.6
compiled,off,32,75,0,0,32,32,32,13911.7
compiled,off,32,76,0,0,32,32,32,13929.8
compiled,off,32,77,0,0,32,32,32,13938.8
compiled,off,32,78,0,0,32,32,32,13935.8
compiled,off,32,79,0,0,32,32,32,13948.7
compiled,off,32,80,0,0,32,32,32,13928.9
compiled,off,32,81,0,0,32,32,32,13928.6
compiled,off,32,82,0,0,32,32,32,13939.0
compiled,off,32,83,0,0,32,32,32,13920.6
compiled,off,32,84,0,0,32,32,32,13924.0
compiled,off,32,85,0,0,32,32,32,13921.0
compiled,off,32,86,0,0,32,32,32,13938.9
compiled,off,32,87,0,0,32,32,32,13924.7
compiled,off,32,88,0,0,32,32,32,13924.3
compiled,off,32,89,0,0,32,32,32,13939.6
compiled,off,32,90,0,0,32,32,32,13915.0
compiled,off,32,91,0,0,32,32,32,13931.3
compiled,off,32,92,0,0,32,32,32,13934.2
compiled,off,32,93,0,0,32,32,32,13949.3
compiled,off,32,94,0,0,32,32,32,13938.5
compiled,off,32,95,0,0,32,32,32,13935.5
compiled,off,32,96,0,0,32,32,32,13928.1
compiled,off,32,97,0,0,32,32,32,13933.7
compiled,off,32,98,0,0,32,32,32,13950.6
compiled,off,32,99,0,0,32,32,32,13942.8
compiled,off,32,100,0,0,32,32,32,13940.5
compiled,off,32,101,0,0,32,32,32,13947.9
compiled,off,32,102,0,0,32,32,32,13946.5
compiled,off,32,103,0,0,32,32,32,13965.1
compiled,off,32,104,0,0,32,32,32,13948.0
compiled,off,32,105,0,0,32,32,32,13956.8
compiled,off,32,106,0,0,32,32,32,13967.6
compiled,off,32,107,0,0,32,32,32,13943.2
compiled,off,32,108,0,0,32,32,32,13948.0
compiled,off,32,109,0,0,32,32,32,13947.1
compiled,off,32,110,0,0,32,32,32,13961.2
compiled,off,32,111,0,0,32,32,32,13930.5
compiled,off,32,112,0,0,32,32,32,13974.6
compiled,off,32,113,0,0,32,32,32,13954.0
compiled,off,32,114,0,0,32,32,32,13954.1
compiled,off,32,115,0,0,32,32,32,13954.5
compiled,off,32,116,0,0,32,32,32,13946.0
compiled,off,32,117,0,0,32,32,32,13957.2
compiled,off,32,118,0,0,32,32,32,13983.4
compiled,off,32,119,0,0,32,32,32,13960.2
compiled,off,32,120,0,0,32,32,32,13956.7
compiled,off,32,121,0,0,32,32,32,13978.7
compiled,off,32,122,0,0,32,32,32,13953.1
compiled,off,32,123,0,0,32,32,32,13951.1
compiled,off,32,124,0,0,31,31,31,13918.2
compiled,off,32,125,0,0,26,26,26,13555.4
compiled,off,32,126,1,803,23,23,826,166866.8
compiled,off,32,127,5,4436,15,15,4451,251730.3
compiled,off,32,128,3,2744,16,16,2760,158478.1
compiled,off,32,129,7,8182,10,10,8192,431885.0
compiled,off,32,130,7,7946,15,15,7961,455876.2
compiled,off,128,0,8,8094,98,98,8192,445825.6
compiled,off,128,1,8,8087,105,105,8192,448799.0
compiled,off,128,2,12,8080,112,112,8192,458194.7
compiled,off,128,3,5,2560,123,123,2683,170083.5
compiled,off,128,4,0,0,128,128,128,25409.3
compiled,off,128,5,0,0,128,128,128,24791.1
compiled,off,128,6,0,0,128,128,128,24477.2
compiled,off,128,7,0,0,128,128,128,24272.1
compiled,off,128,8,0,0,128,128,128,24154.1
compiled,off,128,9,0,0,128,128,128,24117.7
compiled,off,128,10,0,0,128,128,128,24114.7
compiled,off,128,11,0,0,128,128,128,24094.7
compiled,off,128,12,0,0,128,128,128,24120.2
compiled,off,128,13,0,0,128,128,128,24345.9
compiled,off,128,14,0,0,128,128,128,24623.3
compiled,off,128,15,0,0,128,128,128,25442.8
compiled,off,128,16,0,0,128,128,128,25531.0
compiled,off,128,17,0,0,128,128,128,25454.5
compiled,off,128,18,0,0,128,128,128,25382.2
compiled,off,128,19,0,0,128,128,128,25322.2
compiled,off,128,20,0,0,128,128,128,25321.1
compiled,off,128,21,0,0,128,128,128,25333.3
compiled,off,128,22,0,0,128,128,128,25218.0
compiled,off,128,23,0,0,128,128,128,25081.3
compiled,off,128,24,0,0,128,128,128,24972.1
compiled,off,128,25,0,0,128,128,128,24875.5
compiled,off,128,26,0,0,128,128,128,24792.0
compiled,off,128,27,0,0,128,128,128,24820.4
compiled,off,128,28,0,0,128,128,128,24788.0
compiled,off,128,29,0,0,128,128,128,24810.8
compiled,off,128,30,0,0,128,128,128,24675.5
compiled,off,128,31,0,0,128,128,128,24677.9
compiled,off,128,32,0,0,128,128,128,24753.2
compiled,off,128,33,0,0,128,128,128,24686.1
compiled,off,128,34,0,0,128,128,128,24675.5
compiled,off,128,35,0,0,128,128,128,24671.3
compiled,off,128,36,0,0,128,128,128,24796.3
compiled,off,128,37,0,0,128,128,128,24823.7
compiled,off,128,38,0,0,128,128,128,24836.1
compiled,off,128,39,0,0,128,128,128,24799.8
compiled,off,128,40,0,0,128,128,128,24817.5
compiled,off,128,41,0,0,128,128,128,24755.2
compiled,off,128,42,0,0,128,128,128,24695.4
compiled,off,128,43,0,0,128,128,128,24714.3
compiled,off,128,44,0,0,128,128,128,24691.6
compiled,off,128,45,0,0,128,128,128,24694.8
compiled,off,128,46,0,0,128,128,128,24657.3
compiled,off,128,47,0,0,128,128,128,24622.0
compiled,off,128,48,0,0,128,128,128,24628.9
compiled,off,128,49,0,0,128,128,128,24697.0
compiled,off,128,50,0,0,128,128,128,24808.6
compiled,off,128,51,0,0,128,128,128,24881.6
compiled,off,128,52,0,0,128,128,128,24917.5
compiled,off,128,53,0,0,128,128,128,24976.2
compiled,off,128,54,0,0,128,128,128,25175.0
compiled,off,128,55,0,0,128,128,128,25261.6
compiled,off,128,56,0,0,128,128,128,25306.0
compiled,off,128,57,0,0,128,128,128,25228.6
compiled,off,128,58,0,0,128,128,128,25116.6
compiled,off,128,59,0,0,128,128,128,25161.0
compiled,off,128,60,0,0,128,128,128,25076.0
compiled,off,128,61,0,0,128,128,128,25010.0
compiled,off,128,62,0,0,128,128,128,24966.6
compiled,off,128,63,0,0,128,128,128,25000.6
compiled,off,128,64,0,0,128,128,128,25041.9
compiled,off,128,65,0,0,128,128,128,24966.6
compiled,off,128,66,0,0,128,128,128,24929.3
compiled,off,128,67,0,0,128,128,128,24950.7
compiled,off,128,68,0,0,128,128,128,24910.6
compiled,off,128,69,0,0,128,128,128,24834.6
compiled,off,128,70,0,0,128,128,128,24840.5
compiled,off,128,71,0,0,128,128,128,24877.2
compiled,off,128,72,0,0,128,128,128,24784.5
compiled,off,128,73,0,0,128,128,128,24897.8
compiled,off,128,74,0,0,128,128,128,24797.0
compiled,off,128,75,0,0,128,128,128,24885.2
compiled,off,128,76,0,0,128,128,128,24881.8
compiled,off,128,77,0,0,128,128,128,24929.1
compiled,off,128,78,0,0,128,128,128,24900.7
compiled,off,128,79,0,0,128,128,128,24868.0
compiled,off,128,80,0,0,128,128,128,24937.8
compiled,off,128,81,0,0,128,128,128,24906.8
compiled,off,128,82,0,0,128,128,128,24870.3
compiled,off,128,83,0,0,128,128,128,24772.4
compiled,off,128,84,0,0,128,128,128,24764.8
compiled,off,128,85,0,0,128,128,128,24730.0
compiled,off,128,86,0,0,128,128,128,24764.2
compiled,off,128,87,0,0,128,128,128,24882.1
compiled,off,128,88,0,0,128,128,128,24869.7
compiled,off,128,89,0,0,128,128,128,25037.5
compiled,off,128,90,0,0,128,128,128,25026.0
compiled,off,128,91,0,0,128,128,128,25010.3
compiled,off,128,92,0,0,128,128,128,24942.8
compiled,off,128,93,0,0,128,128,128,25161.5
compiled,off,128,94,0,0,128,128,128,25142.5
compiled,off,128,95,0,0,128,128,128,25183.7
compiled,off,128,96,0,0,128,128,128,25243.4
compiled,off,128,97,0,0,128,128,128,25137.6
compiled,off,128,98,0,0,128,128,128,25099.6
